# 
# Header Description:
# 
# Version: v3.0.6.1 Platform: 10 Manufacturer: Xiaomi Model: MI 8 Pro
# 
# Raw,utcTimeMillis,TimeNanos,LeapSecond,TimeUncertaintyNanos,FullBiasNanos,BiasNanos,BiasUncertaintyNanos,DriftNanosPerSecond,DriftUncertaintyNanosPerSecond,HardwareClockDiscontinuityCount,Svid,TimeOffsetNanos,State,ReceivedSvTimeNanos,ReceivedSvTimeUncertaintyNanos,Cn0DbHz,PseudorangeRateMetersPerSecond,PseudorangeRateUncertaintyMetersPerSecond,AccumulatedDeltaRangeState,AccumulatedDeltaRangeMeters,AccumulatedDeltaRangeUncertaintyMeters,CarrierFrequencyHz,CarrierCycles,CarrierPhase,CarrierPhaseUncertainty,MultipathIndicator,SnrInDb,ConstellationType,AgcDb,BasebandCn0DbHz,FullInterSignalBiasNanos,FullInterSignalBiasUncertaintyNanos,SatelliteInterSignalBiasNanos,SatelliteInterSignalBiasUncertaintyNanos,CodeType,ChipsetElapsedRealtimeNanos
# 
# UncalAccel,utcTimeMillis,elapsedRealtimeNanos,UncalAccelXMps2,UncalAccelYMps2,UncalAccelZMps2,BiasXMps2,BiasYMps2,BiasZMps2
# 
# Accel,utcTimeMillis,elapsedRealtimeNanos,AccelXMps2,AccelYMps2,AccelZMps2
# 
# UncalGyro,utcTimeMillis,elapsedRealtimeNanos,UncalGyroXRadPerSec,UncalGyroYRadPerSec,UncalGyroZRadPerSec,DriftXRadPerSec,DriftYRadPerSec,DriftZRadPerSec
# 
# Gyro,utcTimeMillis,elapsedRealtimeNanos,GyroXRadPerSec,GyroYRadPerSec,GyroZRadPerSec
# 
# UncalMag,utcTimeMillis,elapsedRealtimeNanos,UncalMagXMicroT,UncalMagYMicroT,UncalMagZMicroT,BiasXMicroT,BiasYMicroT,BiasZMicroT
# 
# Mag,utcTimeMillis,elapsedRealtimeNanos,MagXMicroT,MagYMicroT,MagZMicroT
# 
# OrientationDeg,utcTimeMillis,elapsedRealtimeNanos,yawDeg,rollDeg,pitchDeg
# 
# Fix,Provider,LatitudeDegrees,LongitudeDegrees,AltitudeMeters,SpeedMps,AccuracyMeters,BearingDegrees,UnixTimeMillis,SpeedAccuracyMps,BearingAccuracyDegrees,elapsedRealtimeNanos,VerticalAccuracyMeters
# 
# Nav,Svid,Type,Status,MessageId,Sub-messageId,Data(Bytes)
# 
# Status,UnixTimeMillis,SignalCount,SignalIndex,ConstellationType,Svid,CarrierFrequencyHz,Cn0DbHz,AzimuthDegrees,ElevationDegrees,UsedInFix,HasAlmanacData,HasEphemerisData,BasebandCn0DbHz
# 
Raw,1697799099999,95306000000,,,-1381834222693916622,0.0,9.60861861480548,,,0,3,0.0,16392,471117914548602,1000000000,15.7017822265625,-327.86174596158776,299792458,18,-9.137902899071182,340282346638528860000000000000000000000,1575420030,,,,0,,1,52.81098556518555,,,,,,C,
Raw,1697799099999,95306000000,,,-1381834222693916622,0.0,9.60861861480548,,,0,4,0.0,47,471117923270771,30,28.873323440551758,-443.97406346745265,0.006168126128613949,17,-42039.02560070871,0.0030840630643069744,1575420030,,,,0,,1,52.81098556518555,,,,,,C,
Raw,1697799099999,95306000000,,,-1381834222693916622,0.0,9.60861861480548,,,0,5,0.0,16392,471117915885257,1000000000,15.39921760559082,-1660.2876065187938,299792458,18,-1412.6204165060944,340282346638528860000000000000000000000,1575420030,,,,0,,1,52.81098556518555,,,,,,C,
Raw,1697799099999,95306000000,,,-1381834222693916622,0.0,9.60861861480548,,,0,6,0.0,47,471117928448965,13,38.834739685058594,-569.075117202512,0.0020780633203685284,17,-54204.596042096324,0.0010390316601842642,1575420030,,,,0,,1,52.81098556518555,,,,,,C,
Raw,1697799099999,95306000000,,,-1381834222693916622,0.0,9.60861861480548,,,0,7,0.0,47,471117929275953,15,36.78330993652344,-1246.9948539148172,0.0026316628791391845,17,-118348.04156256103,0.0013158314395695925,1575420030,,,,0,,1,52.81098556518555,,,,,,C,
Raw,1697799099999,95306000000,,,-1381834222693916622,0.0,9.60861861480548,,,0,9,0.0,47,471117930396840,39,25.39485740661621,-676.4456936539573,0.8085431086379731,20,-64272.53774043606,340282346638528860000000000000000000000,1575420030,,,,1,,1,52.81098556518555,,,,,,C,
Raw,1697799099999,95306000000,,,-1381834222693916622,0.0,9.60861861480548,,,0,11,0.0,47,471117927823419,24,31.253761291503906,-1062.2060580178077,0.004689551889896393,17,-100990.8612894632,0.0023447759449481964,1575420030,,,,0,,1,52.81098556518555,,,,,,C,
Raw,1697799099999,95306000000,,,-1381834222693916622,0.0,9.60861861480548,,,0,16,0.0,47,471117918678057,27,30.055234909057617,-974.1675565314363,0.005383413750678301,17,-91839.82967479818,0.0026917068753391504,1575420030,,,,0,,1,52.81098556518555,,,,,,C,
Raw,1697799099999,95306000000,,,-1381834222693916622,0.0,9.60861861480548,,,0,20,0.0,47,471117925807609,73,17.778362274169922,-1527.9597424724607,1.1502228639421483,20,-144786.97731701043,340282346638528860000000000000000000000,1575420030,,,,1,,1,52.81098556518555,,,,,,C,
Raw,1697799099999,95306000000,,,-1381834222693916622,0.0,9.60861861480548,,,0,26,0.0,16392,471117915038641,1000000000,12.966798782348633,-612.8299024102621,299792458,20,-39183.32729301039,340282346638528860000000000000000000000,1575420030,,,,0,,1,52.81098556518555,,,,,,C,
Raw,1697799099999,95306000000,,,-1381834222693916622,0.0,9.60861861480548,,,0,29,0.0,16392,471117913952906,1000000000,7.0,-1100.9174686277338,299792458,18,-29.620367506574937,340282346638528860000000000000000000000,1575420030,,,,0,,1,52.81098556518555,,,,,,C,
Raw,1697799099999,95306000000,,,-1381834222693916622,0.0,9.60861861480548,,,0,30,0.0,47,471117924466510,12,42.069313049316406,-1573.9851798480665,0.0015094159170985222,17,-149188.61760067305,0.0007547079585492611,1575420030,,,,0,,1,52.81098556518555,,,,,,C,
Raw,1697799099999,95306000000,,,-1381834222693916622,0.0,9.60861861480548,,,0,6,0.0,81929,471117928448923,8,36.16755294799805,-569.089346490422,0.003783040214329958,17,-123337.08465510423,0.001891520107164979,1176450050,,,,0,,1,8.884800910949707,,,,,,Q,
Raw,1697799099999,95306000000,,,-1381834222693916622,0.0,9.60861861480548,,,0,9,0.0,81929,471117930396776,18,25.97283935546875,-676.2562217502855,0.011534543707966803,17,-134434.3785520199,0.005767271853983402,1176450050,,,,0,,1,8.884800910949707,,,,,,Q,
Raw,1697799099999,95306000000,,,-1381834222693916622,0.0,9.60861861480548,,,0,26,0.0,16392,471117915038466,1000000000,10.37791633605957,-614.0703674978663,299792458,20,-538964.4737997078,340282346638528860000000000000000000000,1176450050,,,,0,,1,8.884800910949707,,,,,,Q,
Raw,1697799099999,95306000000,,,-1381834222693916622,0.0,9.60861861480548,,,0,30,0.0,81929,471117924466496,8,40.25349426269531,-1573.9746768644545,0.002363435691222548,17,-336757.7427805929,0.0011817178456112742,1176450050,,,,0,,1,8.884800910949707,,,,,,Q,
Raw,1697799099999,95306000000,,,-1381834222693916622,0.0,9.60861861480548,,,0,10,0.0,227,49899926326181,41,33.56023406982422,-1739.2499437055376,0.003759989980608225,17,-169895.52703889154,0.0018799949903041124,1598062460,,,,0,,3,61.44657516479492,,,,,,C,
Raw,1697799099999,95306000000,,,-1381834222693916622,0.0,9.60861861480548,,,0,6,0.0,16456,1922765605,1000000000,13.500993728637695,-416.16979980166775,299792458,20,-33068.68635547128,340282346638528860000000000000000000000,1599750020,,,,1,,3,61.44657516479492,,,,,,C,
Raw,1697799099999,95306000000,,,-1381834222693916622,0.0,9.60861861480548,,,0,22,0.0,227,49899924280403,51,30.89027976989746,-199.87343975656768,0.004813900217413902,17,-19525.713184311793,0.002406950108706951,1600312450,,,,0,,3,61.44657516479492,,,,,,C,
Raw,1697799099999,95306000000,,,-1381834222693916622,0.0,9.60861861480548,,,0,9,0.0,227,49899931031114,48,31.706279754638672,-1224.2277449971007,0.004380708560347557,17,-120052.21496658007,0.0021903542801737785,1600875010,,,,0,,3,61.44657516479492,,,,,,C,
Raw,1697799099999,95306000000,,,-1381834222693916622,0.0,9.60861861480548,,,0,16,0.0,227,49899924879071,54,30.121049880981445,-496.4589888532355,0.0052559757605195045,17,-48157.42829976828,0.0026279878802597523,1601437440,,,,0,,3,61.44657516479492,,,,,,C,
Raw,1697799099999,95306000000,,,-1381834222693916622,0.0,9.60861861480548,,,0,101,0.0,16392,49899918531914,1000000000,7.0,-1586.8127830767453,299792458,18,-56.9220398666928,340282346638528860000000000000000000000,1602562560,,,,0,,3,61.44657516479492,,,,,,C,
Raw,1697799099999,95306000000,,,-1381834222693916622,0.0,9.60861861480548,,,0,24,0.0,227,49899924229500,62,28.481740951538086,-1418.578422954277,0.006341053172945976,17,-138503.83462533102,0.003170526586472988,1603124990,,,,0,,3,61.44657516479492,,,,,,C,
Raw,1697799099999,95306000000,,,-1381834222693916622,0.0,9.60861861480548,,,0,23,0.0,227,49899929898879,100,22.520977020263672,-714.9021563170791,0.9376886591037765,20,-67119.0202640257,340282346638528860000000000000000000000,1603687550,,,,0,,3,61.44657516479492,,,,,,C,
Raw,1697799099999,95306000000,,,-1381834222693916622,0.0,9.60861861480548,,,0,7,0.0,227,49899933343431,119,20.44635009765625,-780.2874405385255,1.031601869542912,20,-73704.7029041762,340282346638528860000000000000000000000,1604812540,,,,0,,3,61.44657516479492,,,,,,C,
Raw,1697799099999,95306000000,,,-1381834222693916622,0.0,9.60861861480548,,,0,8,0.0,227,49899931844778,62,28.51622200012207,-1304.2145396183914,0.006307078991085292,17,-122253.1597280103,0.0031535394955426455,1605374980,,,,0,,3,61.44657516479492,,,,,,C,
Raw,1697799099999,95306000000,,,-1381834222693916622,0.0,9.60861861480548,,,0,5,0.0,809,471103867634251,19,34.28043746948242,-974.1023055941391,0.40739236237895216,20,-90284.4587276811,340282346638528860000000000000000000000,1561097980,,,,0,,5,61.87746810913086,,,,,,C,
Raw,1697799099999,95306000000,,,-1381834222693916622,0.0,9.60861861480548,,,0,9,0.0,16393,471103867266971,27,21.366004943847656,-816.2936472373094,0.9891530353186244,20,474433.2523036457,340282346638528860000000000000000000000,1561097980,,,,1,,5,61.87746810913086,,,,,,C,
Raw,1697799099999,95306000000,,,-1381834222693916622,0.0,9.60861861480548,,,0,19,0.0,65583,471103926089389,9,34.498836517333984,-1134.4599158460624,0.003454777179285884,17,-144973.29285790288,0.001727388589642942,1561097980,,,,0,,5,61.87746810913086,,,,,,C,
Raw,1697799099999,95306000000,,,-1381834222693916622,0.0,9.60861861480548,,,0,20,0.0,65583,471103924122002,13,30.379085540771484,-666.0538759422925,0.005233971402049065,17,-63723.41561402599,0.0026169857010245323,1561097980,,,,0,,5,61.87746810913086,,,,,,C,
Raw,1697799099999,95306000000,,,-1381834222693916622,0.0,9.60861861480548,,,0,22,0.0,12,471103916011703,1000000000,17.79818344116211,-1484.9843550638925,299792458,20,-189474.1764588995,340282346638528860000000000000000000000,1561097980,,,,0,,5,61.87746810913086,,,,,,C,
Raw,1697799099999,95306000000,,,-1381834222693916622,0.0,9.60861861480548,,,0,23,0.0,16392,471103908344235,1000000000,7.0,-438.03567244352894,299792458,20,-27613.547258616378,340282346638528860000000000000000000000,1561097980,,,,1,,5,61.87746810913086,,,,,,C,
Raw,1697799099999,95306000000,,,-1381834222693916622,0.0,9.60861861480548,,,0,29,0.0,16392,471103910993498,1000000000,7.0,-393.44637847123613,299792458,18,-8.528784999215771,340282346638528860000000000000000000000,1561097980,,,,0,,5,61.87746810913086,,,,,,C,
Raw,1697799099999,95306000000,,,-1381834222693916622,0.0,9.60861861480548,,,0,35,0.0,16393,471103917477740,25,22.38485336303711,-598.5662580256399,0.945173219810024,20,487593.3640625287,340282346638528860000000000000000000000,1561097980,,,,1,,5,61.87746810913086,,,,,,C,
Raw,1697799099999,95306000000,,,-1381834222693916622,0.0,9.60861861480548,,,0,36,0.0,65583,471103912953147,33,19.012813568115234,-1645.2243877041465,1.0959962111338033,20,-204133.52881721128,340282346638528860000000000000000000000,1561097980,,,,1,,5,61.87746810913086,,,,,,C,
Raw,1697799099999,95306000000,,,-1381834222693916622,0.0,9.60861861480548,,,0,37,0.0,65583,471103919905195,31,19.65276527404785,-825.1292514311958,1.0684687030021212,20,-100865.29875937144,340282346638528860000000000000000000000,1561097980,,,,1,,5,61.87746810913086,,,,,,C,
Raw,1697799099999,95306000000,,,-1381834222693916622,0.0,9.60861861480548,,,0,3,0.0,83976,471117916211793,1000000000,23.322643280029297,-1322.702374288444,299792458,20,-68535.16864117667,340282346638528860000000000000000000000,1575420030,,,,1,,6,52.81098556518555,,,,,,C,
Raw,1697799099999,95306000000,,,-1381834222693916622,0.0,9.60861861480548,,,0,5,0.0,16392,471117922071416,1000000000,35.650611877441406,-915.822191084003,299792458,18,-2.7760067486133844,340282346638528860000000000000000000000,1575420030,,,,0,,6,52.81098556518555,,,,,,C,
Raw,1697799099999,95306000000,,,-1381834222693916622,0.0,9.60861861480548,,,0,9,0.0,84010,471117912428287,1000000000,20.87870979309082,-564.7315468792938,299792458,20,-2148.7443856974833,340282346638528860000000000000000000000,1575420030,,,,1,,6,52.81098556518555,,,,,,C,
Raw,1697799099999,95306000000,,,-1381834222693916622,0.0,9.60861861480548,,,0,13,0.0,16392,471117903749050,1000000000,7.0,-1520.4913219395303,299792458,18,-8.927916858123748,340282346638528860000000000000000000000,1575420030,,,,0,,6,52.81098556518555,,,,,,C,
Raw,1697799099999,95306000000,,,-1381834222693916622,0.0,9.60861861480548,,,0,15,0.0,83976,471117916037733,1000000000,25.940956115722656,-1159.69825442419,299792458,20,-70666.51286722597,340282346638528860000000000000000000000,1575420030,,,,0,,6,52.81098556518555,,,,,,C,
Raw,1697799099999,95306000000,,,-1381834222693916622,0.0,9.60861861480548,,,0,24,0.0,16392,471117909564010,1000000000,33.34046936035156,-1449.9434998636607,299792458,18,-2.7693316740348592,340282346638528860000000000000000000000,1575420030,,,,0,,6,52.81098556518555,,,,,,C,
Raw,1697799099999,95306000000,,,-1381834222693916622,0.0,9.60861861480548,,,0,31,0.0,83976,471117909953585,1000000000,28.728717803955078,-1082.48438100685,299792458,20,-32047.073906038273,340282346638528860000000000000000000000,1575420030,,,,0,,6,52.81098556518555,,,,,,C,
Raw,1697799099999,95306000000,,,-1381834222693916622,0.0,9.60861861480548,,,0,3,0.0,16392,471117916211730,1000000000,15.126707077026367,-1322.1850025984277,299792458,20,90108.45940145665,340282346638528860000000000000000000000,1176450050,,,,1,,6,8.884800910949707,,,,,,Q,
Raw,1697799099999,95306000000,,,-1381834222693916622,0.0,9.60861861480548,,,0,9,0.0,16392,471117912428296,1000000000,18.420578002929688,-562.2567515462595,299792458,20,5649.823823037616,340282346638528860000000000000000000000,1176450050,,,,0,,6,8.884800910949707,,,,,,Q,
Raw,1697799099999,95306000000,,,-1381834222693916622,0.0,9.60861861480548,,,0,15,0.0,84011,471117916037723,105,18.066818237304688,-1158.4603796032816,1.1390913472533644,20,-74401.66866958998,340282346638528860000000000000000000000,1176450050,,,,0,,6,8.884800910949707,,,,,,Q,
Raw,1697799099999,95306000000,,,-1381834222693916622,0.0,9.60861861480548,,,0,31,0.0,84011,471117909953497,16,26.85807228088379,-1082.3534009604919,0.010416905395686626,17,-103095.71797088985,0.005208452697843313,1176450050,,,,0,,6,8.884800910949707,,,,,,Q,
Raw,1697799100999,96306000000,,,-1381834222693919910,0.0,9.573825168348286,,,0,3,0.0,16392,471118914549695,1000000000,7.0,-328.0473931022675,299792458,18,-9.14818751253511,340282346638528860000000000000000000000,1575420030,,,,0,,1,52.840885162353516,,,,,,C,
Raw,1697799100999,96306000000,,,-1381834222693919910,0.0,9.573825168348286,,,0,4,0.0,47,471118923272243,31,28.383737564086914,-444.2647160665656,0.006525783333927393,17,-42483.290316775274,0.0032628916669636965,1575420030,,,,0,,1,52.840885162353516,,,,,,C,
Raw,1697799100999,96306000000,,,-1381834222693919910,0.0,9.573825168348286,,,0,5,0.0,16392,471118915890795,1000000000,7.0,-1660.6588326352403,299792458,18,-1412.6649230943526,340282346638528860000000000000000000000,1575420030,,,,0,,1,52.840885162353516,,,,,,C,
Raw,1697799100999,96306000000,,,-1381834222693919910,0.0,9.573825168348286,,,0,6,0.0,47,471118928450870,12,39.68165588378906,-569.3023706635067,0.0018850066699087618,17,-54773.89841275983,0.000942503334954381,1575420030,,,,0,,1,52.840885162353516,,,,,,C,
Raw,1697799100999,96306000000,,,-1381834222693919910,0.0,9.573825168348286,,,0,7,0.0,47,471118929280125,15,37.077606201171875,-1247.2009790757147,0.0025439902674406763,17,-119595.24254163675,0.0012719951337203383,1575420030,,,,0,,1,52.840885162353516,,,,,,C,
Raw,1697799100999,96306000000,,,-1381834222693919910,0.0,9.573825168348286,,,0,9,0.0,47,471118930399074,46,23.623573303222656,-676.5037400388683,0.011288617737591267,17,-64949.04148047493,0.10079114526797807,1575420030,,,,0,,1,52.840885162353516,,,,,,C,
Raw,1697799100999,96306000000,,,-1381834222693919910,0.0,9.573825168348286,,,0,11,0.0,47,471118927826978,25,30.78487777709961,-1062.3942601662275,0.004949661903083324,17,-102053.25554962942,0.002474830951541662,1575420030,,,,0,,1,52.840885162353516,,,,,,C,
Raw,1697799100999,96306000000,,,-1381834222693919910,0.0,9.573825168348286,,,0,16,0.0,47,471118918681330,30,28.714107513427734,-974.353080054454,0.0062822331674397,17,-92814.18275485263,0.0031411165837198496,1575420030,,,,0,,1,52.840885162353516,,,,,,C,
Raw,1697799100999,96306000000,,,-1381834222693919910,0.0,9.573825168348286,,,0,20,0.0,47,471118925812737,53,21.66143798828125,-1529.0291136283204,0.9756061907929778,20,-146315.71864881268,340282346638528860000000000000000000000,1575420030,,,,1,,1,52.840885162353516,,,,,,C,
Raw,1697799100999,96306000000,,,-1381834222693919910,0.0,9.573825168348286,,,0,26,0.0,16392,471118915040685,1000000000,12.113092422485352,-611.8686408064927,299792458,20,-39796.37569328502,340282346638528860000000000000000000000,1575420030,,,,0,,1,52.840885162353516,,,,,,C,
Raw,1697799100999,96306000000,,,-1381834222693919910,0.0,9.573825168348286,,,0,29,0.0,16392,471118913956580,1000000000,7.0,-1101.103081685957,299792458,18,-29.511014198959106,340282346638528860000000000000000000000,1575420030,,,,0,,1,52.840885162353516,,,,,,C,
Raw,1697799100999,96306000000,,,-1381834222693919910,0.0,9.573825168348286,,,0,30,0.0,47,471118924471772,11,42.95417785644531,-1574.23940323008,0.0013632188783958556,17,-150762.85700390313,0.0006816094391979277,1575420030,,,,0,,1,52.840885162353516,,,,,,C,
Raw,1697799100999,96306000000,,,-1381834222693919910,0.0,9.573825168348286,,,0,6,0.0,81929,471118928450821,8,34.809181213378906,-569.296955098951,0.00442343344911933,17,-123906.38161020319,0.0022117167245596647,1176450050,,,,0,,1,9.077828407287598,,,,,,Q,
Raw,1697799100999,96306000000,,,-1381834222693919910,0.0,9.573825168348286,,,0,9,0.0,81929,471118930399030,20,25.968780517578125,-676.4996543959714,0.011539933271706104,17,-135110.87820641586,0.005769966635853052,1176450050,,,,0,,1,9.077828407287598,,,,,,Q,
Raw,1697799100999,96306000000,,,-1381834222693919910,0.0,9.573825168348286,,,0,26,0.0,16392,471118915040499,1000000000,8.934211730957031,-613.9343103314272,299792458,20,-539578.5716928616,340282346638528860000000000000000000000,1176450050,,,,0,,1,9.077828407287598,,,,,,Q,
Raw,1697799100999,96306000000,,,-1381834222693919910,0.0,9.573825168348286,,,0,30,0.0,81929,471118924471747,8,40.91221618652344,-1574.2356841316214,0.0021908250637352467,17,-338331.9784647245,0.0010954125318676233,1176450050,,,,0,,1,9.077828407287598,,,,,,Q,
Raw,1697799100999,96306000000,,,-1381834222693919910,0.0,9.573825168348286,,,0,10,0.0,227,49900926331947,43,33.07281494140625,-1739.4826817739524,0.003977017942816019,17,-171635.0097206655,0.0019885089714080095,1598062460,,,,0,,3,63.903690338134766,,,,,,C,
Raw,1697799100999,96306000000,,,-1381834222693919910,0.0,9.573825168348286,,,0,6,0.0,16456,922766963,1000000000,13.37386703491211,-415.7397132828064,299792458,20,-33484.84701931198,340282346638528860000000000000000000000,1599750020,,,,1,,3,63.903690338134766,,,,,,C,
Raw,1697799100999,96306000000,,,-1381834222693919910,0.0,9.573825168348286,,,0,22,0.0,227,49900924281118,54,30.230487823486328,-200.15261180091693,0.005193816497921944,17,-19725.86579611271,0.002596908248960972,1600312450,,,,0,,3,63.903690338134766,,,,,,C,
Raw,1697799100999,96306000000,,,-1381834222693919910,0.0,9.573825168348286,,,0,9,0.0,227,49900931035190,41,33.62174987792969,-1224.3705957753702,0.0037268949672579765,17,-121276.58556235544,0.0018634474836289883,1600875010,,,,0,,3,63.903690338134766,,,,,,C,
Raw,1697799100999,96306000000,,,-1381834222693919910,0.0,9.573825168348286,,,0,16,0.0,227,49900924880761,51,30.753854751586914,-496.63053218355344,0.004886670503765345,17,-48654.058831951836,0.0024433352518826723,1601437440,,,,0,,3,63.903690338134766,,,,,,C,
Raw,1697799100999,96306000000,,,-1381834222693919910,0.0,9.573825168348286,,,0,101,0.0,16392,49900918537205,1000000000,7.0,-1587.0862607078843,299792458,18,-56.902102010028784,340282346638528860000000000000000000000,1602562560,,,,0,,3,63.903690338134766,,,,,,C,
Raw,1697799100999,96306000000,,,-1381834222693919910,0.0,9.573825168348286,,,0,24,0.0,227,49900924234312,62,28.38678741455078,-1418.7525309377525,0.006410752888768912,17,-139922.58715626877,0.0032053764443844557,1603124990,,,,0,,3,63.903690338134766,,,,,,C,
Raw,1697799100999,96306000000,,,-1381834222693919910,0.0,9.573825168348286,,,0,23,0.0,227,49900929901331,100,22.568174362182617,-715.2080122819148,0.9355666933487421,20,-67833.92523007233,340282346638528860000000000000000000000,1603687550,,,,0,,3,63.903690338134766,,,,,,C,
Raw,1697799100999,96306000000,,,-1381834222693919910,0.0,9.573825168348286,,,0,7,0.0,227,49900933345994,137,18.671489715576172,-781.0715415332893,1.1114157268838634,20,-74485.39161511464,340282346638528860000000000000000000000,1604812540,,,,0,,3,63.903690338134766,,,,,,C,
Raw,1697799100999,96306000000,,,-1381834222693919910,0.0,9.573825168348286,,,0,8,0.0,227,49900931849080,58,29.221403121948242,-1304.4679438839087,0.005815260112285614,17,-123557.62767189421,0.002907630056142807,1605374980,,,,0,,3,63.903690338134766,,,,,,C,
Raw,1697799100999,96306000000,,,-1381834222693919910,0.0,9.573825168348286,,,0,5,0.0,809,471104867637502,19,34.29531478881836,-974.2483148378828,0.4067239601407773,20,-91258.60707611889,340282346638528860000000000000000000000,1561097980,,,,0,,5,61.87746810913086,,,,,,C,
Raw,1697799100999,96306000000,,,-1381834222693919910,0.0,9.573825168348286,,,0,9,0.0,16393,471104867269772,27,21.610393524169922,-816.3175731217884,0.9781637063781465,20,473617.36736486934,340282346638528860000000000000000000000,1561097980,,,,1,,5,61.87746810913086,,,,,,C,
Raw,1697799100999,96306000000,,,-1381834222693919910,0.0,9.573825168348286,,,0,19,0.0,65583,471104926093176,9,34.73361587524414,-1134.7266778839112,0.003362645860761404,17,-146108.0195357868,0.001681322930380702,1561097980,,,,0,,5,61.87746810913086,,,,,,C,
Raw,1697799100999,96306000000,,,-1381834222693919910,0.0,9.573825168348286,,,0,20,0.0,65583,471104924124228,14,29.147533416748047,-666.3140273691461,0.00603127246722579,17,-64389.72964139513,0.003015636233612895,1561097980,,,,0,,5,61.87746810913086,,,,,,C,
Raw,1697799100999,96306000000,,,-1381834222693919910,0.0,9.573825168348286,,,0,22,0.0,12,471104916016850,1000000000,18.625625610351562,-1484.9016028594551,299792458,20,-190959.741203381,340282346638528860000000000000000000000,1561097980,,,,0,,5,61.87746810913086,,,,,,C,
Raw,1697799100999,96306000000,,,-1381834222693919910,0.0,9.573825168348286,,,0,23,0.0,16392,471104908345693,1000000000,7.0,-437.66096991651716,299792458,20,-28051.502014152004,340282346638528860000000000000000000000,1561097980,,,,1,,5,61.87746810913086,,,,,,C,
Raw,1697799100999,96306000000,,,-1381834222693919910,0.0,9.573825168348286,,,0,29,0.0,16392,471104910994811,1000000000,7.0,-393.8210809982479,299792458,18,-8.54212333019473,340282346638528860000000000000000000000,1561097980,,,,0,,5,61.87746810913086,,,,,,C,
Raw,1697799100999,96306000000,,,-1381834222693919910,0.0,9.573825168348286,,,0,35,0.0,16393,471104917479678,25,22.316322326660156,-599.2809671389232,0.948255352269912,20,486994.77246218687,340282346638528860000000000000000000000,1561097980,,,,1,,5,61.87746810913086,,,,,,C,
Raw,1697799100999,96306000000,,,-1381834222693919910,0.0,9.573825168348286,,,0,36,0.0,65583,471104912958646,32,19.195194244384766,-1645.8041984545125,1.0877957191386831,20,-205778.3054973134,340282346638528860000000000000000000000,1561097980,,,,1,,5,61.87746810913086,,,,,,C,
Raw,1697799100999,96306000000,,,-1381834222693919910,0.0,9.573825168348286,,,0,37,0.0,65583,471104919907873,39,16.881160736083984,-825.2235235059379,1.1931052509776334,20,-101691.6234281296,340282346638528860000000000000000000000,1561097980,,,,1,,5,61.87746810913086,,,,,,C,
Raw,1697799100999,96306000000,,,-1381834222693919910,0.0,9.573825168348286,,,0,3,0.0,83976,471118916216152,1000000000,24.14616584777832,-1322.397813456956,299792458,20,-69858.48180700258,340282346638528860000000000000000000000,1575420030,,,,0,,6,52.840885162353516,,,,,,C,
Raw,1697799100999,96306000000,,,-1381834222693919910,0.0,9.573825168348286,,,0,5,0.0,16392,471118922074468,1000000000,36.321998596191406,-916.1934853653624,299792458,18,-2.740922751108167,340282346638528860000000000000000000000,1575420030,,,,0,,6,52.840885162353516,,,,,,C,
Raw,1697799100999,96306000000,,,-1381834222693919910,0.0,9.573825168348286,,,0,9,0.0,84010,471118912430155,1000000000,21.84225082397461,-564.5161457540696,299792458,20,-2713.5077960709696,340282346638528860000000000000000000000,1575420030,,,,1,,6,52.840885162353516,,,,,,C,
Raw,1697799100999,96306000000,,,-1381834222693919910,0.0,9.573825168348286,,,0,13,0.0,16392,471118903754121,1000000000,7.0,-1520.6770031626666,299792458,18,-8.869013459896351,340282346638528860000000000000000000000,1575420030,,,,0,,6,52.840885162353516,,,,,,C,
Raw,1697799100999,96306000000,,,-1381834222693919910,0.0,9.573825168348286,,,0,15,0.0,83976,471118916041646,1000000000,27.074308395385742,-1160.1246941202035,299792458,20,-71826.87252451762,340282346638528860000000000000000000000,1575420030,,,,0,,6,52.840885162353516,,,,,,C,
Raw,1697799100999,96306000000,,,-1381834222693919910,0.0,9.573825168348286,,,0,24,0.0,16392,471118909568845,1000000000,33.856910705566406,-1450.129181086797,299792458,18,-2.712814678834045,340282346638528860000000000000000000000,1575420030,,,,0,,6,52.840885162353516,,,,,,C,
Raw,1697799100999,96306000000,,,-1381834222693919910,0.0,9.573825168348286,,,0,31,0.0,83976,471118909957179,1000000000,28.884767532348633,-1082.384314914499,299792458,20,-33129.387541993325,340282346638528860000000000000000000000,1575420030,,,,0,,6,52.840885162353516,,,,,,C,
Raw,1697799100999,96306000000,,,-1381834222693919910,0.0,9.573825168348286,,,0,3,0.0,16392,471118916216176,1000000000,11.918889999389648,-1322.2177217566896,299792458,20,88777.16493188082,340282346638528860000000000000000000000,1176450050,,,,1,,6,9.077828407287598,,,,,,Q,
Raw,1697799100999,96306000000,,,-1381834222693919910,0.0,9.573825168348286,,,0,9,0.0,84011,471118912430191,36,22.915206909179688,-565.6929448128892,0.9204159097802886,20,5086.776095706107,340282346638528860000000000000000000000,1176450050,,,,0,,6,9.077828407287598,,,,,,Q,
Raw,1697799100999,96306000000,,,-1381834222693919910,0.0,9.573825168348286,,,0,15,0.0,84011,471118916041593,129,17.29436492919922,-1160.0929292707242,1.1738282934490893,20,-75562.06060457074,340282346638528860000000000000000000000,1176450050,,,,1,,6,9.077828407287598,,,,,,Q,
Raw,1697799100999,96306000000,,,-1381834222693919910,0.0,9.573825168348286,,,0,31,0.0,84011,471118909957108,18,26.382049560546875,-1082.5728459156962,0.011003727093338965,17,-104178.29081680554,0.005501863546669483,1176450050,,,,0,,6,9.077828407287598,,,,,,Q,
Raw,1697799101999,97306000000,,,-1381834222693923197,0.0,9.501434122469142,,,0,3,0.0,16392,471119914550792,1000000000,7.0,-328.4187214660835,299792458,18,-9.16107760945146,340282346638528860000000000000000000000,1575420030,,,,0,,1,52.840885162353516,,,,,,C,
Raw,1697799101999,97306000000,,,-1381834222693923197,0.0,9.501434122469142,,,0,4,0.0,47,471119923273746,31,28.42769432067871,-444.4634838629063,0.0064928410574793816,17,-42927.75380063818,0.0032464205287396908,1575420030,,,,1,,1,52.840885162353516,,,,,,C,
Raw,1697799101999,97306000000,,,-1381834222693923197,0.0,9.501434122469142,,,0,5,0.0,16392,471119915896340,1000000000,14.471118927001953,-1660.8445138583766,299792458,18,-1412.7066658809747,340282346638528860000000000000000000000,1575420030,,,,0,,1,52.840885162353516,,,,,,C,
Raw,1697799101999,97306000000,,,-1381834222693923197,0.0,9.501434122469142,,,0,6,0.0,47,471119928452759,12,39.547203063964844,-569.4223199329135,0.0019144128309562802,17,-55343.320732692744,0.0009572064154781401,1575420030,,,,0,,1,52.840885162353516,,,,,,C,
Raw,1697799101999,97306000000,,,-1381834222693923197,0.0,9.501434122469142,,,0,7,0.0,47,471119929284275,15,37.07231903076172,-1247.320967853011,0.0025455388240516186,17,-120842.56350948976,0.0012727694120258093,1575420030,,,,0,,1,52.840885162353516,,,,,,C,
Raw,1697799101999,97306000000,,,-1381834222693923197,0.0,9.501434122469142,,,0,9,0.0,47,471119930401344,50,22.55756378173828,-676.47820831748,0.9361337801595191,20,-65625.57497082272,340282346638528860000000000000000000000,1575420030,,,,0,,1,52.840885162353516,,,,,,C,
Raw,1697799101999,97306000000,,,-1381834222693923197,0.0,9.501434122469142,,,0,11,0.0,47,471119927830532,25,30.81438446044922,-1062.4769213784166,0.004932875744998455,17,-103115.73247100784,0.0024664378724992275,1575420030,,,,0,,1,52.840885162353516,,,,,,C,
Raw,1697799101999,97306000000,,,-1381834222693923197,0.0,9.501434122469142,,,0,16,0.0,47,471119918684592,33,27.584564208984375,-974.5045467460213,0.7115652063709983,20,-93788.52209780249,340282346638528860000000000000000000000,1575420030,,,,0,,1,52.840885162353516,,,,,,C,
Raw,1697799101999,97306000000,,,-1381834222693923197,0.0,9.501434122469142,,,0,20,0.0,47,471119925817858,54,21.64406967163086,-1528.9422715291003,0.9763880902740656,20,-147844.86928440392,340282346638528860000000000000000000000,1575420030,,,,1,,1,52.840885162353516,,,,,,C,
Raw,1697799101999,97306000000,,,-1381834222693923197,0.0,9.501434122469142,,,0,26,0.0,16392,471119915042732,1000000000,11.496522903442383,-612.3469540013339,299792458,20,-40410.95350434069,340282346638528860000000000000000000000,1575420030,,,,0,,1,52.840885162353516,,,,,,C,
Raw,1697799101999,97306000000,,,-1381834222693923197,0.0,9.501434122469142,,,0,29,0.0,16392,471119913960254,1000000000,15.293487548828125,-1101.2887629090933,299792458,18,-29.539420495368404,340282346638528860000000000000000000000,1575420030,,,,0,,1,52.840885162353516,,,,,,C,
Raw,1697799101999,97306000000,,,-1381834222693923197,0.0,9.501434122469142,,,0,30,0.0,47,471119924477030,11,43.1502685546875,-1574.4023847711796,0.0013327880296856165,17,-152337.2593886743,0.0006663940148428082,1575420030,,,,0,,1,52.840885162353516,,,,,,C,
Raw,1697799101999,97306000000,,,-1381834222693923197,0.0,9.501434122469142,,,0,6,0.0,81929,471119928452727,12,34.83667755126953,-569.4181667714438,0.004409452434629202,17,-124475.79977697463,0.002204726217314601,1176450050,,,,0,,1,9.809704780578613,,,,,,Q,
Raw,1697799101999,97306000000,,,-1381834222693923197,0.0,9.501434122469142,,,0,9,0.0,81929,471119930401291,21,25.780868530273438,-677.0135073796273,0.7911854194423698,20,-135787.56233257754,340282346638528860000000000000000000000,1176450050,,,,0,,1,9.809704780578613,,,,,,Q,
Raw,1697799101999,97306000000,,,-1381834222693923197,0.0,9.501434122469142,,,0,26,0.0,16392,471119915042548,1000000000,8.457771301269531,-615.6095993993495,299792458,20,-540192.6487052387,340282346638528860000000000000000000000,1176450050,,,,1,,1,9.809704780578613,,,,,,Q,
Raw,1697799101999,97306000000,,,-1381834222693923197,0.0,9.501434122469142,,,0,30,0.0,81929,471119924476999,8,41.171897888183594,-1574.407424591016,0.0021262955851852894,17,-339906.3858893155,0.0010631477925926447,1176450050,,,,0,,1,9.809704780578613,,,,,,Q,
Raw,1697799101999,97306000000,,,-1381834222693923197,0.0,9.501434122469142,,,0,10,0.0,227,49901926337776,41,33.389400482177734,-1739.64918785583,0.003834672039374709,17,-173374.65890852132,0.0019173360196873546,1598062460,,,,0,,3,61.556697845458984,,,,,,C,
Raw,1697799101999,97306000000,,,-1381834222693923197,0.0,9.501434122469142,,,0,6,0.0,16457,1922768348,206,13.615934371948242,-415.1901336713761,1.3368557331691422,20,-33901.98189335158,340282346638528860000000000000000000000,1599750020,,,,0,,3,61.556697845458984,,,,,,C,
Raw,1697799101999,97306000000,,,-1381834222693923197,0.0,9.501434122469142,,,0,22,0.0,227,49901924281791,53,30.32030487060547,-200.32179606592035,0.005140386056154966,17,-19926.18759217863,0.002570193028077483,1600312450,,,,0,,3,61.556697845458984,,,,,,C,
Raw,1697799101999,97306000000,,,-1381834222693923197,0.0,9.501434122469142,,,0,9,0.0,227,49901931039254,39,34.24446487426758,-1224.4311845223565,0.003469056682661176,17,-122501.0167468778,0.0017345283413305879,1600875010,,,,0,,3,61.556697845458984,,,,,,C,
Raw,1697799101999,97306000000,,,-1381834222693923197,0.0,9.501434122469142,,,0,16,0.0,227,49901924882368,52,30.573152542114258,-496.7159609338414,0.004989398177713157,17,-49150.77479288568,0.002494699088856578,1601437440,,,,0,,3,61.556697845458984,,,,,,C,
Raw,1697799101999,97306000000,,,-1381834222693923197,0.0,9.501434122469142,,,0,101,0.0,16392,49901918542503,1000000000,13.16139030456543,-1587.3597383390234,299792458,18,-56.98156191185457,340282346638528860000000000000000000000,1602562560,,,,0,,3,61.556697845458984,,,,,,C,
Raw,1697799101999,97306000000,,,-1381834222693923197,0.0,9.501434122469142,,,0,24,0.0,227,49901924239055,62,28.352760314941406,-1418.8556643007705,0.6744219189236267,20,-141341.40717578452,340282346638528860000000000000000000000,1603124990,,,,0,,3,61.556697845458984,,,,,,C,
Raw,1697799101999,97306000000,,,-1381834222693923197,0.0,9.501434122469142,,,0,23,0.0,227,49901929903738,103,22.18347930908203,-714.8196767722939,0.9528665355624737,20,-68548.94491203665,340282346638528860000000000000000000000,1603687550,,,,0,,3,61.556697845458984,,,,,,C,
Raw,1697799101999,97306000000,,,-1381834222693923197,0.0,9.501434122469142,,,0,7,0.0,227,49901933348649,128,19.508865356445312,-780.4007306240073,1.0737604703483727,20,-75267.65254655795,340282346638528860000000000000000000000,1604812540,,,,0,,3,61.556697845458984,,,,,,C,
Raw,1697799101999,97306000000,,,-1381834222693923197,0.0,9.501434122469142,,,0,8,0.0,227,49901931853432,55,29.93202781677246,-1304.64619768571,0.005358435213565826,17,-124862.27386957992,0.002679217606782913,1605374980,,,,0,,3,61.556697845458984,,,,,,C,
Raw,1697799101999,97306000000,,,-1381834222693923197,0.0,9.501434122469142,,,0,5,0.0,809,471105867640752,20,33.91097640991211,-974.2695822907531,0.4240078262030138,20,-92232.96622707775,340282346638528860000000000000000000000,1561097980,,,,0,,5,61.99386215209961,,,,,,C,
Raw,1697799101999,97306000000,,,-1381834222693923197,0.0,9.501434122469142,,,0,9,0.0,16393,471105867272493,27,21.238426208496094,-816.0952873403467,0.9948912029645673,20,472801.26882446924,340282346638528860000000000000000000000,1561097980,,,,1,,5,61.99386215209961,,,,,,C,
Raw,1697799101999,97306000000,,,-1381834222693923197,0.0,9.501434122469142,,,0,19,0.0,65583,471105926096961,9,34.71754837036133,-1134.8773961197585,0.003368871985003352,17,-147242.89693190655,0.001684435992501676,1561097980,,,,0,,5,61.99386215209961,,,,,,C,
Raw,1697799101999,97306000000,,,-1381834222693923197,0.0,9.501434122469142,,,0,20,0.0,65583,471105924126459,16,27.959327697753906,-666.4694918730311,0.0069154310040175915,17,-65056.199133268165,0.0034577155020087957,1561097980,,,,0,,5,61.99386215209961,,,,,,C,
Raw,1697799101999,97306000000,,,-1381834222693923197,0.0,9.501434122469142,,,0,22,0.0,12,471105916021680,1000000000,17.94014549255371,-1485.7473931005252,299792458,20,-192444.88720147838,340282346638528860000000000000000000000,1561097980,,,,0,,5,61.99386215209961,,,,,,C,
Raw,1697799101999,97306000000,,,-1381834222693923197,0.0,9.501434122469142,,,0,23,0.0,16392,471105908347158,1000000000,7.0,-438.03567244352894,299792458,20,-28489.987294411458,340282346638528860000000000000000000000,1561097980,,,,0,,5,61.99386215209961,,,,,,C,
Raw,1697799101999,97306000000,,,-1381834222693923197,0.0,9.501434122469142,,,0,29,0.0,16392,471105910996128,1000000000,7.0,-394.1957835252597,299792458,18,-8.555478908354054,340282346638528860000000000000000000000,1561097980,,,,0,,5,61.99386215209961,,,,,,C,
Raw,1697799101999,97306000000,,,-1381834222693923197,0.0,9.501434122469142,,,0,35,0.0,16393,471105917481648,24,23.099594116210938,-598.6657106337734,0.9130328642033327,20,486396.07968252787,340282346638528860000000000000000000000,1561097980,,,,1,,5,61.99386215209961,,,,,,C,
Raw,1697799101999,97306000000,,,-1381834222693923197,0.0,9.501434122469142,,,0,36,0.0,65583,471105912964145,35,18.418474197387695,-1644.9229624586587,1.1227248451234342,20,-207422.56142846058,340282346638528860000000000000000000000,1561097980,,,,0,,5,61.99386215209961,,,,,,C,
Raw,1697799101999,97306000000,,,-1381834222693923197,0.0,9.501434122469142,,,0,37,0.0,65583,471105919910581,53,13.084737777709961,-826.4879144780211,1.3638265389885191,20,-102518.23038283158,340282346638528860000000000000000000000,1561097980,,,,1,,5,61.99386215209961,,,,,,C,
Raw,1697799101999,97306000000,,,-1381834222693923197,0.0,9.501434122469142,,,0,3,0.0,83976,471119916220574,1000000000,25.701927185058594,-1323.1098641386307,299792458,20,-71181.99948007971,340282346638528860000000000000000000000,1575420030,,,,0,,6,52.840885162353516,,,,,,C,
Raw,1697799101999,97306000000,,,-1381834222693923197,0.0,9.501434122469142,,,0,5,0.0,16392,471119922077527,1000000000,36.26005554199219,-916.3791665884987,299792458,18,-2.7627840196980125,340282346638528860000000000000000000000,1575420030,,,,0,,6,52.840885162353516,,,,,,C,
Raw,1697799101999,97306000000,,,-1381834222693923197,0.0,9.501434122469142,,,0,9,0.0,84010,471119912431957,1000000000,20.298213958740234,-563.8162625093737,299792458,20,-3279.0733765900177,340282346638528860000000000000000000000,1575420030,,,,1,,6,52.840885162353516,,,,,,C,
Raw,1697799101999,97306000000,,,-1381834222693923197,0.0,9.501434122469142,,,0,13,0.0,16392,471119903759197,1000000000,7.0,-1521.048365608939,299792458,18,-8.90579485429913,340282346638528860000000000000000000000,1575420030,,,,0,,6,52.840885162353516,,,,,,C,
Raw,1697799101999,97306000000,,,-1381834222693923197,0.0,9.501434122469142,,,0,15,0.0,83976,471119916045457,1000000000,26.745819091796875,-1159.605413812622,299792458,20,-72986.42675508927,340282346638528860000000000000000000000,1575420030,,,,0,,6,52.840885162353516,,,,,,C,
Raw,1697799101999,97306000000,,,-1381834222693923197,0.0,9.501434122469142,,,0,24,0.0,16392,471119909573683,1000000000,34.16041946411133,-1450.3148623099332,299792458,18,-2.747016446999366,340282346638528860000000000000000000000,1575420030,,,,0,,6,52.840885162353516,,,,,,C,
Raw,1697799101999,97306000000,,,-1381834222693923197,0.0,9.501434122469142,,,0,31,0.0,83976,471119909960784,1000000000,29.658716201782227,-1082.6584060298555,299792458,20,-34211.9735604872,340282346638528860000000000000000000000,1575420030,,,,0,,6,52.840885162353516,,,,,,C,
Raw,1697799101999,97306000000,,,-1381834222693923197,0.0,9.501434122469142,,,0,3,0.0,16392,471119916220608,1000000000,12.782045364379883,-1319.406328083036,299792458,20,87452.81827999797,340282346638528860000000000000000000000,1176450050,,,,0,,6,9.809704780578613,,,,,,Q,
Raw,1697799101999,97306000000,,,-1381834222693923197,0.0,9.501434122469142,,,0,9,0.0,84011,471119912432082,32,24.21172332763672,-566.2854683195383,0.8621132747544666,20,4522.272013994389,340282346638528860000000000000000000000,1176450050,,,,0,,6,9.809704780578613,,,,,,Q,
Raw,1697799101999,97306000000,,,-1381834222693923197,0.0,9.501434122469142,,,0,15,0.0,84011,471119916045464,124,17.381006240844727,-1160.8074338892684,1.1699330414454003,20,-76722.56230551131,340282346638528860000000000000000000000,1176450050,,,,1,,6,9.809704780578613,,,,,,Q,
Raw,1697799101999,97306000000,,,-1381834222693923197,0.0,9.501434122469142,,,0,31,0.0,84011,471119909960714,17,26.577844619750977,-1082.709009994389,0.010758459568023683,17,-105260.99982679993,0.005379229784011841,1176450050,,,,0,,6,9.809704780578613,,,,,,Q,
Raw,1697799102999,98306000000,,,-1381834222693926483,0.0,9.404387843971351,,,0,3,0.0,16392,471120914551888,1000000000,7.0,-328.6043686067633,299792458,18,-9.150826152379558,340282346638528860000000000000000000000,1575420030,,,,0,,1,48.929901123046875,,,,,,C,
Raw,1697799102999,98306000000,,,-1381834222693926483,0.0,9.404387843971351,,,0,4,0.0,47,471120923275240,31,28.53521728515625,-444.58499188278074,0.00641296012327075,17,-43372.33879252096,0.003206480061635375,1575420030,,,,1,,1,48.929901123046875,,,,,,C,
Raw,1697799102999,98306000000,,,-1381834222693926483,0.0,9.404387843971351,,,0,5,0.0,16392,471120915901882,1000000000,7.0,-1661.215739974823,299792458,18,-1412.6472754788697,340282346638528860000000000000000000000,1575420030,,,,0,,1,48.929901123046875,,,,,,C,
Raw,1697799102999,98306000000,,,-1381834222693926483,0.0,9.404387843971351,,,0,6,0.0,47,471120928454655,12,39.817481994628906,-569.4583231094803,0.0018557594157755375,17,-55912.779055802224,0.0009278797078877687,1575420030,,,,0,,1,48.929901123046875,,,,,,C,
Raw,1697799102999,98306000000,,,-1381834222693926483,0.0,9.404387843971351,,,0,7,0.0,47,471120929288441,15,36.85896301269531,-1247.3792833669725,0.0026088403537869458,17,-122089.94279285673,0.0013044201768934727,1575420030,,,,0,,1,48.929901123046875,,,,,,C,
Raw,1697799102999,98306000000,,,-1381834222693926483,0.0,9.404387843971351,,,0,9,0.0,47,471120930403609,51,22.196006774902344,-676.3135218875618,0.9523929758052407,20,-66302.24062714344,340282346638528860000000000000000000000,1575420030,,,,0,,1,48.929901123046875,,,,,,C,
Raw,1697799102999,98306000000,,,-1381834222693926483,0.0,9.404387843971351,,,0,11,0.0,47,471120927834064,24,31.62135124206543,-1062.493999254657,0.004495229572057724,17,-104178.2264702625,0.002247614786028862,1575420030,,,,0,,1,48.929901123046875,,,,,,C,
Raw,1697799102999,98306000000,,,-1381834222693926483,0.0,9.404387843971351,,,0,16,0.0,47,471120918687836,32,28.020702362060547,-974.5513554112404,0.006804314907640219,17,-94763.07345321373,0.0034021574538201094,1575420030,,,,0,,1,48.929901123046875,,,,,,C,
Raw,1697799102999,98306000000,,,-1381834222693926483,0.0,9.404387843971351,,,0,20,0.0,47,471120925822935,52,21.988033294677734,-1529.194345377543,0.9609214448770951,20,-149374.10889099984,340282346638528860000000000000000000000,1575420030,,,,1,,1,48.929901123046875,,,,,,C,
Raw,1697799102999,98306000000,,,-1381834222693926483,0.0,9.404387843971351,,,0,26,0.0,16392,471120915044783,1000000000,10.720720291137695,-614.2765663598293,299792458,20,-41025.0656007412,340282346638528860000000000000000000000,1575420030,,,,0,,1,48.929901123046875,,,,,,C,
Raw,1697799102999,98306000000,,,-1381834222693926483,0.0,9.404387843971351,,,0,29,0.0,16392,471120913963931,1000000000,7.165523529052734,-1101.4743759673165,299792458,18,-29.636744945743814,340282346638528860000000000000000000000,1575420030,,,,0,,1,48.929901123046875,,,,,,C,
Raw,1697799102999,98306000000,,,-1381834222693926483,0.0,9.404387843971351,,,0,30,0.0,47,471120924482273,13,41.46697235107422,-1574.4879540422407,0.0016178041696548462,17,-153911.74734271655,0.0008089020848274231,1575420030,,,,0,,1,48.929901123046875,,,,,,C,
Raw,1697799102999,98306000000,,,-1381834222693926483,0.0,9.404387843971351,,,0,6,0.0,81929,471120928454625,8,35.41559982299805,-569.4509605651547,0.004125139210373163,17,-125045.25073753978,0.0020625696051865816,1176450050,,,,0,,1,9.077828407287598,,,,,,Q,
Raw,1697799102999,98306000000,,,-1381834222693926483,0.0,9.404387843971351,,,0,9,0.0,81929,471120930403551,30,24.57880401611328,-676.722477464471,0.01354260090738535,17,-136464.284810042,0.006771300453692675,1176450050,,,,0,,1,9.077828407287598,,,,,,Q,
Raw,1697799102999,98306000000,,,-1381834222693926483,0.0,9.404387843971351,,,0,26,0.0,16392,471120915044628,1000000000,10.469921112060547,-611.8220841708826,299792458,20,-540805.0958740581,340282346638528860000000000000000000000,1176450050,,,,1,,1,9.077828407287598,,,,,,Q,
Raw,1697799102999,98306000000,,,-1381834222693926483,0.0,9.404387843971351,,,0,30,0.0,81929,471120924482252,9,40.30854415893555,-1574.4786258999957,0.002348504960536957,17,-341480.8645152155,0.0011742524802684784,1176450050,,,,0,,1,9.077828407287598,,,,,,Q,
Raw,1697799102999,98306000000,,,-1381834222693926483,0.0,9.404387843971351,,,0,10,0.0,227,49902926343555,39,34.19296646118164,-1739.7147976523845,0.0034958270844072104,17,-175114.3737061737,0.0017479135422036052,1598062460,,,,0,,3,61.556697845458984,,,,,,C,
Raw,1697799102999,98306000000,,,-1381834222693926483,0.0,9.404387843971351,,,0,6,0.0,16457,922770001,200,13.958837509155273,-416.8795669587553,1.3214360842844863,20,-34322.24372593781,340282346638528860000000000000000000000,1599750020,,,,0,,3,61.556697845458984,,,,,,C,
Raw,1697799102999,98306000000,,,-1381834222693926483,0.0,9.404387843971351,,,0,22,0.0,227,49902924282483,59,29.128009796142578,-200.43486398030655,0.005896720569580793,17,-20126.622456158937,0.0029483602847903967,1600312450,,,,0,,3,61.556697845458984,,,,,,C,
Raw,1697799102999,98306000000,,,-1381834222693926483,0.0,9.404387843971351,,,0,9,0.0,227,49902931043359,36,34.98442840576172,-1224.419731155882,0.0031857613939791918,17,-123725.43647803368,0.0015928806969895959,1600875010,,,,0,,3,61.556697845458984,,,,,,C,
Raw,1697799102999,98306000000,,,-1381834222693926483,0.0,9.404387843971351,,,0,16,0.0,227,49902924884038,53,30.38568878173828,-496.7271293509257,0.005098252557218075,17,-49647.5019222366,0.0025491262786090374,1601437440,,,,0,,3,61.556697845458984,,,,,,C,
Raw,1697799102999,98306000000,,,-1381834222693926483,0.0,9.404387843971351,,,0,101,0.0,16392,49902918547802,1000000000,16.992328643798828,-1587.7242842939913,299792458,18,-56.96326031586401,340282346638528860000000000000000000000,1602562560,,,,0,,3,61.556697845458984,,,,,,C,
Raw,1697799102999,98306000000,,,-1381834222693926483,0.0,9.404387843971351,,,0,24,0.0,227,49902924243789,68,27.22304916381836,-1418.8233078019111,0.007329865358769894,17,-142760.23048358643,0.003664932679384947,1603124990,,,,0,,3,61.556697845458984,,,,,,C,
Raw,1697799102999,98306000000,,,-1381834222693926483,0.0,9.404387843971351,,,0,23,0.0,227,49902929906057,114,20.91720199584961,-714.6971162586378,1.009809932932555,20,-69263.86148189216,340282346638528860000000000000000000000,1603687550,,,,0,,3,61.556697845458984,,,,,,C,
Raw,1697799102999,98306000000,,,-1381834222693926483,0.0,9.404387843971351,,,0,7,0.0,227,49902933350983,107,21.694795608520508,-779.7702733432484,0.9754620060257349,20,-76047.88093965547,340282346638528860000000000000000000000,1604812540,,,,1,,3,61.556697845458984,,,,,,C,
Raw,1697799102999,98306000000,,,-1381834222693926483,0.0,9.404387843971351,,,0,8,0.0,227,49902931857758,55,29.985258102416992,-1304.728258298128,0.0053256964311003685,17,-126167.00212787805,0.0026628482155501842,1605374980,,,,0,,3,61.556697845458984,,,,,,C,
Raw,1697799102999,98306000000,,,-1381834222693926483,0.0,9.404387843971351,,,0,5,0.0,809,471106867644004,18,34.728981018066406,-974.2673328486226,0.3872237026114407,20,-93207.46879726887,340282346638528860000000000000000000000,1561097980,,,,0,,5,61.80392074584961,,,,,,C,
Raw,1697799102999,98306000000,,,-1381834222693926483,0.0,9.404387843971351,,,0,9,0.0,16393,471106867275230,28,21.134021759033203,-816.0523434451279,0.9995864607543719,20,471985.0126435249,340282346638528860000000000000000000000,1561097980,,,,1,,5,61.80392074584961,,,,,,C,
Raw,1697799102999,98306000000,,,-1381834222693926483,0.0,9.404387843971351,,,0,19,0.0,65583,471106926100746,9,34.4360237121582,-1134.9899058646406,0.0034798516426235437,17,-148377.8868377712,0.0017399258213117719,1561097980,,,,0,,5,61.80392074584961,,,,,,C,
Raw,1697799102999,98306000000,,,-1381834222693926483,0.0,9.404387843971351,,,0,20,0.0,65583,471106924128683,16,28.024005889892578,-666.5983032521326,0.006864127237349749,17,-65722.7974365203,0.0034320636186748743,1561097980,,,,0,,5,61.80392074584961,,,,,,C,
Raw,1697799102999,98306000000,,,-1381834222693926483,0.0,9.404387843971351,,,0,22,0.0,12,471106916026753,1000000000,18.43194580078125,-1485.5163140453005,299792458,20,-193930.7793458651,340282346638528860000000000000000000000,1561097980,,,,0,,5,61.80392074584961,,,,,,C,
Raw,1697799102999,98306000000,,,-1381834222693926483,0.0,9.404387843971351,,,0,23,0.0,16392,471106908348621,1000000000,7.0,-438.4103749705407,299792458,20,-28928.400653958248,340282346638528860000000000000000000000,1561097980,,,,1,,5,61.80392074584961,,,,,,C,
Raw,1697799102999,98306000000,,,-1381834222693926483,0.0,9.404387843971351,,,0,29,0.0,16392,471106910997444,1000000000,7.0,-394.57048605227146,299792458,18,-8.544167307196918,340282346638528860000000000000000000000,1561097980,,,,0,,5,61.80392074584961,,,,,,C,
Raw,1697799102999,98306000000,,,-1381834222693926483,0.0,9.404387843971351,,,0,35,0.0,16393,471106917483619,23,23.140045166015625,-597.959862959186,0.9112140459229172,20,485797.2927428667,340282346638528860000000000000000000000,1561097980,,,,1,,5,61.80392074584961,,,,,,C,
Raw,1697799102999,98306000000,,,-1381834222693926483,0.0,9.404387843971351,,,0,36,0.0,65583,471106912969629,34,18.762470245361328,-1644.3233838835095,1.1072568018132078,20,-209065.9986304915,340282346638528860000000000000000000000,1561097980,,,,0,,5,61.80392074584961,,,,,,C,
Raw,1697799102999,98306000000,,,-1381834222693926483,0.0,9.404387843971351,,,0,37,0.0,12,471106919913348,1000000000,8.056560516357422,-826.351720981756,299792458,20,-103345.32969141187,340282346638528860000000000000000000000,1561097980,,,,0,,5,61.80392074584961,,,,,,C,
Raw,1697799102999,98306000000,,,-1381834222693926483,0.0,9.404387843971351,,,0,3,0.0,83976,471120916225027,1000000000,26.1935977935791,-1322.6790618881823,299792458,20,-72504.60867495573,340282346638528860000000000000000000000,1575420030,,,,0,,6,48.929901123046875,,,,,,C,
Raw,1697799102999,98306000000,,,-1381834222693926483,0.0,9.404387843971351,,,0,5,0.0,16392,471120922080587,1000000000,32.535675048828125,-916.7504608698582,299792458,18,-2.727672316788164,340282346638528860000000000000000000000,1575420030,,,,0,,6,48.929901123046875,,,,,,C,
Raw,1697799102999,98306000000,,,-1381834222693926483,0.0,9.404387843971351,,,0,9,0.0,84010,471120912433819,1000000000,19.02229118347168,-564.0203823414888,299792458,20,-3844.9315370413087,340282346638528860000000000000000000000,1575420030,,,,1,,6,48.929901123046875,,,,,,C,
Raw,1697799102999,98306000000,,,-1381834222693926483,0.0,9.404387843971351,,,0,13,0.0,16392,471120903764272,1000000000,18.301776885986328,-1521.2339105022493,299792458,18,-8.846866048729916,340282346638528860000000000000000000000,1575420030,,,,0,,6,48.929901123046875,,,,,,C,
Raw,1697799102999,98306000000,,,-1381834222693926483,0.0,9.404387843971351,,,0,15,0.0,83976,471120916049352,1000000000,26.750102996826172,-1160.6308867644802,299792458,20,-74147.00989927538,340282346638528860000000000000000000000,1575420030,,,,1,,6,48.929901123046875,,,,,,C,
Raw,1697799102999,98306000000,,,-1381834222693926483,0.0,9.404387843971351,,,0,24,0.0,16392,471120909578523,1000000000,34.924625396728516,-1450.6860884263797,299792458,18,-2.781412303728155,340282346638528860000000000000000000000,1575420030,,,,0,,6,48.929901123046875,,,,,,C,
Raw,1697799102999,98306000000,,,-1381834222693926483,0.0,9.404387843971351,,,0,31,0.0,83976,471120909964380,1000000000,30.65506935119629,-1082.7527462695107,299792458,20,-35294.72135551931,340282346638528860000000000000000000000,1575420030,,,,0,,6,48.929901123046875,,,,,,C,
Raw,1697799102999,98306000000,,,-1381834222693926483,0.0,9.404387843971351,,,0,3,0.0,16392,471120916225011,1000000000,15.450860977172852,-1325.4660525229656,299792458,20,86128.56296676892,340282346638528860000000000000000000000,1176450050,,,,0,,6,9.077828407287598,,,,,,Q,
Raw,1697799102999,98306000000,,,-1381834222693926483,0.0,9.404387843971351,,,0,9,0.0,84011,471120912433973,23,24.93246078491211,-565.1051688251337,0.013002272695302963,17,3957.166845169256,0.006501136347651482,1176450050,,,,0,,6,9.077828407287598,,,,,,Q,
Raw,1697799102999,98306000000,,,-1381834222693926483,0.0,9.404387843971351,,,0,15,0.0,84011,471120916049334,92,18.62826919555664,-1159.636769672623,1.1138456995262631,20,-77883.13984658135,340282346638528860000000000000000000000,1176450050,,,,0,,6,9.077828407287598,,,,,,Q,
Raw,1697799102999,98306000000,,,-1381834222693926483,0.0,9.404387843971351,,,0,31,0.0,84011,471120909964331,17,27.09000587463379,-1082.7542168522923,0.010142429731786253,17,-106343.75404365222,0.0050712148658931255,1176450050,,,,0,,6,9.077828407287598,,,,,,Q,
Raw,1697799103999,99306000000,,,-1381834222693929774,0.0,9.401706163938126,,,0,3,0.0,16392,471121914552985,1000000000,7.0,-328.97566288812277,299792458,18,-9.163723082452133,340282346638528860000000000000000000000,1575420030,,,,0,,1,52.750877380371094,,,,,,C,
Raw,1697799103999,99306000000,,,-1381834222693929774,0.0,9.401706163938126,,,0,4,0.0,47,471121923276732,30,28.63888168334961,-444.66601967560564,0.006336878053843976,17,-43817.00481219657,0.0031684390269219875,1575420030,,,,1,,1,52.750877380371094,,,,,,C,
Raw,1697799103999,99306000000,,,-1381834222693929774,0.0,9.401706163938126,,,0,5,0.0,16392,471121915907424,1000000000,13.455789566040039,-1661.5871024210956,299792458,18,-1412.6918085715195,340282346638528860000000000000000000000,1575420030,,,,0,,1,52.750877380371094,,,,,,C,
Raw,1697799103999,99306000000,,,-1381834222693929774,0.0,9.401706163938126,,,0,6,0.0,47,471121928456561,13,39.307952880859375,-569.462769541482,0.00196787784807384,17,-56482.241825343706,0.00098393892403692,1575420030,,,,0,,1,52.750877380371094,,,,,,C,
Raw,1697799103999,99306000000,,,-1381834222693929774,0.0,9.401706163938126,,,0,7,0.0,47,471121929292606,15,37.32571029663086,-1247.3936745113315,0.0024723513051867485,17,-123337.33646736806,0.0012361756525933743,1575420030,,,,0,,1,52.750877380371094,,,,,,C,
Raw,1697799103999,99306000000,,,-1381834222693929774,0.0,9.401706163938126,,,0,9,0.0,47,471121930405823,43,24.344816207885742,-676.8167275078449,0.010389117524027824,17,-66979.05735465129,0.10034139516119635,1575420030,,,,1,,1,52.750877380371094,,,,,,C,
Raw,1697799103999,99306000000,,,-1381834222693929774,0.0,9.401706163938126,,,0,11,0.0,47,471121927837617,23,31.824060440063477,-1062.4831078509887,0.004391536116600037,17,-105240.70957811348,0.0021957680583000183,1575420030,,,,0,,1,52.750877380371094,,,,,,C,
Raw,1697799103999,99306000000,,,-1381834222693929774,0.0,9.401706163938126,,,0,16,0.0,47,471121918691071,32,27.869266510009766,-974.4356750757433,0.006923984736204147,17,-95737.50912828947,0.0034619923681020737,1575420030,,,,0,,1,52.750877380371094,,,,,,C,
Raw,1697799103999,99306000000,,,-1381834222693929774,0.0,9.401706163938126,,,0,20,0.0,47,471121925828031,50,22.428720474243164,-1529.1126838117143,0.9411050925336988,20,-150903.40734948285,340282346638528860000000000000000000000,1575420030,,,,0,,1,52.750877380371094,,,,,,C,
Raw,1697799103999,99306000000,,,-1381834222693929774,0.0,9.401706163938126,,,0,26,0.0,16392,471121915046830,1000000000,11.685073852539062,-611.5683743645268,299792458,20,-41639.971817647966,340282346638528860000000000000000000000,1575420030,,,,0,,1,52.750877380371094,,,,,,C,
Raw,1697799103999,99306000000,,,-1381834222693929774,0.0,9.401706163938126,,,0,29,0.0,16392,471121913967605,1000000000,7.0,-1101.6600571904528,299792458,18,-29.527338165565887,340282346638528860000000000000000000000,1575420030,,,,0,,1,52.750877380371094,,,,,,C,
Raw,1697799103999,99306000000,,,-1381834222693929774,0.0,9.401706163938126,,,0,30,0.0,47,471121924487538,13,41.48294448852539,-1574.5466626616835,0.0016148315044119954,17,-155486.29400537824,0.0008074157522059977,1575420030,,,,0,,1,52.750877380371094,,,,,,C,
Raw,1697799103999,99306000000,,,-1381834222693929774,0.0,9.401706163938126,,,0,6,0.0,81929,471121928456524,8,34.71967315673828,-569.4847678616061,0.004469253588467836,17,-125614.73550540139,0.002234626794233918,1176450050,,,,0,,1,9.172757148742676,,,,,,Q,
Raw,1697799103999,99306000000,,,-1381834222693929774,0.0,9.401706163938126,,,0,9,0.0,81929,471121930405806,31,23.771163940429688,-676.744119643271,0.8815603117291353,20,-137141.10209396883,340282346638528860000000000000000000000,1176450050,,,,0,,1,9.172757148742676,,,,,,Q,
Raw,1697799103999,99306000000,,,-1381834222693929774,0.0,9.401706163938126,,,0,26,0.0,16392,471121915046684,1000000000,9.787559509277344,-612.9680726890056,299792458,20,-541419.1957762239,340282346638528860000000000000000000000,1176450050,,,,1,,1,9.172757148742676,,,,,,Q,
Raw,1697799103999,99306000000,,,-1381834222693929774,0.0,9.401706163938126,,,0,30,0.0,81929,471121924487502,8,39.299259185791016,-1574.5501040668462,0.002637883648276329,17,-343055.41461928235,0.0013189418241381645,1176450050,,,,0,,1,9.172757148742676,,,,,,Q,
Raw,1697799103999,99306000000,,,-1381834222693929774,0.0,9.401706163938126,,,0,10,0.0,227,49903926349341,47,31.983713150024414,-1739.7665810030594,0.004508297890424728,17,-176854.14028717676,0.002254148945212364,1598062460,,,,0,,3,63.91412353515625,,,,,,C,
Raw,1697799103999,99306000000,,,-1381834222693929774,0.0,9.401706163938126,,,0,6,0.0,16457,1922771453,191,14.540797233581543,-417.5327231555584,1.2952662161933954,20,-34739.73256454123,340282346638528860000000000000000000000,1599750020,,,,1,,3,63.91412353515625,,,,,,C,
Raw,1697799103999,99306000000,,,-1381834222693929774,0.0,9.401706163938126,,,0,22,0.0,227,49903924283154,63,28.342803955078125,-200.49692071139722,0.006454620976001024,17,-20327.119376870334,0.003227310488000512,1600312450,,,,0,,3,63.91412353515625,,,,,,C,
Raw,1697799103999,99306000000,,,-1381834222693929774,0.0,9.401706163938126,,,0,9,0.0,227,49903931047455,37,34.92568588256836,-1224.3554716331419,0.003207380184903741,17,-124949.79194966682,0.0016036900924518704,1600875010,,,,0,,3,63.91412353515625,,,,,,C,
Raw,1697799103999,99306000000,,,-1381834222693929774,0.0,9.401706163938126,,,0,16,0.0,227,49903924885727,54,30.250606536865234,-496.7090267056119,0.00517816049978137,17,-50144.210948942215,0.002589080249890685,1601437440,,,,0,,3,63.91412353515625,,,,,,C,
Raw,1697799103999,99306000000,,,-1381834222693929774,0.0,9.401706163938126,,,0,101,0.0,16392,49903918553093,1000000000,17.135391235351562,-1587.9977619251304,299792458,18,-56.94331246994851,340282346638528860000000000000000000000,1602562560,,,,0,,3,63.91412353515625,,,,,,C,
Raw,1697799103999,99306000000,,,-1381834222693929774,0.0,9.401706163938126,,,0,24,0.0,227,49903924248533,73,26.424345016479492,-1418.8007206797774,0.00803583674132824,17,-144179.0312042662,0.00401791837066412,1603124990,,,,0,,3,63.91412353515625,,,,,,C,
Raw,1697799103999,99306000000,,,-1381834222693929774,0.0,9.401706163938126,,,0,23,0.0,227,49903929908314,136,18.792072296142578,-714.7782325051621,1.1053750108689826,20,-69978.42146029032,340282346638528860000000000000000000000,1603687550,,,,0,,3,63.91412353515625,,,,,,C,
Raw,1697799103999,99306000000,,,-1381834222693929774,0.0,9.401706163938126,,,0,7,0.0,227,49903933353726,102,22.370044708251953,-780.135773606999,0.9450973330904224,20,-76828.12955064459,340282346638528860000000000000000000000,1604812540,,,,1,,3,63.91412353515625,,,,,,C,
Raw,1697799103999,99306000000,,,-1381834222693929774,0.0,9.401706163938126,,,0,8,0.0,227,49903931862065,53,30.274158477783203,-1304.7922185961797,0.005151473451405764,17,-127471.79434647423,0.002575736725702882,1605374980,,,,0,,3,63.91412353515625,,,,,,C,
Raw,1697799103999,99306000000,,,-1381834222693929774,0.0,9.401706163938126,,,0,5,0.0,809,471107867647256,19,34.31404495239258,-974.2952122980582,0.405883448153892,20,-94182.08790963599,340282346638528860000000000000000000000,1561097980,,,,0,,5,61.87746810913086,,,,,,C,
Raw,1697799103999,99306000000,,,-1381834222693929774,0.0,9.401706163938126,,,0,9,0.0,16393,471107867277958,32,19.316322326660156,-817.3324805121247,1.0813268422637345,20,471168.65571953205,340282346638528860000000000000000000000,1561097980,,,,1,,5,61.87746810913086,,,,,,C,
Raw,1697799103999,99306000000,,,-1381834222693929774,0.0,9.401706163938126,,,0,19,0.0,65583,471107926104533,9,33.999427795410156,-1135.0463572522567,0.0036592362448573112,17,-149512.93319502345,0.0018296181224286556,1561097980,,,,0,,5,61.87746810913086,,,,,,C,
Raw,1697799103999,99306000000,,,-1381834222693929774,0.0,9.401706163938126,,,0,20,0.0,65583,471107924130925,18,26.552001953125,-666.6404639214888,0.008131777867674828,17,-66389.43790044179,0.004065888933837414,1561097980,,,,0,,5,61.87746810913086,,,,,,C,
Raw,1697799103999,99306000000,,,-1381834222693929774,0.0,9.401706163938126,,,0,22,0.0,12,471107916031587,1000000000,16.6750431060791,-1486.2961206505424,299792458,20,-195416.80953491371,340282346638528860000000000000000000000,1561097980,,,,0,,5,61.87746810913086,,,,,,C,
Raw,1697799103999,99306000000,,,-1381834222693929774,0.0,9.401706163938126,,,0,23,0.0,16392,471107908350085,1000000000,7.0,-438.4103749705407,299792458,20,-29367.182746858813,340282346638528860000000000000000000000,1561097980,,,,1,,5,61.87746810913086,,,,,,C,
Raw,1697799103999,99306000000,,,-1381834222693929774,0.0,9.401706163938126,,,0,29,0.0,16392,471107910998761,1000000000,7.0,-394.9452567441963,299792458,18,-8.557535610356963,340282346638528860000000000000000000000,1561097980,,,,0,,5,61.87746810913086,,,,,,C,
Raw,1697799103999,99306000000,,,-1381834222693929774,0.0,9.401706163938126,,,0,35,0.0,16393,471107917485590,25,22.571128845214844,-598.6990432762527,0.9367981217925223,20,485198.44981704064,340282346638528860000000000000000000000,1561097980,,,,0,,5,61.87746810913086,,,,,,C,
Raw,1697799103999,99306000000,,,-1381834222693929774,0.0,9.401706163938126,,,0,36,0.0,65583,471107912975130,35,18.227705001831055,-1644.130068190112,1.1313056360914349,20,-210710.4000642489,340282346638528860000000000000000000000,1561097980,,,,0,,5,61.87746810913086,,,,,,C,
Raw,1697799103999,99306000000,,,-1381834222693929774,0.0,9.401706163938126,,,0,37,0.0,12,471107919916853,1000000000,8.868314743041992,-828.4448609666479,299792458,20,-104172.62304820638,340282346638528860000000000000000000000,1561097980,,,,0,,5,61.87746810913086,,,,,,C,
Raw,1697799103999,99306000000,,,-1381834222693929774,0.0,9.401706163938126,,,0,3,0.0,83976,471121916229410,1000000000,26.082826614379883,-1323.5015397289908,299792458,20,-73828.36779981275,340282346638528860000000000000000000000,1575420030,,,,0,,6,52.750877380371094,,,,,,C,
Raw,1697799103999,99306000000,,,-1381834222693929774,0.0,9.401706163938126,,,0,5,0.0,16392,471121922083642,1000000000,34.458919525146484,-916.9362102579075,299792458,18,-2.7495438673282657,340282346638528860000000000000000000000,1575420030,,,,0,,6,52.750877380371094,,,,,,C,
Raw,1697799103999,99306000000,,,-1381834222693929774,0.0,9.401706163938126,,,0,9,0.0,84010,471121912435671,1000000000,21.367136001586914,-564.5828792039413,299792458,20,-4410.789787322281,340282346638528860000000000000000000000,1575420030,,,,1,,6,52.750877380371094,,,,,,C,
Raw,1697799103999,99306000000,,,-1381834222693929774,0.0,9.401706163938126,,,0,13,0.0,16392,471121903769348,1000000000,7.0,-1521.6052729485218,299792458,18,-8.88365470005435,340282346638528860000000000000000000000,1575420030,,,,0,,6,52.750877380371094,,,,,,C,
Raw,1697799103999,99306000000,,,-1381834222693929774,0.0,9.401706163938126,,,0,15,0.0,83976,471121916053194,1000000000,26.01787567138672,-1160.5786724410873,299792458,20,-75307.70492055056,340282346638528860000000000000000000000,1575420030,,,,1,,6,52.750877380371094,,,,,,C,
Raw,1697799103999,99306000000,,,-1381834222693929774,0.0,9.401706163938126,,,0,24,0.0,16392,471121909583361,1000000000,36.54724884033203,-1450.871769649516,299792458,18,-2.7248677260923175,340282346638528860000000000000000000000,1575420030,,,,0,,6,52.750877380371094,,,,,,C,
Raw,1697799103999,99306000000,,,-1381834222693929774,0.0,9.401706163938126,,,0,31,0.0,83976,471121909967968,1000000000,31.604652404785156,-1082.7541095677716,299792458,20,-36377.51338439117,340282346638528860000000000000000000000,1575420030,,,,0,,6,52.750877380371094,,,,,,C,
Raw,1697799103999,99306000000,,,-1381834222693929774,0.0,9.401706163938126,,,0,3,0.0,16392,471121916229425,1000000000,15.141830444335938,-1324.985489885994,299792458,20,84806.16901001857,340282346638528860000000000000000000000,1176450050,,,,1,,6,9.172757148742676,,,,,,Q,
Raw,1697799103999,99306000000,,,-1381834222693929774,0.0,9.401706163938126,,,0,9,0.0,84011,471121912435854,24,25.20428466796875,-565.2415516708729,0.012601670809090137,17,3391.925293498383,0.006300835404545069,1176450050,,,,0,,6,9.172757148742676,,,,,,Q,
Raw,1697799103999,99306000000,,,-1381834222693929774,0.0,9.401706163938126,,,0,15,0.0,84011,471121916053203,98,18.400392532348633,-1159.4215048772248,1.1240937350373699,20,-79043.72694969206,340282346638528860000000000000000000000,1176450050,,,,0,,6,9.172757148742676,,,,,,Q,
Raw,1697799103999,99306000000,,,-1381834222693929774,0.0,9.401706163938126,,,0,31,0.0,84011,471121909967940,17,26.61180877685547,-1082.780094122878,0.010716471821069717,17,-107426.5341377751,0.005358235910534859,1176450050,,,,0,,6,9.172757148742676,,,,,,Q,
Raw,1697799104999,100306000000,,,-1381834222693933063,0.0,9.185176406830616,,,0,3,0.0,16392,471122914554081,1000000000,11.31766128540039,-328.97566288812277,299792458,18,-9.171440986207578,340282346638528860000000000000000000000,1575420030,,,,0,,1,49.160926818847656,,,,,,C,
Raw,1697799104999,100306000000,,,-1381834222693933063,0.0,9.185176406830616,,,0,4,0.0,47,471122923278220,30,28.732093811035156,-444.807040247033,0.006269237957894802,17,-44261.8118524436,0.003134618978947401,1575420030,,,,1,,1,49.160926818847656,,,,,,C,
Raw,1697799104999,100306000000,,,-1381834222693933063,0.0,9.185176406830616,,,0,5,0.0,16392,471122915912972,1000000000,7.0,-1661.5871024210956,299792458,18,-1412.730790085574,340282346638528860000000000000000000000,1575420030,,,,0,,1,49.160926818847656,,,,,,C,
Raw,1697799104999,100306000000,,,-1381834222693933063,0.0,9.185176406830616,,,0,6,0.0,47,471122928458457,13,38.990203857421875,-569.5255603021506,0.0020411997102200985,17,-57051.76738564586,0.0010205998551100492,1575420030,,,,0,,1,49.160926818847656,,,,,,C,
Raw,1697799104999,100306000000,,,-1381834222693933063,0.0,9.185176406830616,,,0,7,0.0,47,471122929296756,15,37.18498229980469,-1247.4469385792618,0.0025127343833446503,17,-124584.78340594732,0.0012563671916723251,1575420030,,,,0,,1,49.160926818847656,,,,,,C,
Raw,1697799104999,100306000000,,,-1381834222693933063,0.0,9.185176406830616,,,0,9,0.0,47,471122930408069,41,24.942663192749023,-676.8940921988979,0.009698092006146908,17,-67655.95144685019,0.09999588240225589,1575420030,,,,0,,1,49.160926818847656,,,,,,C,
Raw,1697799104999,100306000000,,,-1381834222693933063,0.0,9.185176406830616,,,0,11,0.0,47,471122927841172,24,31.360591888427734,-1062.5035803695937,0.004632226657122374,17,-106303.21315848308,0.002316113328561187,1575420030,,,,0,,1,49.160926818847656,,,,,,C,
Raw,1697799104999,100306000000,,,-1381834222693933063,0.0,9.185176406830616,,,0,16,0.0,47,471122918694309,31,28.34696388244629,-974.4651530070695,0.006553470157086849,17,-96711.97428129654,0.0032767350785434246,1575420030,,,,1,,1,49.160926818847656,,,,,,C,
Raw,1697799104999,100306000000,,,-1381834222693933063,0.0,9.185176406830616,,,0,20,0.0,47,471122925833120,53,21.685169219970703,-1529.5865662872075,0.9745426450744916,20,-152432.8445213085,340282346638528860000000000000000000000,1575420030,,,,0,,1,49.160926818847656,,,,,,C,
Raw,1697799104999,100306000000,,,-1381834222693933063,0.0,9.185176406830616,,,0,26,0.0,16392,471122915048881,1000000000,11.913106918334961,-614.3411185324835,299792458,20,-42255.24053385302,340282346638528860000000000000000000000,1575420030,,,,0,,1,49.160926818847656,,,,,,C,
Raw,1697799104999,100306000000,,,-1381834222693933063,0.0,9.185176406830616,,,0,29,0.0,16392,471122913971282,1000000000,15.148378372192383,-1101.4743759673165,299792458,18,-29.55060814298724,340282346638528860000000000000000000000,1575420030,,,,0,,1,49.160926818847656,,,,,,C,
Raw,1697799104999,100306000000,,,-1381834222693933063,0.0,9.185176406830616,,,0,30,0.0,47,471122924492789,12,42.21181869506836,-1574.6466277508005,0.0014848532155156136,17,-157060.94063312904,0.0007424266077578068,1575420030,,,,0,,1,49.160926818847656,,,,,,C,
Raw,1697799104999,100306000000,,,-1381834222693933063,0.0,9.185176406830616,,,0,6,0.0,81929,471122928458426,8,34.39152526855469,-569.5265531525947,0.004641328938305378,17,-126184.26205855398,0.002320664469152689,1176450050,,,,0,,1,9.809704780578613,,,,,,Q,
Raw,1697799104999,100306000000,,,-1381834222693933063,0.0,9.185176406830616,,,0,9,0.0,81929,471122930408071,35,23.846813201904297,-676.6504610527463,0.8781588559412397,20,-137817.97184671028,340282346638528860000000000000000000000,1176450050,,,,1,,1,9.809704780578613,,,,,,Q,
Raw,1697799104999,100306000000,,,-1381834222693933063,0.0,9.185176406830616,,,0,26,0.0,16392,471122915048736,1000000000,9.763530731201172,-613.1089013993578,299792458,20,-542033.811094165,340282346638528860000000000000000000000,1176450050,,,,1,,1,9.809704780578613,,,,,,Q,
Raw,1697799104999,100306000000,,,-1381834222693933063,0.0,9.185176406830616,,,0,30,0.0,81929,471122924492755,8,40.02678298950195,-1574.6373021997279,0.002425936283543706,17,-344630.0519214821,0.001212968141771853,1176450050,,,,0,,1,9.809704780578613,,,,,,Q,
Raw,1697799104999,100306000000,,,-1381834222693933063,0.0,9.185176406830616,,,0,10,0.0,227,49904926355151,53,30.365278244018555,-1739.865697704081,0.005121039692312479,17,-178594.00598488085,0.0025605198461562395,1598062460,,,,0,,3,63.945350646972656,,,,,,C,
Raw,1697799104999,100306000000,,,-1381834222693933063,0.0,9.185176406830616,,,0,6,0.0,16457,922772581,189,14.711854934692383,-417.8312513922417,1.2875740986523079,20,-35156.906065344025,340282346638528860000000000000000000000,1599750020,,,,1,,3,63.945350646972656,,,,,,C,
Raw,1697799104999,100306000000,,,-1381834222693933063,0.0,9.185176406830616,,,0,22,0.0,227,49904924283829,63,28.298402786254883,-200.63154485411724,0.006487702950835228,17,-20527.75092172445,0.003243851475417614,1600312450,,,,0,,3,63.945350646972656,,,,,,C,
Raw,1697799104999,100306000000,,,-1381834222693933063,0.0,9.185176406830616,,,0,9,0.0,227,49904931051562,41,33.60944747924805,-1224.3679562704638,0.0037321774289011955,17,-126174.15990593728,0.0018660887144505978,1600875010,,,,0,,3,63.945350646972656,,,,,,C,
Raw,1697799104999,100306000000,,,-1381834222693933063,0.0,9.185176406830616,,,0,16,0.0,227,49904924887409,59,29.098434448242188,-496.70776949729776,0.005912675987929106,17,-50640.91871843951,0.002956337993964553,1601437440,,,,0,,3,63.945350646972656,,,,,,C,
Raw,1697799104999,100306000000,,,-1381834222693933063,0.0,9.185176406830616,,,0,101,0.0,16392,49904918558398,1000000000,7.282526016235352,-1587.9977619251304,299792458,18,-56.918451449526046,340282346638528860000000000000000000000,1602562560,,,,0,,3,63.945350646972656,,,,,,C,
Raw,1697799104999,100306000000,,,-1381834222693933063,0.0,9.185176406830616,,,0,24,0.0,227,49904924253313,82,24.998310089111328,-1418.8463330940576,0.00946962833404541,17,-145597.87753736027,0.004734814167022705,1603124990,,,,0,,3,63.945350646972656,,,,,,C,
Raw,1697799104999,100306000000,,,-1381834222693933063,0.0,9.185176406830616,,,0,23,0.0,227,49904929910670,149,17.64227294921875,-715.2803352546562,1.157080626971406,20,-70692.12309920984,340282346638528860000000000000000000000,1603687550,,,,0,,3,63.945350646972656,,,,,,C,
Raw,1697799104999,100306000000,,,-1381834222693933063,0.0,9.185176406830616,,,0,7,0.0,227,49904933356633,79,25.44483184814453,-779.9494788996453,0.8068282019095734,20,-77608.50179336003,340282346638528860000000000000000000000,1604812540,,,,1,,3,63.945350646972656,,,,,,C,
Raw,1697799104999,100306000000,,,-1381834222693933063,0.0,9.185176406830616,,,0,8,0.0,227,49904931866434,55,29.9973087310791,-1304.9086278748873,0.005318313371390104,17,-128776.70297434911,0.002659156685695052,1605374980,,,,0,,3,63.945350646972656,,,,,,C,
Raw,1697799104999,100306000000,,,-1381834222693933063,0.0,9.185176406830616,,,0,5,0.0,809,471108867650503,21,33.31442642211914,-974.3120490315805,0.4508357120338078,20,-95156.86348315641,340282346638528860000000000000000000000,1561097980,,,,0,,5,61.72974395751953,,,,,,C,
Raw,1697799104999,100306000000,,,-1381834222693933063,0.0,9.185176406830616,,,0,9,0.0,16393,471108867280686,35,18.3336124420166,-817.4155053762142,1.1255188077507299,20,470352.15778700873,340282346638528860000000000000000000000,1561097980,,,,1,,5,61.72974395751953,,,,,,C,
Raw,1697799104999,100306000000,,,-1381834222693933063,0.0,9.185176406830616,,,0,19,0.0,65583,471108926108324,9,34.07231140136719,-1135.1533950460143,0.0036286604590713978,17,-150648.08659006946,0.0018143302295356989,1561097980,,,,0,,5,61.72974395751953,,,,,,C,
Raw,1697799104999,100306000000,,,-1381834222693933063,0.0,9.185176406830616,,,0,20,0.0,65583,471108924133157,20,25.225406646728516,-666.8753398623521,0.8150363491439516,20,-67056.1063988012,340282346638528860000000000000000000000,1561097980,,,,0,,5,61.72974395751953,,,,,,C,
Raw,1697799104999,100306000000,,,-1381834222693933063,0.0,9.185176406830616,,,0,22,0.0,12,471108916036665,1000000000,17.313274383544922,-1485.9013094741822,299792458,20,-196902.56829429447,340282346638528860000000000000000000000,1561097980,,,,0,,5,61.72974395751953,,,,,,C,
Raw,1697799104999,100306000000,,,-1381834222693933063,0.0,9.185176406830616,,,0,23,0.0,16392,471108908351551,1000000000,7.0,-438.785111580009,299792458,20,-29805.97081129877,340282346638528860000000000000000000000,1561097980,,,,1,,5,61.72974395751953,,,,,,C,
Raw,1697799104999,100306000000,,,-1381834222693933063,0.0,9.185176406830616,,,0,29,0.0,16392,471108911000080,1000000000,7.0,-394.9452567441963,299792458,18,-8.566801188123133,340282346638528860000000000000000000000,1561097980,,,,0,,5,61.72974395751953,,,,,,C,
Raw,1697799104999,100306000000,,,-1381834222693933063,0.0,9.185176406830616,,,0,35,0.0,16392,471108917487544,1000000000,21.546096801757812,-599.4900289272341,299792458,20,484599.5139813115,340282346638528860000000000000000000000,1561097980,,,,1,,5,61.72974395751953,,,,,,C,
Raw,1697799104999,100306000000,,,-1381834222693933063,0.0,9.185176406830616,,,0,36,0.0,65583,471108912980605,41,16.41828155517578,-1644.8610687176133,1.2126743058093457,20,-212354.14208060683,340282346638528860000000000000000000000,1561097980,,,,0,,5,61.72974395751953,,,,,,C,
Raw,1697799104999,100306000000,,,-1381834222693933063,0.0,9.185176406830616,,,0,37,0.0,65583,471108919919445,24,22.918182373046875,-826.8384866258148,0.9216292319190411,20,-105001.33715787155,340282346638528860000000000000000000000,1561097980,,,,1,,5,61.72974395751953,,,,,,C,
Raw,1697799104999,100306000000,,,-1381834222693933063,0.0,9.185176406830616,,,0,3,0.0,83976,471122916233819,1000000000,25.869361877441406,-1324.0715347318783,299792458,20,-75151.73752529126,340282346638528860000000000000000000000,1575420030,,,,0,,6,49.160926818847656,,,,,,C,
Raw,1697799104999,100306000000,,,-1381834222693933063,0.0,9.185176406830616,,,0,5,0.0,16392,471122922086701,1000000000,36.72608184814453,-916.9362102579075,299792458,18,-2.771055566025955,340282346638528860000000000000000000000,1575420030,,,,0,,6,49.160926818847656,,,,,,C,
Raw,1697799104999,100306000000,,,-1381834222693933063,0.0,9.185176406830616,,,0,9,0.0,84010,471122912437553,1000000000,23.288143157958984,-565.7519415451302,299792458,20,-4976.752915459521,340282346638528860000000000000000000000,1575420030,,,,1,,6,49.160926818847656,,,,,,C,
Raw,1697799104999,100306000000,,,-1381834222693933063,0.0,9.185176406830616,,,0,13,0.0,16392,471122903774427,1000000000,7.0,-1521.6052729485218,299792458,18,-8.919352183330375,340282346638528860000000000000000000000,1575420030,,,,0,,6,49.160926818847656,,,,,,C,
Raw,1697799104999,100306000000,,,-1381834222693933063,0.0,9.185176406830616,,,0,15,0.0,83976,471122916057094,1000000000,26.426454544067383,-1160.4596565029096,299792458,20,-76468.36301097056,340282346638528860000000000000000000000,1575420030,,,,1,,6,49.160926818847656,,,,,,C,
Raw,1697799104999,100306000000,,,-1381834222693933063,0.0,9.185176406830616,,,0,24,0.0,16392,471122909588203,1000000000,37.29451370239258,-1450.871769649516,299792458,18,-2.758905771974077,340282346638528860000000000000000000000,1575420030,,,,0,,6,49.160926818847656,,,,,,C,
Raw,1697799104999,100306000000,,,-1381834222693933063,0.0,9.185176406830616,,,0,31,0.0,83976,471122909971572,1000000000,31.7827205657959,-1082.6656315106384,299792458,20,-37460.258865071235,340282346638528860000000000000000000000,1575420030,,,,0,,6,49.160926818847656,,,,,,C,
Raw,1697799104999,100306000000,,,-1381834222693933063,0.0,9.185176406830616,,,0,3,0.0,16392,471122916233837,1000000000,15.019856452941895,-1323.2035227291553,299792458,20,83482.68721051599,340282346638528860000000000000000000000,1176450050,,,,1,,6,9.809704780578613,,,,,,Q,
Raw,1697799104999,100306000000,,,-1381834222693933063,0.0,9.185176406830616,,,0,9,0.0,84011,471122912437742,21,25.20624542236328,-565.3411005452112,0.012598823755979538,17,2826.5841929531716,0.006299411877989769,1176450050,,,,0,,6,9.809704780578613,,,,,,Q,
Raw,1697799104999,100306000000,,,-1381834222693933063,0.0,9.185176406830616,,,0,15,0.0,16392,471122916057077,1000000000,16.277786254882812,-1159.9286518302843,299792458,20,-80204.37528108247,340282346638528860000000000000000000000,1176450050,,,,0,,6,9.809704780578613,,,,,,Q,
Raw,1697799104999,100306000000,,,-1381834222693933063,0.0,9.185176406830616,,,0,31,0.0,84011,471122909971552,15,27.006364822387695,-1082.8492485390016,0.010240569710731508,17,-108509.3833863141,0.005120284855365753,1176450050,,,,0,,6,9.809704780578613,,,,,,Q,
Raw,1697799105999,101306000000,,,-1381834222693936355,0.0,9.0390073488867,,,0,3,0.0,16392,471123914555182,1000000000,10.644210815429688,-329.1613100288025,299792458,18,-9.161168778176439,340282346638528860000000000000000000000,1575420030,,,,0,,1,52.76594161987305,,,,,,C,
Raw,1697799105999,101306000000,,,-1381834222693936355,0.0,9.0390073488867,,,0,4,0.0,47,471123923279732,28,29.67776107788086,-444.86927656467014,0.005622525699436665,17,-44706.68112900827,0.0028112628497183323,1575420030,,,,1,,1,52.76594161987305,,,,,,C,
Raw,1697799105999,101306000000,,,-1381834222693936355,0.0,9.0390073488867,,,0,5,0.0,16392,471123915918513,1000000000,11.227603912353516,-1661.7727836442318,299792458,18,-1412.6685981367277,340282346638528860000000000000000000000,1575420030,,,,0,,1,52.76594161987305,,,,,,C,
Raw,1697799105999,101306000000,,,-1381834222693936355,0.0,9.0390073488867,,,0,6,0.0,47,471123928460360,16,36.25547790527344,-569.5469355700916,0.0027965449262410402,17,-57621.31432121595,0.0013982724631205201,1575420030,,,,0,,1,52.76594161987305,,,,,,C,
Raw,1697799105999,101306000000,,,-1381834222693936355,0.0,9.0390073488867,,,0,7,0.0,47,471123929300922,14,37.57953643798828,-1247.4483228682368,0.002401147736236453,17,-125832.23172881556,0.0012005738681182265,1575420030,,,,0,,1,52.76594161987305,,,,,,C,
Raw,1697799105999,101306000000,,,-1381834222693936355,0.0,9.0390073488867,,,0,9,0.0,47,471123930410369,37,26.028121948242188,-676.9365442767448,0.008558808825910091,17,-68332.88799112693,0.09942624081213748,1575420030,,,,0,,1,52.76594161987305,,,,,,C,
Raw,1697799105999,101306000000,,,-1381834222693936355,0.0,9.0390073488867,,,0,11,0.0,47,471123927844727,24,31.289064407348633,-1062.481504855692,0.004670530557632446,17,-107365.69466333877,0.002335265278816223,1575420030,,,,0,,1,52.76594161987305,,,,,,C,
Raw,1697799105999,101306000000,,,-1381834222693936355,0.0,9.0390073488867,,,0,16,0.0,47,471123918697575,31,28.2982177734375,-974.4498533034057,0.006590351462364196,17,-97686.42413459995,0.0032951757311820984,1575420030,,,,0,,1,52.76594161987305,,,,,,C,
Raw,1697799105999,101306000000,,,-1381834222693936355,0.0,9.0390073488867,,,0,20,0.0,46,471123925838246,1000000000,21.127586364746094,-1529.2982287050245,299792458,20,-153962.3319892086,340282346638528860000000000000000000000,1575420030,,,,0,,1,52.76594161987305,,,,,,C,
Raw,1697799105999,101306000000,,,-1381834222693936355,0.0,9.0390073488867,,,0,26,0.0,16392,471123915050932,1000000000,11.052898406982422,-614.1375781021293,299792458,20,-42868.97388489315,340282346638528860000000000000000000000,1575420030,,,,0,,1,52.76594161987305,,,,,,C,
Raw,1697799105999,101306000000,,,-1381834222693936355,0.0,9.0390073488867,,,0,29,0.0,16392,471123913974960,1000000000,7.0,-1101.6600571904528,299792458,18,-29.647950016837008,340282346638528860000000000000000000000,1575420030,,,,0,,1,52.76594161987305,,,,,,C,
Raw,1697799105999,101306000000,,,-1381834222693936355,0.0,9.0390073488867,,,0,30,0.0,47,471123924498044,13,41.72401428222656,-1574.6843281145268,0.0015706295380368829,17,-158635.62496124356,0.0007853147690184414,1575420030,,,,0,,1,52.76594161987305,,,,,,C,
Raw,1697799105999,101306000000,,,-1381834222693936355,0.0,9.0390073488867,,,0,6,0.0,81929,471123928460328,10,33.6254997253418,-569.5473063697573,0.005069248378276825,17,-126753.80936492374,0.0025346241891384125,1176450050,,,,0,,1,8.687385559082031,,,,,,Q,
Raw,1697799105999,101306000000,,,-1381834222693936355,0.0,9.0390073488867,,,0,9,0.0,81929,471123930410327,37,22.773717880249023,-676.9919027568831,0.016670797020196915,17,-138494.96374946716,0.008335398510098457,1176450050,,,,0,,1,8.687385559082031,,,,,,Q,
Raw,1697799105999,101306000000,,,-1381834222693936355,0.0,9.0390073488867,,,0,26,0.0,16392,471123915050783,1000000000,7.0,-614.5753331737083,299792458,20,-542649.479083788,340282346638528860000000000000000000000,1176450050,,,,1,,1,8.687385559082031,,,,,,Q,
Raw,1697799105999,101306000000,,,-1381834222693936355,0.0,9.0390073488867,,,0,30,0.0,81929,471123924498006,8,38.68718719482422,-1574.7096073459832,0.0028304746374487877,17,-346204.76152882806,0.0014152373187243938,1176450050,,,,0,,1,8.687385559082031,,,,,,Q,
Raw,1697799105999,101306000000,,,-1381834222693936355,0.0,9.0390073488867,,,0,10,0.0,227,49905926360965,56,29.79268455505371,-1739.867242481443,0.005470005329698325,17,-180333.8732273623,0.002735002664849162,1598062460,,,,0,,3,61.556697845458984,,,,,,C,
Raw,1697799105999,101306000000,,,-1381834222693936355,0.0,9.0390073488867,,,0,6,0.0,16457,1922773986,190,14.634843826293945,-416.69378348824944,1.2910375951618427,20,-35575.369502378504,340282346638528860000000000000000000000,1599750020,,,,1,,3,61.556697845458984,,,,,,C,
Raw,1697799105999,101306000000,,,-1381834222693936355,0.0,9.0390073488867,,,0,22,0.0,227,49905924284454,56,29.697084426879883,-200.69187282040005,0.005522768013179302,17,-20728.44279454485,0.002761384006589651,1600312450,,,,0,,3,61.556697845458984,,,,,,C,
Raw,1697799105999,101306000000,,,-1381834222693936355,0.0,9.0390073488867,,,0,9,0.0,227,49905931055650,39,34.182159423828125,-1224.294517208633,0.0034940303303301334,17,-127398.45442314591,0.0017470151651650667,1600875010,,,,0,,3,61.556697845458984,,,,,,C,
Raw,1697799105999,101306000000,,,-1381834222693936355,0.0,9.0390073488867,,,0,16,0.0,227,49905924889028,55,29.835994720458984,-496.6939561315594,0.005431328900158406,17,-51137.61267457107,0.0027156644500792027,1601437440,,,,0,,3,61.556697845458984,,,,,,C,
Raw,1697799105999,101306000000,,,-1381834222693936355,0.0,9.0390073488867,,,0,101,0.0,16392,49905918563696,1000000000,7.0,-1588.2713758860955,299792458,18,-56.99795635677984,340282346638528860000000000000000000000,1602562560,,,,0,,3,61.556697845458984,,,,,,C,
Raw,1697799105999,101306000000,,,-1381834222693936355,0.0,9.0390073488867,,,0,24,0.0,227,49905924258102,82,24.961894989013672,-1418.5820503398054,0.8269086932910215,20,-147016.69482137254,340282346638528860000000000000000000000,1603124990,,,,0,,3,61.556697845458984,,,,,,C,
Raw,1697799105999,101306000000,,,-1381834222693936355,0.0,9.0390073488867,,,0,23,0.0,227,49905929912955,117,20.59781837463379,-715.6462445078851,1.024173425068791,20,-71408.12650405816,340282346638528860000000000000000000000,1603687550,,,,0,,3,61.556697845458984,,,,,,C,
Raw,1697799105999,101306000000,,,-1381834222693936355,0.0,9.0390073488867,,,0,7,0.0,227,49905933359182,73,26.492155075073242,-780.3822978324315,0.007964963093400002,17,-78388.88409119246,0.003982481546700001,1604812540,,,,0,,3,61.556697845458984,,,,,,C,
Raw,1697799105999,101306000000,,,-1381834222693936355,0.0,9.0390073488867,,,0,8,0.0,227,49905931870743,54,30.266281127929688,-1304.946740839572,0.005156147293746471,17,-130081.64971518869,0.0025780736468732357,1605374980,,,,0,,3,61.556697845458984,,,,,,C,
Raw,1697799105999,101306000000,,,-1381834222693936355,0.0,9.0390073488867,,,0,5,0.0,809,471109867653756,24,31.384754180908203,-974.2608571818832,0.5376114769415752,20,-96131.73749888071,340282346638528860000000000000000000000,1561097980,,,,0,,5,61.93585968017578,,,,,,C,
Raw,1697799105999,101306000000,,,-1381834222693936355,0.0,9.0390073488867,,,0,9,0.0,16393,471109867283363,38,17.295949935913086,-816.4124586807479,1.172181684768331,20,469535.57836930454,340282346638528860000000000000000000000,1561097980,,,,1,,5,61.93585968017578,,,,,,C,
Raw,1697799105999,101306000000,,,-1381834222693936355,0.0,9.0390073488867,,,0,19,0.0,65583,471109926112124,10,32.93510818481445,-1135.21491830991,0.004136246629059315,17,-151783.30150837937,0.0020681233145296574,1561097980,,,,1,,5,61.93585968017578,,,,,,C,
Raw,1697799105999,101306000000,,,-1381834222693936355,0.0,9.0390073488867,,,0,20,0.0,65583,471109924135378,18,26.368133544921875,-666.8135957545746,0.008305750787258148,17,-67722.91999455578,0.10017261854876731,1561097980,,,,0,,5,61.93585968017578,,,,,,C,
Raw,1697799105999,101306000000,,,-1381834222693936355,0.0,9.0390073488867,,,0,22,0.0,12,471109916041412,1000000000,18.772287368774414,-1486.4005492973283,299792458,20,-198388.82270660912,340282346638528860000000000000000000000,1561097980,,,,0,,5,61.93585968017578,,,,,,C,
Raw,1697799105999,101306000000,,,-1381834222693936355,0.0,9.0390073488867,,,0,23,0.0,16392,471109908353018,1000000000,7.0,-438.785111580009,299792458,20,-30245.12762097661,340282346638528860000000000000000000000,1561097980,,,,1,,5,61.93585968017578,,,,,,C,
Raw,1697799105999,101306000000,,,-1381834222693936355,0.0,9.0390073488867,,,0,29,0.0,16392,471109911001399,1000000000,7.0,-395.31995927120806,299792458,18,-8.55546321189422,340282346638528860000000000000000000000,1561097980,,,,0,,5,61.93585968017578,,,,,,C,
Raw,1697799105999,101306000000,,,-1381834222693936355,0.0,9.0390073488867,,,0,35,0.0,16392,471109917489539,1000000000,19.23629379272461,-599.6380831183692,299792458,20,484000.55393278337,340282346638528860000000000000000000000,1561097980,,,,1,,5,61.93585968017578,,,,,,C,
Raw,1697799105999,101306000000,,,-1381834222693936355,0.0,9.0390073488867,,,0,36,0.0,65583,471109912986083,41,16.222553253173828,-1646.478758434012,1.2214768990139362,20,-213998.8025861805,340282346638528860000000000000000000000,1561097980,,,,1,,5,61.93585968017578,,,,,,C,
Raw,1697799105999,101306000000,,,-1381834222693936355,0.0,9.0390073488867,,,0,37,0.0,12,471109919922347,1000000000,23.710182189941406,-826.8344648959451,299792458,20,-105827.85436933271,340282346638528860000000000000000000000,1561097980,,,,1,,5,61.93585968017578,,,,,,C,
Raw,1697799105999,101306000000,,,-1381834222693936355,0.0,9.0390073488867,,,0,3,0.0,83976,471123916238247,1000000000,25.49163055419922,-1324.377595191453,299792458,20,-76475.41543420502,340282346638528860000000000000000000000,1575420030,,,,0,,6,52.76594161987305,,,,,,C,
Raw,1697799105999,101306000000,,,-1381834222693936355,0.0,9.0390073488867,,,0,5,0.0,16392,471123922089764,1000000000,34.97846984863281,-917.1218233161308,299792458,18,-2.7355638016723045,340282346638528860000000000000000000000,1575420030,,,,0,,6,52.76594161987305,,,,,,C,
Raw,1697799105999,101306000000,,,-1381834222693936355,0.0,9.0390073488867,,,0,9,0.0,83976,471123912439437,1000000000,24.259307861328125,-566.1116818737285,299792458,20,-5541.07777038999,340282346638528860000000000000000000000,1575420030,,,,1,,6,52.76594161987305,,,,,,C,
Raw,1697799105999,101306000000,,,-1381834222693936355,0.0,9.0390073488867,,,0,13,0.0,16392,471123903779506,1000000000,7.0,-1521.790954171658,299792458,18,-8.860403413868282,340282346638528860000000000000000000000,1575420030,,,,0,,6,52.76594161987305,,,,,,C,
Raw,1697799105999,101306000000,,,-1381834222693936355,0.0,9.0390073488867,,,0,15,0.0,83976,471123916060931,1000000000,25.53704071044922,-1160.7569918536146,299792458,20,-77629.30694545753,340282346638528860000000000000000000000,1575420030,,,,1,,6,52.76594161987305,,,,,,C,
Raw,1697799105999,101306000000,,,-1381834222693936355,0.0,9.0390073488867,,,0,24,0.0,16392,471123909593045,1000000000,37.04021072387695,-1451.0574508726522,299792458,18,-2.702351030641073,340282346638528860000000000000000000000,1575420030,,,,0,,6,52.76594161987305,,,,,,C,
Raw,1697799105999,101306000000,,,-1381834222693936355,0.0,9.0390073488867,,,0,31,0.0,83976,471123909975225,1000000000,32.084617614746094,-1082.9151150923853,299792458,20,-38543.11625532005,340282346638528860000000000000000000000,1575420030,,,,0,,6,52.76594161987305,,,,,,C,
Raw,1697799105999,101306000000,,,-1381834222693936355,0.0,9.0390073488867,,,0,3,0.0,16392,471123916238234,1000000000,17.050018310546875,-1324.6486188857225,299792458,20,82158.726166827,340282346638528860000000000000000000000,1176450050,,,,0,,6,8.687385559082031,,,,,,Q,
Raw,1697799105999,101306000000,,,-1381834222693936355,0.0,9.0390073488867,,,0,9,0.0,84011,471123912439626,21,24.986692428588867,-565.434017212634,0.012921346351504326,17,2261.1501757405376,0.006460673175752163,1176450050,,,,0,,6,8.687385559082031,,,,,,Q,
Raw,1697799105999,101306000000,,,-1381834222693936355,0.0,9.0390073488867,,,0,15,0.0,16392,471123916060947,1000000000,16.896259307861328,-1161.2837703016312,299792458,20,-81359.77836782477,340282346638528860000000000000000000000,1176450050,,,,0,,6,8.687385559082031,,,,,,Q,
Raw,1697799105999,101306000000,,,-1381834222693936355,0.0,9.0390073488867,,,0,31,0.0,84011,471123909975156,18,26.880111694335938,-1082.8317182501924,0.01039050705730915,17,-109592.2151045643,0.005195253528654575,1176450050,,,,0,,6,8.687385559082031,,,,,,Q,
Raw,1697799106999,102306000000,,,-1381834222693939648,0.0,8.781725916730975,,,0,3,0.0,16392,471124914556281,1000000000,7.0,-329.1613100288025,299792458,18,-9.168891037079511,340282346638528860000000000000000000000,1575420030,,,,0,,1,52.76594161987305,,,,,,C,
Raw,1697799106999,102306000000,,,-1381834222693939648,0.0,8.781725916730975,,,0,4,0.0,47,471124923281217,32,28.066688537597656,-445.0017963284554,0.0067683858796954155,17,-45151.682925336725,0.0033841929398477077,1575420030,,,,1,,1,52.76594161987305,,,,,,C,
Raw,1697799106999,102306000000,,,-1381834222693939648,0.0,8.781725916730975,,,0,5,0.0,16392,471124915924061,1000000000,16.27872657775879,-1661.7727836442318,299792458,18,-1412.7075840066634,340282346638528860000000000000000000000,1575420030,,,,0,,1,52.76594161987305,,,,,,C,
Raw,1697799106999,102306000000,,,-1381834222693939648,0.0,8.781725916730975,,,0,6,0.0,47,471124928462266,13,38.908843994140625,-569.4952463679583,0.002060409402474761,17,-58190.80956758391,0.0010302047012373805,1575420030,,,,0,,1,52.76594161987305,,,,,,C,
Raw,1697799106999,102306000000,,,-1381834222693939648,0.0,8.781725916730975,,,0,7,0.0,47,471124929305080,16,36.431148529052734,-1247.4658356721047,0.002740553580224514,17,-127079.69756448767,0.001370276790112257,1575420030,,,,0,,1,52.76594161987305,,,,,,C,
Raw,1697799106999,102306000000,,,-1381834222693939648,0.0,8.781725916730975,,,0,9,0.0,47,471124930412606,38,25.97370719909668,-677.032467420664,0.008612597361207008,17,-69009.9204585476,0.09945313507978594,1575420030,,,,0,,1,52.76594161987305,,,,,,C,
Raw,1697799106999,102306000000,,,-1381834222693939648,0.0,8.781725916730975,,,0,11,0.0,47,471124927848284,26,30.281511306762695,-1062.4366040134046,0.005244981497526169,17,-108428.13126735218,0.0026224907487630844,1575420030,,,,1,,1,52.76594161987305,,,,,,C,
Raw,1697799106999,102306000000,,,-1381834222693939648,0.0,8.781725916730975,,,0,16,0.0,47,471124918700804,32,27.879840850830078,-974.5028552471776,0.006915560457855463,17,-98660.92698984712,0.0034577802289277315,1575420030,,,,1,,1,52.76594161987305,,,,,,C,
Raw,1697799106999,102306000000,,,-1381834222693939648,0.0,8.781725916730975,,,0,20,0.0,47,471124925843342,61,20.105316162109375,-1529.814646086258,1.045588723907652,20,-155491.71444698042,340282346638528860000000000000000000000,1575420030,,,,1,,1,52.76594161987305,,,,,,C,
Raw,1697799106999,102306000000,,,-1381834222693939648,0.0,8.781725916730975,,,0,26,0.0,16392,471124915052986,1000000000,10.192676544189453,-614.3231911603525,299792458,20,-43483.49487302632,340282346638528860000000000000000000000,1575420030,,,,0,,1,52.76594161987305,,,,,,C,
Raw,1697799106999,102306000000,,,-1381834222693939648,0.0,8.781725916730975,,,0,29,0.0,16392,471124913978637,1000000000,7.0,-1101.6600571904528,299792458,18,-29.535953297807403,340282346638528860000000000000000000000,1575420030,,,,0,,1,52.76594161987305,,,,,,C,
Raw,1697799106999,102306000000,,,-1381834222693939648,0.0,8.781725916730975,,,0,30,0.0,47,471124924503291,13,41.23805236816406,-1574.706490781449,0.0016610089223831892,17,-160210.331452025,0.0008305044611915946,1575420030,,,,0,,1,52.76594161987305,,,,,,C,
Raw,1697799106999,102306000000,,,-1381834222693939648,0.0,8.781725916730975,,,0,6,0.0,81929,471124928462221,8,32.455055236816406,-569.4475475580548,0.005800504703074694,17,-127323.2569124818,0.002900252351537347,1176450050,,,,0,,1,10.565475463867188,,,,,,Q,
Raw,1697799106999,102306000000,,,-1381834222693939648,0.0,8.781725916730975,,,0,9,0.0,81929,471124930412582,32,23.31039810180664,-677.0002133595117,0.015671925619244576,17,-139171.96396282667,0.007835962809622288,1176450050,,,,0,,1,10.565475463867188,,,,,,Q,
Raw,1697799106999,102306000000,,,-1381834222693939648,0.0,8.781725916730975,,,0,26,0.0,16392,471124915052825,1000000000,7.0,-614.0605517503877,299792458,20,-543262.1669116751,340282346638528860000000000000000000000,1176450050,,,,1,,1,10.565475463867188,,,,,,Q,
Raw,1697799106999,102306000000,,,-1381834222693939648,0.0,8.781725916730975,,,0,30,0.0,81929,471124924503258,8,39.630096435546875,-1574.7045981519623,0.002539298729971051,17,-347779.46612698,0.0012696493649855256,1176450050,,,,0,,1,10.565475463867188,,,,,,Q,
Raw,1697799106999,102306000000,,,-1381834222693939648,0.0,8.781725916730975,,,0,10,0.0,227,49906926366731,69,27.13831329345703,-1739.2473878539713,0.7294168914842887,20,-182073.9014344519,340282346638528860000000000000000000000,1598062460,,,,0,,3,61.2220458984375,,,,,,C,
Raw,1697799106999,102306000000,,,-1381834222693939648,0.0,8.781725916730975,,,0,6,0.0,16457,922775333,180,15.293621063232422,-417.9870423010075,1.2614134168483266,20,-35993.0848640248,340282346638528860000000000000000000000,1599750020,,,,1,,3,61.2220458984375,,,,,,C,
Raw,1697799106999,102306000000,,,-1381834222693939648,0.0,8.781725916730975,,,0,22,0.0,227,49906924285100,63,28.305078506469727,-200.6828054069847,0.006482718046754599,17,-20929.125599951836,0.0032413590233772993,1600312450,,,,0,,3,61.2220458984375,,,,,,C,
Raw,1697799106999,102306000000,,,-1381834222693939648,0.0,8.781725916730975,,,0,9,0.0,227,49906931059776,44,32.69167709350586,-1224.3365947290151,0.004148115403950214,17,-128622.79101787493,0.002074057701975107,1600875010,,,,0,,3,61.2220458984375,,,,,,C,
Raw,1697799106999,102306000000,,,-1381834222693939648,0.0,8.781725916730975,,,0,16,0.0,227,49906924890706,63,28.219030380249023,-496.717878546915,0.006542660295963287,17,-51634.33055311799,0.0032713301479816437,1601437440,,,,0,,3,61.2220458984375,,,,,,C,
Raw,1697799106999,102306000000,,,-1381834222693939648,0.0,8.781725916730975,,,0,101,0.0,16392,49906918568994,1000000000,17.516889572143555,-1588.2713758860955,299792458,18,-56.97309105168257,340282346638528860000000000000000000000,1602562560,,,,0,,3,61.2220458984375,,,,,,C,
Raw,1697799106999,102306000000,,,-1381834222693939648,0.0,8.781725916730975,,,0,24,0.0,227,49906924262600,90,23.91707992553711,-1418.375374323451,0.873893622895844,20,-148435.37022365344,340282346638528860000000000000000000000,1603124990,,,,0,,3,61.2220458984375,,,,,,C,
Raw,1697799106999,102306000000,,,-1381834222693939648,0.0,8.781725916730975,,,0,23,0.0,227,49906929915542,118,20.553091049194336,-714.8517142814253,1.0261852219458074,20,-72123.05784294952,340282346638528860000000000000000000000,1603687550,,,,0,,3,61.2220458984375,,,,,,C,
Raw,1697799106999,102306000000,,,-1381834222693939648,0.0,8.781725916730975,,,0,7,0.0,227,49906933361802,76,25.937637329101562,-780.4737885406503,0.00849003717303276,17,-79169.35787973311,0.00424501858651638,1604812540,,,,0,,3,61.2220458984375,,,,,,C,
Raw,1697799106999,102306000000,,,-1381834222693939648,0.0,8.781725916730975,,,0,8,0.0,227,49906931875089,57,29.596187591552734,-1305.044952036638,0.00556967593729496,17,-131386.69466722533,0.00278483796864748,1605374980,,,,0,,3,61.2220458984375,,,,,,C,
Raw,1697799106999,102306000000,,,-1381834222693939648,0.0,8.781725916730975,,,0,5,0.0,809,471110867657017,24,31.583580017089844,-974.3608551093212,0.5286711227139886,20,-97106.72861272535,340282346638528860000000000000000000000,1561097980,,,,0,,5,62.193878173828125,,,,,,C,
Raw,1697799106999,102306000000,,,-1381834222693939648,0.0,8.781725916730975,,,0,9,0.0,16392,471110867286165,1000000000,16.891643524169922,-817.7983195278784,299792458,20,468717.2244475568,340282346638528860000000000000000000000,1561097980,,,,1,,5,62.193878173828125,,,,,,C,
Raw,1697799106999,102306000000,,,-1381834222693939648,0.0,8.781725916730975,,,0,19,0.0,65583,471110926115888,10,33.06026840209961,-1135.2903669993102,0.004077072720974684,17,-152918.59187537868,0.002038536360487342,1561097980,,,,0,,5,62.193878173828125,,,,,,C,
Raw,1697799106999,102306000000,,,-1381834222693939648,0.0,8.781725916730975,,,0,20,0.0,65583,471110924137608,22,23.933761596679688,-667.2760813861473,0.8731209762691639,20,-68389.88431074431,340282346638528860000000000000000000000,1561097980,,,,0,,5,62.193878173828125,,,,,,C,
Raw,1697799106999,102306000000,,,-1381834222693939648,0.0,8.781725916730975,,,0,22,0.0,12,471110916046237,1000000000,21.010082244873047,-1486.034094724795,299792458,20,-199875.50319124354,340282346638528860000000000000000000000,1561097980,,,,0,,5,62.193878173828125,,,,,,C,
Raw,1697799106999,102306000000,,,-1381834222693939648,0.0,8.781725916730975,,,0,23,0.0,16392,471110908354483,1000000000,7.0,-439.1598141070208,299792458,20,-30683.993589863563,340282346638528860000000000000000000000,1561097980,,,,1,,5,62.193878173828125,,,,,,C,
Raw,1697799106999,102306000000,,,-1381834222693939648,0.0,8.781725916730975,,,0,29,0.0,16392,471110911002720,1000000000,7.0,-395.31995927120806,299792458,18,-8.564737580157344,340282346638528860000000000000000000000,1561097980,,,,0,,5,62.193878173828125,,,,,,C,
Raw,1697799106999,102306000000,,,-1381834222693939648,0.0,8.781725916730975,,,0,35,0.0,16392,471110917491555,1000000000,16.728679656982422,-599.3410885922294,299792458,20,483400.6539437627,340282346638528860000000000000000000000,1561097980,,,,1,,5,62.193878173828125,,,,,,C,
Raw,1697799106999,102306000000,,,-1381834222693939648,0.0,8.781725916730975,,,0,36,0.0,65583,471110912991601,45,15.107532501220703,-1646.4998895570561,1.2716191155579715,20,-215645.88527297488,340282346638528860000000000000000000000,1561097980,,,,0,,5,62.193878173828125,,,,,,C,
Raw,1697799106999,102306000000,,,-1381834222693939648,0.0,8.781725916730975,,,0,37,0.0,65583,471110919924844,19,25.55960464477539,-826.6086495499767,0.009116022847592829,17,-106654.46301888268,0.10057775457893466,1561097980,,,,1,,5,62.193878173828125,,,,,,C,
Raw,1697799106999,102306000000,,,-1381834222693939648,0.0,8.781725916730975,,,0,3,0.0,83976,471124916242613,1000000000,25.36649513244629,-1323.8292766309141,299792458,20,-77799.99466351747,340282346638528860000000000000000000000,1575420030,,,,1,,6,52.76594161987305,,,,,,C,
Raw,1697799106999,102306000000,,,-1381834222693939648,0.0,8.781725916730975,,,0,5,0.0,16392,471124922092822,1000000000,35.02666473388672,-917.1218233161308,299792458,18,-2.7570798548025834,340282346638528860000000000000000000000,1575420030,,,,0,,6,52.76594161987305,,,,,,C,
Raw,1697799106999,102306000000,,,-1381834222693939648,0.0,8.781725916730975,,,0,9,0.0,83976,471124912441371,1000000000,24.77958869934082,-564.8860426547117,299792458,20,-6104.216487699949,340282346638528860000000000000000000000,1575420030,,,,0,,6,52.76594161987305,,,,,,C,
Raw,1697799106999,102306000000,,,-1381834222693939648,0.0,8.781725916730975,,,0,13,0.0,16392,471124903784584,1000000000,19.03480339050293,-1521.790954171658,299792458,18,-8.896105253000991,340282346638528860000000000000000000000,1575420030,,,,0,,6,52.76594161987305,,,,,,C,
Raw,1697799106999,102306000000,,,-1381834222693939648,0.0,8.781725916730975,,,0,15,0.0,83976,471124916064800,1000000000,25.213130950927734,-1160.2610239462947,299792458,20,-78789.9518353526,340282346638528860000000000000000000000,1575420030,,,,0,,6,52.76594161987305,,,,,,C,
Raw,1697799106999,102306000000,,,-1381834222693939648,0.0,8.781725916730975,,,0,24,0.0,16392,471124909597887,1000000000,32.3942985534668,-1451.0574508726522,299792458,18,-2.736393432340928,340282346638528860000000000000000000000,1575420030,,,,0,,6,52.76594161987305,,,,,,C,
Raw,1697799106999,102306000000,,,-1381834222693939648,0.0,8.781725916730975,,,0,31,0.0,83976,471124909978775,1000000000,31.175363540649414,-1082.936859699647,299792458,20,-39626.05609611468,340282346638528860000000000000000000000,1575420030,,,,0,,6,52.76594161987305,,,,,,C,
Raw,1697799106999,102306000000,,,-1381834222693939648,0.0,8.781725916730975,,,0,3,0.0,16392,471124916242649,1000000000,15.969000816345215,-1325.438377568269,299792458,20,80834.67486180962,340282346638528860000000000000000000000,1176450050,,,,0,,6,10.565475463867188,,,,,,Q,
Raw,1697799106999,102306000000,,,-1381834222693939648,0.0,8.781725916730975,,,0,9,0.0,84011,471124912441509,18,27.912551879882812,-565.6037314600733,0.009226026944816113,17,1695.5464442804644,0.004613013472408056,1176450050,,,,0,,6,10.565475463867188,,,,,,Q,
Raw,1697799106999,102306000000,,,-1381834222693939648,0.0,8.781725916730975,,,0,15,0.0,16392,471124916064814,1000000000,16.427261352539062,-1160.8374264510085,299792458,20,-82520.4346407934,340282346638528860000000000000000000000,1176450050,,,,0,,6,10.565475463867188,,,,,,Q,
Raw,1697799106999,102306000000,,,-1381834222693939648,0.0,8.781725916730975,,,0,31,0.0,84011,471124909978775,16,26.915315628051758,-1082.9877963730105,0.010348478332161905,17,-110675.20290093731,0.005174239166080952,1176450050,,,,0,,6,10.565475463867188,,,,,,Q,
Raw,1697799107999,103306000000,,,-1381834222693942943,0.0,8.720731215714268,,,0,3,0.0,16392,471125914557385,1000000000,7.0,-329.1613100288025,299792458,18,-9.156020605584587,340282346638528860000000000000000000000,1575420030,,,,0,,1,52.81098556518555,,,,,,C,
Raw,1697799107999,103306000000,,,-1381834222693942943,0.0,8.720731215714268,,,0,4,0.0,47,471125923282745,33,27.416852951049805,-445.1627577662148,0.007294184528291225,17,-45596.84568310294,0.0036470922641456127,1575420030,,,,1,,1,52.81098556518555,,,,,,C,
Raw,1697799107999,103306000000,,,-1381834222693942943,0.0,8.720731215714268,,,0,5,0.0,16392,471125915929609,1000000000,14.762886047363281,-1661.7727836442318,299792458,18,-1412.6426075567963,340282346638528860000000000000000000000,1575420030,,,,0,,1,52.81098556518555,,,,,,C,
Raw,1697799107999,103306000000,,,-1381834222693942943,0.0,8.720731215714268,,,0,6,0.0,47,471125928464162,12,42.28055191040039,-569.6116940341526,0.0014731499832123518,17,-58760.42126161806,0.0007365749916061759,1575420030,,,,0,,1,52.81098556518555,,,,,,C,
Raw,1697799107999,103306000000,,,-1381834222693942943,0.0,8.720731215714268,,,0,7,0.0,47,471125929309237,15,36.990665435791016,-1247.532927384018,0.0025695816148072485,17,-128327.23049187168,0.001284790807403624,1575420030,,,,0,,1,52.81098556518555,,,,,,C,
Raw,1697799107999,103306000000,,,-1381834222693942943,0.0,8.720731215714268,,,0,9,0.0,47,471125930414881,34,27.29450035095215,-677.1061710722279,0.007397661451250315,17,-69687.02662961982,0.09884566712480759,1575420030,,,,0,,1,52.81098556518555,,,,,,C,
Raw,1697799107999,103306000000,,,-1381834222693942943,0.0,8.720731215714268,,,0,11,0.0,47,471125927851802,34,27.359878540039062,-1062.4981474176602,0.007342187687754631,17,-109490.62941476984,0.0036710938438773155,1575420030,,,,0,,1,52.81098556518555,,,,,,C,
Raw,1697799107999,103306000000,,,-1381834222693942943,0.0,8.720731215714268,,,0,16,0.0,47,471125918704066,34,27.10957145690918,-974.5245643689705,0.0075568524189293385,17,-99635.4515542161,0.0037784262094646692,1575420030,,,,0,,1,52.81098556518555,,,,,,C,
Raw,1697799107999,103306000000,,,-1381834222693942943,0.0,8.720731215714268,,,0,20,0.0,46,471125925848516,1000000000,19.357057571411133,-1529.2637372590234,299792458,20,-157020.52938075963,340282346638528860000000000000000000000,1575420030,,,,1,,1,52.81098556518555,,,,,,C,
Raw,1697799107999,103306000000,,,-1381834222693942943,0.0,8.720731215714268,,,0,26,0.0,16392,471125915055036,1000000000,11.681266784667969,-614.1375781021293,299792458,20,-44096.60802658057,340282346638528860000000000000000000000,1575420030,,,,0,,1,52.81098556518555,,,,,,C,
Raw,1697799107999,103306000000,,,-1381834222693942943,0.0,8.720731215714268,,,0,29,0.0,16392,471125913982313,1000000000,7.0,-1101.4743759673165,299792458,18,-29.628131265441993,340282346638528860000000000000000000000,1575420030,,,,0,,1,52.81098556518555,,,,,,C,
Raw,1697799107999,103306000000,,,-1381834222693942943,0.0,8.720731215714268,,,0,30,0.0,47,471125924508553,15,37.21772003173828,-1574.8691162078467,0.002503281692042947,17,-161785.20056823286,0.0012516408460214734,1575420030,,,,0,,1,52.81098556518555,,,,,,C,
Raw,1697799107999,103306000000,,,-1381834222693942943,0.0,8.720731215714268,,,0,6,0.0,81929,471125928464126,11,31.708580017089844,-569.593724417733,0.005959548521786928,17,-127892.85063689953,0.002979774260893464,1176450050,,,,0,,1,10.1537446975708,,,,,,Q,
Raw,1697799107999,103306000000,,,-1381834222693942943,0.0,8.720731215714268,,,0,9,0.0,16392,471125930414828,1000000000,20.124855041503906,-677.1950987079808,299792458,20,-139849.05872455952,340282346638528860000000000000000000000,1176450050,,,,1,,1,10.1537446975708,,,,,,Q,
Raw,1697799107999,103306000000,,,-1381834222693942943,0.0,8.720731215714268,,,0,26,0.0,16392,471125915054885,1000000000,13.867544174194336,-615.1094052674207,299792458,20,-543875.6387195322,340282346638528860000000000000000000000,1176450050,,,,1,,1,10.1537446975708,,,,,,Q,
Raw,1697799107999,103306000000,,,-1381834222693942943,0.0,8.720731215714268,,,0,30,0.0,81929,471125924508513,11,37.10442352294922,-1574.8764589329364,0.0033962326124310493,17,-349354.34258591296,0.0016981163062155247,1176450050,,,,0,,1,10.1537446975708,,,,,,Q,
Raw,1697799107999,103306000000,,,-1381834222693942943,0.0,8.720731215714268,,,0,10,0.0,227,49907926372593,64,28.137399673461914,-1740.03582451673,0.006618385668843985,17,-183813.93725896862,0.0033091928344219923,1598062460,,,,0,,3,61.44657516479492,,,,,,C,
Raw,1697799107999,103306000000,,,-1381834222693942943,0.0,8.720731215714268,,,0,6,0.0,16457,1922776708,175,15.614113807678223,-417.6196675021481,1.2470013305846264,20,-36411.16297814917,340282346638528860000000000000000000000,1599750020,,,,1,,3,61.44657516479492,,,,,,C,
Raw,1697799107999,103306000000,,,-1381834222693942943,0.0,8.720731215714268,,,0,22,0.0,227,49907924285616,50,30.981367111206055,-200.90697773731154,0.0047636814415454865,17,-21130.032577689148,0.0023818407207727432,1600312450,,,,0,,3,61.44657516479492,,,,,,C,
Raw,1697799107999,103306000000,,,-1381834222693942943,0.0,8.720731215714268,,,0,9,0.0,227,49907931063739,33,36.13871765136719,-1224.2993987252703,0.002789322519674897,17,-129847.0904166002,0.0013946612598374486,1600875010,,,,0,,3,61.44657516479492,,,,,,C,
Raw,1697799107999,103306000000,,,-1381834222693942943,0.0,8.720731215714268,,,0,16,0.0,227,49907924892449,72,26.526613235473633,-496.7034748966121,0.7566592253117839,20,-52131.05879975613,340282346638528860000000000000000000000,1601437440,,,,0,,3,61.44657516479492,,,,,,C,
Raw,1697799107999,103306000000,,,-1381834222693942943,0.0,8.720731215714268,,,0,101,0.0,16392,49907918574299,1000000000,7.0,-1588.2713758860955,299792458,18,-56.94822574659928,340282346638528860000000000000000000000,1602562560,,,,0,,3,61.44657516479492,,,,,,C,
Raw,1697799107999,103306000000,,,-1381834222693942943,0.0,8.720731215714268,,,0,24,0.0,227,49907924267275,66,27.768901824951172,-1418.8148229740618,0.006883404683321714,17,-149854.1850466275,0.003441702341660857,1603124990,,,,0,,3,61.44657516479492,,,,,,C,
Raw,1697799107999,103306000000,,,-1381834222693942943,0.0,8.720731215714268,,,0,23,0.0,227,49907929918020,147,17.7738037109375,-714.8399217514684,1.1511671876301026,20,-72837.2643928578,340282346638528860000000000000000000000,1603687550,,,,0,,3,61.44657516479492,,,,,,C,
Raw,1697799107999,103306000000,,,-1381834222693942943,0.0,8.720731215714268,,,0,7,0.0,227,49907933364292,86,24.44948387145996,-780.5907744015785,0.8515891846589847,20,-79949.91423507333,340282346638528860000000000000000000000,1604812540,,,,0,,3,61.44657516479492,,,,,,C,
Raw,1697799107999,103306000000,,,-1381834222693942943,0.0,8.720731215714268,,,0,8,0.0,227,49907931879425,52,30.506900787353516,-1305.163478349452,0.005015268921852112,17,-132691.85814557478,0.002507634460926056,1605374980,,,,0,,3,61.44657516479492,,,,,,C,
Raw,1697799107999,103306000000,,,-1381834222693942943,0.0,8.720731215714268,,,0,5,0.0,809,471111867660260,21,32.914939880371094,-974.4215900468448,0.4688019594667774,20,-98081.89504065052,340282346638528860000000000000000000000,1561097980,,,,0,,5,61.848121643066406,,,,,,C,
Raw,1697799107999,103306000000,,,-1381834222693942943,0.0,8.720731215714268,,,0,9,0.0,16393,471111867288786,30,20.031164169311523,-816.9675255676784,1.0491832248594464,20,467899.1395238305,340282346638528860000000000000000000000,1561097980,,,,1,,5,61.848121643066406,,,,,,C,
Raw,1697799107999,103306000000,,,-1381834222693942943,0.0,8.720731215714268,,,0,19,0.0,65583,471111926119674,11,32.54090881347656,-1135.4065980626037,0.004328291397541761,17,-154053.9984734413,0.0021641456987708807,1561097980,,,,0,,5,61.848121643066406,,,,,,C,
Raw,1697799107999,103306000000,,,-1381834222693942943,0.0,8.720731215714268,,,0,20,0.0,65583,471111924139743,17,26.77556610107422,-667.0406533477944,0.007925148122012615,17,-69056.9249640921,0.09998231721614455,1561097980,,,,1,,5,61.848121643066406,,,,,,C,
Raw,1697799107999,103306000000,,,-1381834222693942943,0.0,8.720731215714268,,,0,22,0.0,12,471111916051521,1000000000,16.89645004272461,-1486.437358350373,299792458,20,-201362.5264410553,340282346638528860000000000000000000000,1561097980,,,,0,,5,61.848121643066406,,,,,,C,
Raw,1697799107999,103306000000,,,-1381834222693942943,0.0,8.720731215714268,,,0,23,0.0,16392,471111908355953,1000000000,7.0,-438.785111580009,299792458,20,-31122.7007588145,340282346638528860000000000000000000000,1561097980,,,,1,,5,61.848121643066406,,,,,,C,
Raw,1697799107999,103306000000,,,-1381834222693942943,0.0,8.720731215714268,,,0,29,0.0,16392,471111911004041,1000000000,7.0,-395.31995927120806,299792458,18,-8.549280299749144,340282346638528860000000000000000000000,1561097980,,,,0,,5,61.848121643066406,,,,,,C,
Raw,1697799107999,103306000000,,,-1381834222693942943,0.0,8.720731215714268,,,0,35,0.0,16392,471111917493659,1000000000,15.991262435913086,-599.7699140601994,299792458,20,482801.4684519144,340282346638528860000000000000000000000,1561097980,,,,0,,5,61.848121643066406,,,,,,C,
Raw,1697799107999,103306000000,,,-1381834222693942943,0.0,8.720731215714268,,,0,36,0.0,65583,471111912997080,58,12.056900024414062,-1645.5603043956353,1.4088036657541991,20,-217293.0521976771,340282346638528860000000000000000000000,1561097980,,,,0,,5,61.848121643066406,,,,,,C,
Raw,1697799107999,103306000000,,,-1381834222693942943,0.0,8.720731215714268,,,0,37,0.0,65583,471111919927704,23,23.202808380126953,-826.9652051991666,0.9088313360620237,20,-107481.07324786902,340282346638528860000000000000000000000,1561097980,,,,1,,5,61.848121643066406,,,,,,C,
Raw,1697799107999,103306000000,,,-1381834222693942943,0.0,8.720731215714268,,,0,3,0.0,83976,471125916247054,1000000000,25.8598575592041,-1323.7307101666502,299792458,20,-79124.15729463074,340282346638528860000000000000000000000,1575420030,,,,0,,6,52.81098556518555,,,,,,C,
Raw,1697799107999,103306000000,,,-1381834222693942943,0.0,8.720731215714268,,,0,5,0.0,16392,471125922095888,1000000000,35.715850830078125,-917.1218233161308,299792458,18,-2.7785959079360474,340282346638528860000000000000000000000,1575420030,,,,0,,6,52.81098556518555,,,,,,C,
Raw,1697799107999,103306000000,,,-1381834222693942943,0.0,8.720731215714268,,,0,9,0.0,83976,471125912443457,1000000000,24.32318115234375,-565.193568659917,299792458,20,-6667.062164829972,340282346638528860000000000000000000000,1575420030,,,,1,,6,52.81098556518555,,,,,,C,
Raw,1697799107999,103306000000,,,-1381834222693942943,0.0,8.720731215714268,,,0,13,0.0,16392,471125903789667,1000000000,11.751017570495605,-1521.790954171658,299792458,18,-8.931807092150041,340282346638528860000000000000000000000,1575420030,,,,0,,6,52.81098556518555,,,,,,C,
Raw,1697799107999,103306000000,,,-1381834222693942943,0.0,8.720731215714268,,,0,15,0.0,83976,471125916068776,1000000000,26.609033584594727,-1161.1167662646694,299792458,20,-79950.50663830597,340282346638528860000000000000000000000,1575420030,,,,0,,6,52.81098556518555,,,,,,C,
Raw,1697799107999,103306000000,,,-1381834222693942943,0.0,8.720731215714268,,,0,24,0.0,16392,471125909602729,1000000000,28.996444702148438,-1451.0574508726522,299792458,18,-2.7704358340799433,340282346638528860000000000000000000000,1575420030,,,,0,,6,52.81098556518555,,,,,,C,
Raw,1697799107999,103306000000,,,-1381834222693942943,0.0,8.720731215714268,,,0,31,0.0,83976,471125909982472,1000000000,27.358240127563477,-1082.975986359735,299792458,20,-40708.955851243125,340282346638528860000000000000000000000,1575420030,,,,0,,6,52.81098556518555,,,,,,C,
Raw,1697799107999,103306000000,,,-1381834222693942943,0.0,8.720731215714268,,,0,3,0.0,16392,471125916247046,1000000000,15.64002799987793,-1325.2225674535666,299792458,20,79510.44957504794,340282346638528860000000000000000000000,1176450050,,,,1,,6,10.1537446975708,,,,,,Q,
Raw,1697799107999,103306000000,,,-1381834222693942943,0.0,8.720731215714268,,,0,9,0.0,84011,471125912443394,10,31.644990921020508,-565.7641190909569,0.006003337912261486,17,1129.7823251895074,0.003001668956130743,1176450050,,,,0,,6,10.1537446975708,,,,,,Q,
Raw,1697799107999,103306000000,,,-1381834222693942943,0.0,8.720731215714268,,,0,15,0.0,16392,471125916068682,1000000000,15.31781005859375,-1161.4774949845068,299792458,20,-83681.18254687525,340282346638528860000000000000000000000,1176450050,,,,0,,6,10.1537446975708,,,,,,Q,
Raw,1697799107999,103306000000,,,-1381834222693942943,0.0,8.720731215714268,,,0,31,0.0,84011,471125909982376,14,29.1414737701416,-1083.024908019579,0.008008821867406368,17,-111758.22780895689,0.004004410933703184,1176450050,,,,0,,6,10.1537446975708,,,,,,Q,
Raw,1697799108999,104306000000,,,-1381834222693946233,0.0,8.747427928951332,,,0,3,0.0,16392,471126914558490,1000000000,17.487165451049805,-329.53263839261854,299792458,18,-9.168928550016679,340282346638528860000000000000000000000,1575420030,,,,0,,1,52.88554382324219,,,,,,C,
Raw,1697799108999,104306000000,,,-1381834222693946233,0.0,8.747427928951332,,,0,4,0.0,47,471126923284196,40,25.23712158203125,-445.2158235591894,0.814356896734326,20,-46041.926340069724,340282346638528860000000000000000000000,1575420030,,,,0,,1,52.88554382324219,,,,,,C,
Raw,1697799108999,104306000000,,,-1381834222693946233,0.0,8.747427928951332,,,0,5,0.0,16392,471126915935163,1000000000,20.65876007080078,-1662.1440097606783,299792458,18,-1412.6871489862733,340282346638528860000000000000000000000,1575420030,,,,0,,1,52.88554382324219,,,,,,C,
Raw,1697799108999,104306000000,,,-1381834222693946233,0.0,8.747427928951332,,,0,6,0.0,47,471126928466020,12,40.27118682861328,-569.5785778362115,0.0017613122472539544,17,-59329.99983945427,0.0008806561236269772,1575420030,,,,0,,1,52.88554382324219,,,,,,C,
Raw,1697799108999,104306000000,,,-1381834222693946233,0.0,8.747427928951332,,,0,7,0.0,47,471126929313397,16,36.695980072021484,-1247.5825143343682,0.0026582551654428244,17,-129574.81300620605,0.0013291275827214122,1575420030,,,,0,,1,52.88554382324219,,,,,,C,
Raw,1697799108999,104306000000,,,-1381834222693946233,0.0,8.747427928951332,,,0,9,0.0,47,471126930417130,38,25.992347717285156,-677.255340074058,0.008594132028520107,17,-70364.28196969388,0.004297066014260054,1575420030,,,,0,,1,52.88554382324219,,,,,,C,
Raw,1697799108999,104306000000,,,-1381834222693946233,0.0,8.747427928951332,,,0,11,0.0,47,471126927855283,44,24.160785675048828,-1062.184665407125,0.8635808174038844,20,-110553.17877319663,340282346638528860000000000000000000000,1575420030,,,,0,,1,52.88554382324219,,,,,,C,
Raw,1697799108999,104306000000,,,-1381834222693946233,0.0,8.747427928951332,,,0,16,0.0,47,471126918707312,33,27.64454460144043,-974.4109484449727,0.007105461787432432,17,-100609.86250266107,0.003552730893716216,1575420030,,,,0,,1,52.88554382324219,,,,,,C,
Raw,1697799108999,104306000000,,,-1381834222693946233,0.0,8.747427928951332,,,0,20,0.0,47,471126925853521,51,22.279979705810547,-1529.8869008940865,0.9477983012025573,20,-158550.20389055082,340282346638528860000000000000000000000,1575420030,,,,1,,1,52.88554382324219,,,,,,C,
Raw,1697799108999,104306000000,,,-1381834222693946233,0.0,8.747427928951332,,,0,26,0.0,16392,471126915057095,1000000000,11.589218139648438,-614.1375781021293,299792458,20,-44712.06927078235,340282346638528860000000000000000000000,1575420030,,,,0,,1,52.88554382324219,,,,,,C,
Raw,1697799108999,104306000000,,,-1381834222693946233,0.0,8.747427928951332,,,0,29,0.0,16392,471126913985999,1000000000,7.0,-1101.6600571904528,299792458,18,-29.65656514907699,340282346638528860000000000000000000000,1575420030,,,,0,,1,52.88554382324219,,,,,,C,
Raw,1697799108999,104306000000,,,-1381834222693946233,0.0,8.747427928951332,,,0,30,0.0,47,471126924513804,13,38.838905334472656,-1574.8912264410174,0.002077066572383046,17,-163360.09179467388,0.001038533286191523,1575420030,,,,0,,1,52.88554382324219,,,,,,C,
Raw,1697799108999,104306000000,,,-1381834222693946233,0.0,8.747427928951332,,,0,6,0.0,81929,471126928466016,12,34.03171157836914,-569.6607500503014,0.0048376345075666904,17,-128462.51138694983,0.0024188172537833452,1176450050,,,,0,,1,9.632434844970703,,,,,,Q,
Raw,1697799108999,104306000000,,,-1381834222693946233,0.0,8.747427928951332,,,0,9,0.0,16392,471126930417103,1000000000,20.45830726623535,-675.2834137216164,299792458,20,-140523.72370065225,340282346638528860000000000000000000000,1176450050,,,,1,,1,9.632434844970703,,,,,,Q,
Raw,1697799108999,104306000000,,,-1381834222693946233,0.0,8.747427928951332,,,0,26,0.0,16392,471126915056923,1000000000,12.290088653564453,-613.1622745262725,299792458,20,-544486.6901692054,340282346638528860000000000000000000000,1176450050,,,,1,,1,9.632434844970703,,,,,,Q,
Raw,1697799108999,104306000000,,,-1381834222693946233,0.0,8.747427928951332,,,0,30,0.0,81929,471126924513759,11,38.04400634765625,-1574.8867877715384,0.0030480229761451483,17,-350929.2293736845,0.0015240114880725741,1176450050,,,,0,,1,9.632434844970703,,,,,,Q,
Raw,1697799108999,104306000000,,,-1381834222693946233,0.0,8.747427928951332,,,0,10,0.0,227,49908926378394,39,34.16291046142578,-1740.0463635619963,0.003507945453748107,17,-185553.98362253062,0.0017539727268740535,1598062460,,,,0,,3,61.51556396484375,,,,,,C,
Raw,1697799108999,104306000000,,,-1381834222693946233,0.0,8.747427928951332,,,0,6,0.0,16457,922778306,145,17.98236083984375,-417.05601183617387,1.1405043047185073,20,-36829.115544515385,340282346638528860000000000000000000000,1599750020,,,,1,,3,61.51556396484375,,,,,,C,
Raw,1697799108999,104306000000,,,-1381834222693946233,0.0,8.747427928951332,,,0,22,0.0,227,49908924286231,53,30.495059967041016,-200.92964922235114,0.005037998780608177,17,-21330.9622269115,0.0025189993903040886,1600312450,,,,0,,3,61.51556396484375,,,,,,C,
Raw,1697799108999,104306000000,,,-1381834222693946233,0.0,8.747427928951332,,,0,9,0.0,227,49908931067856,41,33.6687126159668,-1224.193613609139,0.0034948030952364206,17,-131071.28403020934,0.0017474015476182103,1600875010,,,,0,,3,61.51556396484375,,,,,,C,
Raw,1697799108999,104306000000,,,-1381834222693946233,0.0,8.747427928951332,,,0,16,0.0,227,49908924894241,82,24.98149871826172,-496.5174528489106,0.8261415717500666,20,-52627.725566228655,340282346638528860000000000000000000000,1601437440,,,,0,,3,61.51556396484375,,,,,,C,
Raw,1697799108999,104306000000,,,-1381834222693946233,0.0,8.747427928951332,,,0,101,0.0,16392,49908918579606,1000000000,17.495349884033203,-1588.6359218410635,299792458,18,-56.92989846569424,340282346638528860000000000000000000000,1602562560,,,,0,,3,61.51556396484375,,,,,,C,
Raw,1697799108999,104306000000,,,-1381834222693946233,0.0,8.747427928951332,,,0,24,0.0,227,49908924272011,67,27.584522247314453,-1419.1561352374756,0.7089746734060731,20,-151273.02054167105,340282346638528860000000000000000000000,1603124990,,,,0,,3,61.51556396484375,,,,,,C,
Raw,1697799108999,104306000000,,,-1381834222693946233,0.0,8.747427928951332,,,0,23,0.0,227,49908929920313,150,17.549577713012695,-714.0072873386162,1.1612506687808102,20,-73551.2327072427,340282346638528860000000000000000000000,1603687550,,,,0,,3,61.51556396484375,,,,,,C,
Raw,1697799108999,104306000000,,,-1381834222693946233,0.0,8.747427928951332,,,0,7,0.0,227,49908933366934,86,24.416961669921875,-780.4387666454868,0.8530522672994434,20,-80730.49046820606,340282346638528860000000000000000000000,1604812540,,,,0,,3,61.51556396484375,,,,,,C,
Raw,1697799108999,104306000000,,,-1381834222693946233,0.0,8.747427928951332,,,0,8,0.0,227,49908931883721,51,30.855051040649414,-1305.160651087499,0.004818222485482693,17,-133997.01879666228,0.0024091112427413464,1605374980,,,,0,,3,61.51556396484375,,,,,,C,
Raw,1697799108999,104306000000,,,-1381834222693946233,0.0,8.747427928951332,,,0,5,0.0,809,471112867663520,21,33.348793029785156,-974.478644079064,0.4492926487849269,20,-99057.13962646724,340282346638528860000000000000000000000,1561097980,,,,0,,5,62.02272033691406,,,,,,C,
Raw,1697799108999,104306000000,,,-1381834222693946233,0.0,8.747427928951332,,,0,9,0.0,16393,471112867291370,35,18.17961883544922,-816.5414948611433,1.132445534500608,20,467082.1908798649,340282346638528860000000000000000000000,1561097980,,,,1,,5,62.02272033691406,,,,,,C,
Raw,1697799108999,104306000000,,,-1381834222693946233,0.0,8.747427928951332,,,0,19,0.0,65583,471112926123450,9,34.06406784057617,-1135.4287125483388,0.003632105654105544,17,-155189.42718598963,0.001816052827052772,1561097980,,,,0,,5,62.02272033691406,,,,,,C,
Raw,1697799108999,104306000000,,,-1381834222693946233,0.0,8.747427928951332,,,0,20,0.0,65583,471112924141994,9,34.287841796875,-667.0716919336555,0.0035397273022681475,17,-69723.99665602576,0.09778960680627231,1561097980,,,,0,,5,62.02272033691406,,,,,,C,
Raw,1697799108999,104306000000,,,-1381834222693946233,0.0,8.747427928951332,,,0,22,0.0,12,471112916056583,1000000000,13.693614959716797,-1486.4961165054183,299792458,20,-202848.3936575769,340282346638528860000000000000000000000,1561097980,,,,0,,5,62.02272033691406,,,,,,C,
Raw,1697799108999,104306000000,,,-1381834222693946233,0.0,8.747427928951332,,,0,23,0.0,16392,471112908357429,1000000000,7.0,-438.785111580009,299792458,20,-31561.78264390699,340282346638528860000000000000000000000,1561097980,,,,1,,5,62.02272033691406,,,,,,C,
Raw,1697799108999,104306000000,,,-1381834222693946233,0.0,8.747427928951332,,,0,29,0.0,16392,471112911005364,1000000000,7.0,-395.69466179821984,299792458,18,-8.562662251511254,340282346638528860000000000000000000000,1561097980,,,,0,,5,62.02272033691406,,,,,,C,
Raw,1697799108999,104306000000,,,-1381834222693946233,0.0,8.747427928951332,,,0,35,0.0,16392,471112917495756,1000000000,15.643468856811523,-599.3443605080556,299792458,20,482202.3815375285,340282346638528860000000000000000000000,1561097980,,,,0,,5,62.02272033691406,,,,,,C,
Raw,1697799108999,104306000000,,,-1381834222693946233,0.0,8.747427928951332,,,0,36,0.0,65583,471112913002771,46,14.97571086883545,-1644.9117834129192,1.277549196723749,20,-218938.0358589771,340282346638528860000000000000000000000,1561097980,,,,1,,5,62.02272033691406,,,,,,C,
Raw,1697799108999,104306000000,,,-1381834222693946233,0.0,8.747427928951332,,,0,37,0.0,65583,471112919930495,22,23.749095916748047,-826.4909818991082,0.8842660061194207,20,-108307.69311410589,340282346638528860000000000000000000000,1561097980,,,,1,,5,62.02272033691406,,,,,,C,
Raw,1697799108999,104306000000,,,-1381834222693946233,0.0,8.747427928951332,,,0,3,0.0,83976,471126916251423,1000000000,26.134418487548828,-1323.5653420876015,299792458,20,-80448.2459797882,340282346638528860000000000000000000000,1575420030,,,,0,,6,52.88554382324219,,,,,,C,
Raw,1697799108999,104306000000,,,-1381834222693946233,0.0,8.747427928951332,,,0,5,0.0,16392,471126922098955,1000000000,35.78473663330078,-917.307504539267,299792458,18,-2.7430985760814792,340282346638528860000000000000000000000,1575420030,,,,0,,6,52.88554382324219,,,,,,C,
Raw,1697799108999,104306000000,,,-1381834222693946233,0.0,8.747427928951332,,,0,9,0.0,83976,471126912445309,1000000000,22.40472984313965,-565.6890934953021,299792458,20,-7232.130152705908,340282346638528860000000000000000000000,1575420030,,,,1,,6,52.88554382324219,,,,,,C,
Raw,1697799108999,104306000000,,,-1381834222693946233,0.0,8.747427928951332,,,0,13,0.0,16392,471126903794750,1000000000,10.806174278259277,-1521.9766353947944,299792458,18,-8.872852514833518,340282346638528860000000000000000000000,1575420030,,,,0,,6,52.88554382324219,,,,,,C,
Raw,1697799108999,104306000000,,,-1381834222693946233,0.0,8.747427928951332,,,0,15,0.0,83976,471126916072573,1000000000,27.01854705810547,-1160.5293210440423,299792458,20,-81111.27206694093,340282346638528860000000000000000000000,1575420030,,,,0,,6,52.88554382324219,,,,,,C,
Raw,1697799108999,104306000000,,,-1381834222693946233,0.0,8.747427928951332,,,0,24,0.0,16392,471126909607579,1000000000,34.278263092041016,-1451.2431320957885,299792458,18,-2.713875284926547,340282346638528860000000000000000000000,1575420030,,,,0,,6,52.88554382324219,,,,,,C,
Raw,1697799108999,104306000000,,,-1381834222693946233,0.0,8.747427928951332,,,0,31,0.0,83976,471126909986095,1000000000,29.73737335205078,-1083.226969569569,299792458,20,-41792.446611366446,340282346638528860000000000000000000000,1575420030,,,,0,,6,52.88554382324219,,,,,,C,
Raw,1697799108999,104306000000,,,-1381834222693946233,0.0,8.747427928951332,,,0,3,0.0,16392,471126916251515,1000000000,18.36070442199707,-1325.393388725659,299792458,20,78184.34470478802,340282346638528860000000000000000000000,1176450050,,,,1,,6,9.632434844970703,,,,,,Q,
Raw,1697799108999,104306000000,,,-1381834222693946233,0.0,8.747427928951332,,,0,9,0.0,84011,471126912445284,11,31.481115341186523,-565.7881844426079,0.0061176768504083165,17,563.9941407468996,0.003058838425204158,1176450050,,,,0,,6,9.632434844970703,,,,,,Q,
Raw,1697799108999,104306000000,,,-1381834222693946233,0.0,8.747427928951332,,,0,15,0.0,16392,471126916072556,1000000000,16.408409118652344,-1160.7508570114405,299792458,20,-84842.52986025115,340282346638528860000000000000000000000,1176450050,,,,0,,6,9.632434844970703,,,,,,Q,
Raw,1697799108999,104306000000,,,-1381834222693946233,0.0,8.747427928951332,,,0,31,0.0,84011,471126909985997,14,28.64037322998047,-1082.9388020975603,0.008484450168907642,17,-112841.16661105445,0.004242225084453821,1176450050,,,,0,,6,9.632434844970703,,,,,,Q,
Raw,1697799109999,105306000000,,,-1381834222693949527,0.0,8.762424500833463,,,0,3,0.0,16392,471127914559586,1000000000,10.747041702270508,-329.53263839261854,299792458,18,-9.176659520651036,340282346638528860000000000000000000000,1575420030,,,,0,,1,52.855796813964844,,,,,,C,
Raw,1697799109999,105306000000,,,-1381834222693949527,0.0,8.762424500833463,,,0,4,0.0,47,471127923285700,43,24.445161819458008,-444.9300312314881,0.010269785299897194,17,-46486.85637130121,0.10028172904913103,1575420030,,,,1,,1,52.855796813964844,,,,,,C,
Raw,1697799109999,105306000000,,,-1381834222693949527,0.0,8.762424500833463,,,0,5,0.0,16392,471127915940707,1000000000,14.921220779418945,-1662.1440097606783,299792458,18,-1412.7261435650455,340282346638528860000000000000000000000,1575420030,,,,0,,1,52.855796813964844,,,,,,C,
Raw,1697799109999,105306000000,,,-1381834222693949527,0.0,8.762424500833463,,,0,6,0.0,47,471127928467947,11,40.55535888671875,-569.2212872924138,0.0017046211287379265,17,-59899.221126746685,0.0008523105643689632,1575420030,,,,0,,1,52.855796813964844,,,,,,C,
Raw,1697799109999,105306000000,,,-1381834222693949527,0.0,8.762424500833463,,,0,7,0.0,47,471127929317533,17,35.888450622558594,-1247.1361729001655,0.00291724712587893,17,-130821.94917910622,0.001458623562939465,1575420030,,,,0,,1,52.855796813964844,,,,,,C,
Raw,1697799109999,105306000000,,,-1381834222693949527,0.0,8.762424500833463,,,0,9,0.0,47,471127930419401,36,26.63239097595215,-676.8202203905967,0.007983622141182423,17,-71041.10219008448,0.003991811070591211,1575420030,,,,0,,1,52.855796813964844,,,,,,C,
Raw,1697799109999,105306000000,,,-1381834222693949527,0.0,8.762424500833463,,,0,11,0.0,47,471127927858826,47,23.23727035522461,-1062.0450702775852,0.0118020074442029,17,-111615.22384347422,0.10104784012128389,1575420030,,,,0,,1,52.855796813964844,,,,,,C,
Raw,1697799109999,105306000000,,,-1381834222693949527,0.0,8.762424500833463,,,0,16,0.0,47,471127918710569,30,28.893455505371094,-974.0858230667945,0.00615384615957737,17,-101583.94832572786,0.003076923079788685,1575420030,,,,0,,1,52.855796813964844,,,,,,C,
Raw,1697799109999,105306000000,,,-1381834222693949527,0.0,8.762424500833463,,,0,20,0.0,46,471127925858666,1000000000,20.437458038330078,-1528.714737049354,299792458,20,-160079.38420678698,340282346638528860000000000000000000000,1575420030,,,,1,,1,52.855796813964844,,,,,,C,
Raw,1697799109999,105306000000,,,-1381834222693949527,0.0,8.762424500833463,,,0,26,0.0,16392,471127915059149,1000000000,11.265829086303711,-614.3231911603525,299792458,20,-45326.24179620329,340282346638528860000000000000000000000,1575420030,,,,1,,1,52.855796813964844,,,,,,C,
Raw,1697799109999,105306000000,,,-1381834222693949527,0.0,8.762424500833463,,,0,29,0.0,16392,471127913989676,1000000000,12.128244400024414,-1101.6600571904528,299792458,18,-29.682410545747018,340282346638528860000000000000000000000,1575420030,,,,0,,1,52.855796813964844,,,,,,C,
Raw,1697799109999,105306000000,,,-1381834222693949527,0.0,8.762424500833463,,,0,30,0.0,47,471127924519050,13,38.823486328125,-1574.5169715508239,0.0020807574037462473,17,-164934.6087662247,0.0010403787018731236,1575420030,,,,0,,1,52.855796813964844,,,,,,C,
Raw,1697799109999,105306000000,,,-1381834222693949527,0.0,8.762424500833463,,,0,6,0.0,81929,471127928467926,10,32.45570755004883,-568.9972730552322,0.4906776710215368,20,-129031.63497554179,340282346638528860000000000000000000000,1176450050,,,,0,,1,9.451472282409668,,,,,,Q,
Raw,1697799109999,105306000000,,,-1381834222693949527,0.0,8.762424500833463,,,0,9,0.0,81929,471127930419354,116,19.438304901123047,-675.5000418152754,1.076406653574339,20,-141197.56432962918,340282346638528860000000000000000000000,1176450050,,,,1,,1,9.451472282409668,,,,,,Q,
Raw,1697799109999,105306000000,,,-1381834222693949527,0.0,8.762424500833463,,,0,26,0.0,16392,471127915058959,1000000000,9.417888641357422,-610.4527873976222,299792458,20,-545103.4391702984,340282346638528860000000000000000000000,1176450050,,,,1,,1,9.451472282409668,,,,,,Q,
Raw,1697799109999,105306000000,,,-1381834222693949527,0.0,8.762424500833463,,,0,30,0.0,81929,471127924519016,8,38.68746566772461,-1574.5130582894199,0.0028303838334977627,17,-352503.7424319739,0.0014151919167488813,1176450050,,,,0,,1,9.451472282409668,,,,,,Q,
Raw,1697799109999,105306000000,,,-1381834222693949527,0.0,8.762424500833463,,,0,10,0.0,227,49909926384238,33,36.0137939453125,-1739.710209078563,0.0028347098268568516,17,-187293.69383160918,0.0014173549134284258,1598062460,,,,0,,3,61.584014892578125,,,,,,C,
Raw,1697799109999,105306000000,,,-1381834222693949527,0.0,8.762424500833463,,,0,6,0.0,16457,1922779621,134,18.940940856933594,-416.73815884664214,1.0973983181293891,20,-37246.9892470938,340282346638528860000000000000000000000,1599750020,,,,0,,3,61.584014892578125,,,,,,C,
Raw,1697799109999,105306000000,,,-1381834222693949527,0.0,8.762424500833463,,,0,22,0.0,227,49909924286870,68,27.39726448059082,-200.5553734187779,0.007196938153356314,17,-21531.517600330277,0.003598469076678157,1600312450,,,,0,,3,61.584014892578125,,,,,,C,
Raw,1697799109999,105306000000,,,-1381834222693949527,0.0,8.762424500833463,,,0,9,0.0,227,49909931072026,35,35.422454833984375,-1223.786298418461,0.0030290884897112846,17,-132295.0703286278,0.0015145442448556423,1600875010,,,,0,,3,61.584014892578125,,,,,,C,
Raw,1697799109999,105306000000,,,-1381834222693949527,0.0,8.762424500833463,,,0,16,0.0,227,49909924895733,85,24.63360595703125,-496.373941236714,0.009886112995445728,17,-53124.09950746537,0.004943056497722864,1601437440,,,,0,,3,61.584014892578125,,,,,,C,
Raw,1697799109999,105306000000,,,-1381834222693949527,0.0,8.762424500833463,,,0,101,0.0,16392,49909918584903,1000000000,7.0,-1588.6359218410635,299792458,18,-57.00451150037517,340282346638528860000000000000000000000,1602562560,,,,0,,3,61.584014892578125,,,,,,C,
Raw,1697799109999,105306000000,,,-1381834222693949527,0.0,8.762424500833463,,,0,24,0.0,227,49909924276690,56,29.700742721557617,-1418.358137391595,0.005510758142918348,17,-152691.37867906265,0.002755379071459174,1603124990,,,,0,,3,61.584014892578125,,,,,,C,
Raw,1697799109999,105306000000,,,-1381834222693949527,0.0,8.762424500833463,,,0,23,0.0,227,49909929922767,148,17.700035095214844,-714.1484568735336,1.1544851680264365,20,-74265.79821974439,340282346638528860000000000000000000000,1603687550,,,,0,,3,61.584014892578125,,,,,,C,
Raw,1697799109999,105306000000,,,-1381834222693949527,0.0,8.762424500833463,,,0,7,0.0,227,49909933369491,70,27.040847778320312,-780.0202340793867,0.7350594019231549,20,-81510.75900676267,340282346638528860000000000000000000000,1604812540,,,,0,,3,61.584014892578125,,,,,,C,
Raw,1697799109999,105306000000,,,-1381834222693949527,0.0,8.762424500833463,,,0,8,0.0,227,49909931888118,48,31.56295394897461,-1304.8445963563863,0.004441111348569393,17,-135301.86339301866,0.0022205556742846966,1605374980,,,,0,,3,61.584014892578125,,,,,,C,
Raw,1697799109999,105306000000,,,-1381834222693949527,0.0,8.762424500833463,,,0,5,0.0,809,471113867666761,21,32.90653991699219,-974.5039332618039,0.46918086052640207,20,-100032.12861771193,340282346638528860000000000000000000000,1561097980,,,,0,,5,61.93585968017578,,,,,,C,
Raw,1697799109999,105306000000,,,-1381834222693949527,0.0,8.762424500833463,,,0,9,0.0,16393,471113867294102,29,20.52457618713379,-817.3281179576898,1.0269959450668842,20,466264.4054955398,340282346638528860000000000000000000000,1561097980,,,,1,,5,61.93585968017578,,,,,,C,
Raw,1697799109999,105306000000,,,-1381834222693949527,0.0,8.762424500833463,,,0,19,0.0,65583,471113926127239,9,34.331878662109375,-1135.1646834990242,0.0035218261182308197,17,-156324.59186948865,0.0017609130591154099,1561097980,,,,0,,5,61.93585968017578,,,,,,C,
Raw,1697799109999,105306000000,,,-1381834222693949527,0.0,8.762424500833463,,,0,20,0.0,65583,471113924144243,10,33.759090423583984,-666.7908054445143,0.003761900821700692,17,-70390.78746147027,0.09790069356598859,1561097980,,,,0,,5,61.93585968017578,,,,,,C,
Raw,1697799109999,105306000000,,,-1381834222693949527,0.0,8.762424500833463,,,0,22,0.0,12,471113916061478,1000000000,13.04165267944336,-1486.781045841949,299792458,20,-204334.2718440814,340282346638528860000000000000000000000,1561097980,,,,0,,5,61.93585968017578,,,,,,C,
Raw,1697799109999,105306000000,,,-1381834222693949527,0.0,8.762424500833463,,,0,23,0.0,16392,471113908358897,1000000000,9.195632934570312,-439.1598141070208,299792458,20,-32001.020337663787,340282346638528860000000000000000000000,1561097980,,,,1,,5,61.93585968017578,,,,,,C,
Raw,1697799109999,105306000000,,,-1381834222693949527,0.0,8.762424500833463,,,0,29,0.0,16392,471113911006679,1000000000,7.0,-395.69466179821984,299792458,18,-8.57194541025792,340282346638528860000000000000000000000,1561097980,,,,0,,5,61.93585968017578,,,,,,C,
Raw,1697799109999,105306000000,,,-1381834222693949527,0.0,8.762424500833463,,,0,35,0.0,16392,471113917498246,1000000000,17.44329071044922,-598.9529575773477,299792458,20,481603.00225245487,340282346638528860000000000000000000000,1561097980,,,,0,,5,61.93585968017578,,,,,,C,
Raw,1697799109999,105306000000,,,-1381834222693949527,0.0,8.762424500833463,,,0,36,0.0,65583,471113913008395,57,12.25741195678711,-1645.6262880314634,1.3997889891385116,20,-220590.41835406958,340282346638528860000000000000000000000,1561097980,,,,1,,5,61.93585968017578,,,,,,C,
Raw,1697799109999,105306000000,,,-1381834222693949527,0.0,8.762424500833463,,,0,37,0.0,65583,471113919933309,22,24.009296417236328,-826.3487347226328,0.010897347703576088,17,-109134.04184882852,0.10146841700692628,1561097980,,,,0,,5,61.93585968017578,,,,,,C,
Raw,1697799109999,105306000000,,,-1381834222693949527,0.0,8.762424500833463,,,0,3,0.0,83976,471127916255882,1000000000,25.475866317749023,-1323.7016719136927,299792458,20,-81772.12187133355,340282346638528860000000000000000000000,1575420030,,,,0,,6,52.855796813964844,,,,,,C,
Raw,1697799109999,105306000000,,,-1381834222693949527,0.0,8.762424500833463,,,0,5,0.0,16392,471127922102014,1000000000,34.53394317626953,-917.307504539267,299792458,18,-2.764618986520641,340282346638528860000000000000000000000,1575420030,,,,0,,6,52.855796813964844,,,,,,C,
Raw,1697799109999,105306000000,,,-1381834222693949527,0.0,8.762424500833463,,,0,9,0.0,83976,471127912447034,1000000000,23.2561092376709,-566.1174758913373,299792458,20,-7797.601873792145,340282346638528860000000000000000000000,1575420030,,,,1,,6,52.855796813964844,,,,,,C,
Raw,1697799109999,105306000000,,,-1381834222693949527,0.0,8.762424500833463,,,0,13,0.0,16392,471127903799828,1000000000,14.435384750366211,-1521.9766353947944,299792458,18,-8.908558709844545,340282346638528860000000000000000000000,1575420030,,,,0,,6,52.855796813964844,,,,,,C,
Raw,1697799109999,105306000000,,,-1381834222693949527,0.0,8.762424500833463,,,0,15,0.0,83976,471127916076490,1000000000,26.38974380493164,-1160.4552939484747,299792458,20,-82271.85074095459,340282346638528860000000000000000000000,1575420030,,,,0,,6,52.855796813964844,,,,,,C,
Raw,1697799109999,105306000000,,,-1381834222693949527,0.0,8.762424500833463,,,0,24,0.0,16392,471127909612421,1000000000,38.668060302734375,-1451.2431320957885,299792458,18,-2.747922042511191,340282346638528860000000000000000000000,1575420030,,,,0,,6,52.855796813964844,,,,,,C,
Raw,1697799109999,105306000000,,,-1381834222693949527,0.0,8.762424500833463,,,0,31,0.0,83976,471127909989685,1000000000,28.5052490234375,-1083.0427879745198,299792458,20,-42875.06958423337,340282346638528860000000000000000000000,1575420030,,,,0,,6,52.855796813964844,,,,,,C,
Raw,1697799109999,105306000000,,,-1381834222693949527,0.0,8.762424500833463,,,0,3,0.0,16392,471127916255924,1000000000,14.73051643371582,-1325.412747560964,299792458,20,76858.83505667897,340282346638528860000000000000000000000,1176450050,,,,1,,6,9.451472282409668,,,,,,Q,
Raw,1697799109999,105306000000,,,-1381834222693949527,0.0,8.762424500833463,,,0,9,0.0,84011,471127912447173,11,29.6251220703125,-565.5482218612588,0.007575062103569508,17,-1.5540811143591782,0.003787531051784754,1176450050,,,,0,,6,9.451472282409668,,,,,,Q,
Raw,1697799109999,105306000000,,,-1381834222693949527,0.0,8.762424500833463,,,0,15,0.0,16392,471127916076436,1000000000,14.768982887268066,-1159.5057567097492,299792458,20,-86002.78820370467,340282346638528860000000000000000000000,1176450050,,,,0,,6,9.451472282409668,,,,,,Q,
Raw,1697799109999,105306000000,,,-1381834222693949527,0.0,8.762424500833463,,,0,31,0.0,84011,471127909989603,14,27.104537963867188,-1082.6942301555246,0.010125475935637951,17,-113923.86084120997,0.0050627379678189754,1176450050,,,,0,,6,9.451472282409668,,,,,,Q,
Raw,1697799110999,106306000000,,,-1381834222693952815,0.0,8.661367631467476,,,0,3,0.0,16392,471128914560688,1000000000,7.0,-329.1613100288025,299792458,18,-9.158594691892148,340282346638528860000000000000000000000,1575420030,,,,0,,1,49.160926818847656,,,,,,C,
Raw,1697799110999,106306000000,,,-1381834222693952815,0.0,8.661367631467476,,,0,4,0.0,47,471128923287181,42,24.4808349609375,-444.2375548096152,0.8483667949024296,20,-46931.39292112531,340282346638528860000000000000000000000,1575420030,,,,1,,1,49.160926818847656,,,,,,C,
Raw,1697799110999,106306000000,,,-1381834222693952815,0.0,8.661367631467476,,,0,5,0.0,16392,471128915946254,1000000000,17.422096252441406,-1661.7727836442318,299792458,18,-1412.6556028467714,340282346638528860000000000000000000000,1575420030,,,,0,,1,49.160926818847656,,,,,,C,
Raw,1697799110999,106306000000,,,-1381834222693952815,0.0,8.661367631467476,,,0,6,0.0,47,471128928469831,11,40.86907196044922,-568.7301327458699,0.0016441521001979709,17,-60467.951259492555,0.0008220760500989854,1575420030,,,,0,,1,49.160926818847656,,,,,,C,
Raw,1697799110999,106306000000,,,-1381834222693952815,0.0,8.661367631467476,,,0,7,0.0,47,471128929321724,14,37.76582717895508,-1246.7288573353144,0.0023501974064856768,17,-132068.67803644153,0.0011750987032428384,1575420030,,,,0,,1,49.160926818847656,,,,,,C,
Raw,1697799110999,106306000000,,,-1381834222693952815,0.0,8.661367631467476,,,0,9,0.0,47,471128930421626,31,28.53566551208496,-676.3459194670721,0.006412629038095474,17,-71717.44810955155,0.003206314519047737,1575420030,,,,0,,1,49.160926818847656,,,,,,C,
Raw,1697799110999,106306000000,,,-1381834222693952815,0.0,8.661367631467476,,,0,11,0.0,47,471128927862416,36,26.425830841064453,-1061.6218161361176,0.008175755850970745,17,-112676.84565961034,0.09923471432466781,1575420030,,,,1,,1,49.160926818847656,,,,,,C,
Raw,1697799110999,106306000000,,,-1381834222693952815,0.0,8.661367631467476,,,0,16,0.0,47,471128918713793,32,28.012741088867188,-973.4972764297854,0.0068105533719062805,17,-102557.44560215765,0.0034052766859531403,1575420030,,,,0,,1,49.160926818847656,,,,,,C,
Raw,1697799110999,106306000000,,,-1381834222693952815,0.0,8.661367631467476,,,0,20,0.0,46,471128925863791,1000000000,22.10614776611328,-1528.6677032593525,299792458,20,-161607.0693371841,340282346638528860000000000000000000000,1575420030,,,,0,,1,49.160926818847656,,,,,,C,
Raw,1697799110999,106306000000,,,-1381834222693952815,0.0,8.661367631467476,,,0,26,0.0,16392,471128915061202,1000000000,10.647188186645508,-614.1375781021293,299792458,20,-45940.82053625643,340282346638528860000000000000000000000,1575420030,,,,1,,1,49.160926818847656,,,,,,C,
Raw,1697799110999,106306000000,,,-1381834222693952815,0.0,8.661367631467476,,,0,29,0.0,16392,471128913993351,1000000000,14.722389221191406,-1101.103081685957,299792458,18,-29.63156506802067,340282346638528860000000000000000000000,1575420030,,,,0,,1,49.160926818847656,,,,,,C,
Raw,1697799110999,106306000000,,,-1381834222693952815,0.0,8.661367631467476,,,0,30,0.0,47,471128924524295,13,39.0517578125,-1574.1567880546208,0.0020267858635634184,17,-166508.76555427932,0.0010133929317817092,1575420030,,,,0,,1,49.160926818847656,,,,,,C,
Raw,1697799110999,106306000000,,,-1381834222693952815,0.0,8.661367631467476,,,0,6,0.0,81929,471128928469823,8,30.9107666015625,-568.8219407080906,0.0065328702330589294,17,-129600.45691624988,0.0032664351165294647,1176450050,,,,0,,1,9.077828407287598,,,,,,Q,
Raw,1697799110999,106306000000,,,-1381834222693952815,0.0,8.661367631467476,,,0,9,0.0,81929,471128930421607,78,20.985334396362305,-675.3353553853572,1.0068388347255577,20,-141873.72216255747,340282346638528860000000000000000000000,1176450050,,,,0,,1,9.077828407287598,,,,,,Q,
Raw,1697799110999,106306000000,,,-1381834222693952815,0.0,8.661367631467476,,,0,26,0.0,16392,471128915061021,1000000000,7.0,-611.4579472053929,299792458,20,-545716.9993422366,340282346638528860000000000000000000000,1176450050,,,,1,,1,9.077828407287598,,,,,,Q,
Raw,1697799110999,106306000000,,,-1381834222693952815,0.0,8.661367631467476,,,0,30,0.0,81929,471128924524261,8,38.24772262573242,-1574.1694504624465,0.0029773672576993704,17,-354077.91188243637,0.0014886836288496852,1176450050,,,,0,,1,9.077828407287598,,,,,,Q,
Raw,1697799110999,106306000000,,,-1381834222693952815,0.0,8.661367631467476,,,0,10,0.0,227,49910926390000,33,37.02744674682617,-1739.3374539657962,0.0025224697310477495,17,-189033.03128557498,0.0012612348655238748,1598062460,,,,0,,3,61.44657516479492,,,,,,C,
Raw,1697799110999,106306000000,,,-1381834222693952815,0.0,8.661367631467476,,,0,6,0.0,16457,922780996,125,19.82919692993164,-416.8636504515591,1.0574546775941238,20,-37664.76866669373,340282346638528860000000000000000000000,1599750020,,,,0,,3,61.44657516479492,,,,,,C,
Raw,1697799110999,106306000000,,,-1381834222693952815,0.0,8.661367631467476,,,0,22,0.0,227,49910924287481,81,25.18800926208496,-199.65109378689488,0.8167458639212217,20,-21731.768158796458,340282346638528860000000000000000000000,1600312450,,,,0,,3,61.44657516479492,,,,,,C,
Raw,1697799110999,106306000000,,,-1381834222693952815,0.0,8.661367631467476,,,0,9,0.0,227,49910931076070,35,35.41382598876953,-1223.2460838625266,0.0030320987571030855,17,-133518.31641249033,0.0015160493785515428,1600875010,,,,0,,3,61.44657516479492,,,,,,C,
Raw,1697799110999,106306000000,,,-1381834222693952815,0.0,8.661367631467476,,,0,16,0.0,227,49910924897420,84,24.723224639892578,-495.2299880537614,0.8377565001561722,20,-53620.06237744717,340282346638528860000000000000000000000,1601437440,,,,0,,3,61.44657516479492,,,,,,C,
Raw,1697799110999,106306000000,,,-1381834222693952815,0.0,8.661367631467476,,,0,101,0.0,16392,49910918590199,1000000000,7.0,-1588.2713758860955,299792458,18,-56.97309105169316,340282346638528860000000000000000000000,1602562560,,,,0,,3,61.44657516479492,,,,,,C,
Raw,1697799110999,106306000000,,,-1381834222693952815,0.0,8.661367631467476,,,0,24,0.0,227,49910924281440,54,30.157970428466797,-1417.7900607069314,0.005228172056376934,17,-154109.16873976958,0.002614086028188467,1603124990,,,,0,,3,61.44657516479492,,,,,,C,
Raw,1697799110999,106306000000,,,-1381834222693952815,0.0,8.661367631467476,,,0,23,0.0,227,49910929925277,164,16.433475494384766,-714.6841649251592,1.2114416125869054,20,-74978.94372148141,340282346638528860000000000000000000000,1603687550,,,,0,,3,61.44657516479492,,,,,,C,
Raw,1697799110999,106306000000,,,-1381834222693952815,0.0,8.661367631467476,,,0,7,0.0,227,49910933372079,79,25.54351806640625,-779.9980123177338,0.8023931556872448,20,-82290.49458007808,340282346638528860000000000000000000000,1604812540,,,,0,,3,61.44657516479492,,,,,,C,
Raw,1697799110999,106306000000,,,-1381834222693952815,0.0,8.661367631467476,,,0,8,0.0,227,49910931892495,47,31.815818786621094,-1304.458105539379,0.004313684068620205,17,-136606.32149855804,0.0021568420343101025,1605374980,,,,0,,3,61.44657516479492,,,,,,C,
Raw,1697799110999,106306000000,,,-1381834222693952815,0.0,8.661367631467476,,,0,5,0.0,809,471114867670014,27,30.244598388671875,-974.4956171424124,0.5888858700882276,20,-101007.09386440413,340282346638528860000000000000000000000,1561097980,,,,0,,5,61.759490966796875,,,,,,C,
Raw,1697799110999,106306000000,,,-1381834222693952815,0.0,8.661367631467476,,,0,9,0.0,16393,471114867296850,26,21.913820266723633,-816.8739351420668,0.9645237342027433,20,465446.3064654605,340282346638528860000000000000000000000,1561097980,,,,1,,5,61.759490966796875,,,,,,C,
Raw,1697799110999,106306000000,,,-1381834222693952815,0.0,8.661367631467476,,,0,19,0.0,65583,471114926131021,8,35.33362579345703,-1134.6306103647512,0.003138199681416154,17,-157459.2224798534,0.001569099840708077,1561097980,,,,0,,5,61.759490966796875,,,,,,C,
Raw,1697799110999,106306000000,,,-1381834222693952815,0.0,8.661367631467476,,,0,20,0.0,65583,471114924146470,8,35.73112869262695,-666.4034396834031,0.0029978188686072826,17,-71057.19090115368,0.0014989094343036413,1561097980,,,,0,,5,61.759490966796875,,,,,,C,
Raw,1697799110999,106306000000,,,-1381834222693952815,0.0,8.661367631467476,,,0,22,0.0,12,471114916066480,1000000000,13.208921432495117,-1485.913033839226,299792458,20,-205820.94107415745,340282346638528860000000000000000000000,1561097980,,,,0,,5,61.759490966796875,,,,,,C,
Raw,1697799110999,106306000000,,,-1381834222693952815,0.0,8.661367631467476,,,0,23,0.0,16392,471114908360366,1000000000,7.0,-439.1598141070208,299792458,20,-32439.88331544143,340282346638528860000000000000000000000,1561097980,,,,1,,5,61.759490966796875,,,,,,C,
Raw,1697799110999,106306000000,,,-1381834222693952815,0.0,8.661367631467476,,,0,29,0.0,16392,471114911007999,1000000000,12.46455192565918,-395.31995927120806,299792458,18,-8.552371755806622,340282346638528860000000000000000000000,1561097980,,,,0,,5,61.759490966796875,,,,,,C,
Raw,1697799110999,106306000000,,,-1381834222693952815,0.0,8.661367631467476,,,0,35,0.0,16392,471114917500069,1000000000,17.491750717163086,-599.0426626029157,299792458,20,481003.0618062323,340282346638528860000000000000000000000,1561097980,,,,1,,5,61.759490966796875,,,,,,C,
Raw,1697799110999,106306000000,,,-1381834222693952815,0.0,8.661367631467476,,,0,36,0.0,12,471114913013876,1000000000,10.570165634155273,-1645.5263582689386,299792458,20,-222235.21369982485,340282346638528860000000000000000000000,1561097980,,,,1,,5,61.759490966796875,,,,,,C,
Raw,1697799110999,106306000000,,,-1381834222693952815,0.0,8.661367631467476,,,0,37,0.0,65583,471114919936084,22,24.175697326660156,-825.2651722678088,0.8650831747501018,20,-109959.73983983473,340282346638528860000000000000000000000,1561097980,,,,0,,5,61.759490966796875,,,,,,C,
Raw,1697799110999,106306000000,,,-1381834222693952815,0.0,8.661367631467476,,,0,3,0.0,83976,471128916260291,1000000000,24.4979305267334,-1324.5559146039805,299792458,20,-83097.37739927576,340282346638528860000000000000000000000,1575420030,,,,0,,6,49.160926818847656,,,,,,C,
Raw,1697799110999,106306000000,,,-1381834222693952815,0.0,8.661367631467476,,,0,5,0.0,16392,471128922105079,1000000000,36.51759719848633,-916.9362102579075,299792458,18,-2.728032168603557,340282346638528860000000000000000000000,1575420030,,,,0,,6,49.160926818847656,,,,,,C,
Raw,1697799110999,106306000000,,,-1381834222693952815,0.0,8.661367631467476,,,0,9,0.0,83976,471128912449120,1000000000,20.743179321289062,-566.6380854147233,299792458,20,-8363.961510016685,340282346638528860000000000000000000000,1575420030,,,,1,,6,49.160926818847656,,,,,,C,
Raw,1697799110999,106306000000,,,-1381834222693952815,0.0,8.661367631467476,,,0,13,0.0,16392,471128903804909,1000000000,7.0,-1521.6052729485218,299792458,18,-8.847957216784954,340282346638528860000000000000000000000,1575420030,,,,0,,6,49.160926818847656,,,,,,C,
Raw,1697799110999,106306000000,,,-1381834222693952815,0.0,8.661367631467476,,,0,15,0.0,83976,471128916080334,1000000000,25.69443130493164,-1160.5017824191718,299792458,20,-83432.56346602496,340282346638528860000000000000000000000,1575420030,,,,0,,6,49.160926818847656,,,,,,C,
Raw,1697799110999,106306000000,,,-1381834222693952815,0.0,8.661367631467476,,,0,24,0.0,16392,471128909617265,1000000000,34.04180145263672,-1450.871769649516,299792458,18,-2.7815978025087342,340282346638528860000000000000000000000,1575420030,,,,0,,6,49.160926818847656,,,,,,C,
Raw,1697799110999,106306000000,,,-1381834222693952815,0.0,8.661367631467476,,,0,31,0.0,83976,471128909993274,1000000000,28.2912654876709,-1082.9252716644291,299792458,20,-43957.97496609103,340282346638528860000000000000000000000,1575420030,,,,0,,6,49.160926818847656,,,,,,C,
Raw,1697799110999,106306000000,,,-1381834222693952815,0.0,8.661367631467476,,,0,3,0.0,16392,471128916260275,1000000000,18.296043395996094,-1322.0850728359028,299792458,20,75533.27239477863,340282346638528860000000000000000000000,1176450050,,,,1,,6,9.077828407287598,,,,,,Q,
Raw,1697799110999,106306000000,,,-1381834222693952815,0.0,8.661367631467476,,,0,9,0.0,84011,471128912449053,11,28.646406173706055,-565.1169332191294,0.00847855769097805,17,-566.6710143334885,0.004239278845489025,1176450050,,,,0,,6,9.077828407287598,,,,,,Q,
Raw,1697799110999,106306000000,,,-1381834222693952815,0.0,8.661367631467476,,,0,15,0.0,16392,471128916080293,1000000000,17.241098403930664,-1159.3716081608754,299792458,20,-87161.96883924425,340282346638528860000000000000000000000,1176450050,,,,0,,6,9.077828407287598,,,,,,Q,
Raw,1697799110999,106306000000,,,-1381834222693952815,0.0,8.661367631467476,,,0,31,0.0,84011,471128909993214,13,27.59636688232422,-1082.0364303655224,0.009568062610924244,17,-115005.8972715755,0.004784031305462122,1176450050,,,,0,,6,9.077828407287598,,,,,,Q,
Raw,1697799111999,107306000000,,,-1381834222693956103,0.0,8.63106751009561,,,0,3,0.0,16392,471129914561786,1000000000,7.0,-328.790015747443,299792458,18,-9.161129214128664,340282346638528860000000000000000000000,1575420030,,,,0,,1,52.750877380371094,,,,,,C,
Raw,1697799111999,107306000000,,,-1381834222693956103,0.0,8.63106751009561,,,0,4,0.0,47,471129923288598,39,25.558887481689453,-444.090801000857,0.009033896960318089,17,-47375.48372212617,0.09966378487934148,1575420030,,,,0,,1,52.750877380371094,,,,,,C,
Raw,1697799111999,107306000000,,,-1381834222693956103,0.0,8.63106751009561,,,0,5,0.0,16392,471129915951794,1000000000,19.69933319091797,-1661.5871024210956,299792458,18,-1414.1471184291531,340282346638528860000000000000000000000,1575420030,,,,0,,1,52.750877380371094,,,,,,C,
Raw,1697799111999,107306000000,,,-1381834222693956103,0.0,8.63106751009561,,,0,6,0.0,47,471129928471730,11,40.736637115478516,-568.2494912542461,0.001669413410127163,17,-61036.2007507468,0.0008347067050635815,1575420030,,,,0,,1,52.750877380371094,,,,,,C,
Raw,1697799111999,107306000000,,,-1381834222693956103,0.0,8.63106751009561,,,0,7,0.0,47,471129929325884,13,38.813995361328125,-1246.2249749100301,0.0020830316934734583,17,-133314.90301135156,0.0010415158467367291,1575420030,,,,0,,1,52.750877380371094,,,,,,C,
Raw,1697799111999,107306000000,,,-1381834222693956103,0.0,8.63106751009561,,,0,9,0.0,47,471129930423880,28,29.769193649291992,-675.9363576242176,0.005563649348914623,17,-72393.38446717577,0.0027818246744573116,1575420030,,,,0,,1,52.750877380371094,,,,,,C,
Raw,1697799111999,107306000000,,,-1381834222693956103,0.0,8.63106751009561,,,0,11,0.0,47,471129927865991,30,28.581581115722656,-1061.0433813047566,0.0063788206316530704,17,-113737.88904091509,0.09833624671500897,1575420030,,,,1,,1,52.750877380371094,,,,,,C,
Raw,1697799111999,107306000000,,,-1381834222693956103,0.0,8.63106751009561,,,0,16,0.0,47,471129918717074,36,26.3829345703125,-972.8030141865765,0.7656069352257879,20,-103530.39888275819,340282346638528860000000000000000000000,1575420030,,,,1,,1,52.750877380371094,,,,,,C,
Raw,1697799111999,107306000000,,,-1381834222693956103,0.0,8.63106751009561,,,0,20,0.0,46,471129925868848,1000000000,24.52780532836914,-1528.3391483784726,299792458,20,-163135.58890463586,340282346638528860000000000000000000000,1575420030,,,,0,,1,52.750877380371094,,,,,,C,
Raw,1697799111999,107306000000,,,-1381834222693956103,0.0,8.63106751009561,,,0,26,0.0,16392,471129915063247,1000000000,10.057828903198242,-613.7662838207698,299792458,20,-46554.877074013726,340282346638528860000000000000000000000,1575420030,,,,0,,1,52.750877380371094,,,,,,C,
Raw,1697799111999,107306000000,,,-1381834222693956103,0.0,8.63106751009561,,,0,29,0.0,16392,471129913997023,1000000000,7.0,-1100.7317874045975,299792458,18,-29.652210513286086,340282346638528860000000000000000000000,1575420030,,,,0,,1,52.750877380371094,,,,,,C,
Raw,1697799111999,107306000000,,,-1381834222693956103,0.0,8.63106751009561,,,0,30,0.0,47,471129924529541,14,38.21595001220703,-1573.6745867056306,0.0022315070964396,17,-168082.44014098495,0.0011157535482198,1575420030,,,,0,,1,52.750877380371094,,,,,,C,
Raw,1697799111999,107306000000,,,-1381834222693956103,0.0,8.63106751009561,,,0,6,0.0,81929,471129928471717,9,31.202049255371094,-568.2191350450448,0.006317421328276396,17,-130168.67605129493,0.003158710664138198,1176450050,,,,0,,1,10.320786476135254,,,,,,Q,
Raw,1697799111999,107306000000,,,-1381834222693956103,0.0,8.63106751009561,,,0,9,0.0,81929,471129930423871,105,18.57625961303711,-675.5253309980153,1.1151726520425242,20,-142549.0526212453,340282346638528860000000000000000000000,1176450050,,,,0,,1,10.320786476135254,,,,,,Q,
Raw,1697799111999,107306000000,,,-1381834222693956103,0.0,8.63106751009561,,,0,26,0.0,16392,471129915063078,1000000000,9.668704986572266,-613.6332940754178,299792458,20,-546329.8659386322,340282346638528860000000000000000000000,1176450050,,,,0,,1,10.320786476135254,,,,,,Q,
Raw,1697799111999,107306000000,,,-1381834222693956103,0.0,8.63106751009561,,,0,30,0.0,81929,471129924529514,9,39.29195785522461,-1573.6691953905392,0.002640101592987776,17,-355651.5810778269,0.001320050796493888,1176450050,,,,0,,1,10.320786476135254,,,,,,Q,
Raw,1697799111999,107306000000,,,-1381834222693956103,0.0,8.63106751009561,,,0,10,0.0,227,49911926395825,33,36.56482696533203,-1738.8411867414834,0.0026604614686220884,17,-190771.87247231646,0.0013302307343110442,1598062460,,,,0,,3,61.37702941894531,,,,,,C,
Raw,1697799111999,107306000000,,,-1381834222693956103,0.0,8.63106751009561,,,0,6,0.0,16457,1922782397,124,19.943437576293945,-417.19271656928686,1.0523176792154807,20,-38080.85060629941,340282346638528860000000000000000000000,1599750020,,,,0,,3,61.37702941894531,,,,,,C,
Raw,1697799111999,107306000000,,,-1381834222693956103,0.0,8.63106751009561,,,0,22,0.0,227,49911924288216,71,26.77178192138672,-199.8000926335153,0.0077343168668448925,17,-21931.568251429973,0.0038671584334224463,1600312450,,,,0,,3,61.37702941894531,,,,,,C,
Raw,1697799111999,107306000000,,,-1381834222693956103,0.0,8.63106751009561,,,0,9,0.0,227,49911931080133,37,34.65852355957031,-1222.7145187304413,0.0033075660467147827,17,-134741.03093122077,0.0016537830233573914,1600875010,,,,0,,3,61.37702941894531,,,,,,C,
Raw,1697799111999,107306000000,,,-1381834222693956103,0.0,8.63106751009561,,,0,16,0.0,227,49911924899061,69,27.12051010131836,-495.0285266532551,0.7299534904726293,20,-54115.33987585255,340282346638528860000000000000000000000,1601437440,,,,0,,3,61.37702941894531,,,,,,C,
Raw,1697799111999,107306000000,,,-1381834222693956103,0.0,8.63106751009561,,,0,101,0.0,16392,49911918595496,1000000000,14.152069091796875,-1587.9977619251304,299792458,18,-56.943312469935556,340282346638528860000000000000000000000,1602562560,,,,0,,3,61.37702941894531,,,,,,C,
Raw,1697799111999,107306000000,,,-1381834222693956103,0.0,8.63106751009561,,,0,24,0.0,227,49911924286216,51,30.926801681518555,-1417.2882074566442,0.004785290453583002,17,-155526.45694722622,0.002392645226791501,1603124990,,,,0,,3,61.37702941894531,,,,,,C,
Raw,1697799111999,107306000000,,,-1381834222693956103,0.0,8.63106751009561,,,0,23,0.0,227,49911929927662,149,17.666915893554688,-714.3545875705836,1.1559754766917347,20,-75694.42082917497,340282346638528860000000000000000000000,1603687550,,,,0,,3,61.37702941894531,,,,,,C,
Raw,1697799111999,107306000000,,,-1381834222693956103,0.0,8.63106751009561,,,0,7,0.0,227,49911933374591,104,22.120922088623047,-779.0212772787031,0.9563038045566374,20,-83070.11123406945,340282346638528860000000000000000000000,1604812540,,,,0,,3,61.37702941894531,,,,,,C,
Raw,1697799111999,107306000000,,,-1381834222693956103,0.0,8.63106751009561,,,0,8,0.0,227,49911931896814,46,32.109153747558594,-1304.003325252677,0.004170438274741173,17,-137910.32482381072,0.0020852191373705864,1605374980,,,,0,,3,61.37702941894531,,,,,,C,
Raw,1697799111999,107306000000,,,-1381834222693956103,0.0,8.63106751009561,,,0,5,0.0,809,471115867673269,38,25.943334579467773,-974.9875633198626,0.7823095356427956,20,-101982.73436461676,340282346638528860000000000000000000000,1561097980,,,,0,,5,61.833412170410156,,,,,,C,
Raw,1697799111999,107306000000,,,-1381834222693956103,0.0,8.63106751009561,,,0,9,0.0,16393,471115867299516,23,23.38724136352539,-816.0633861610413,0.8982661739437399,20,464629.781095964,340282346638528860000000000000000000000,1561097980,,,,1,,5,61.833412170410156,,,,,,C,
Raw,1697799111999,107306000000,,,-1381834222693956103,0.0,8.63106751009561,,,0,19,0.0,65583,471115926134802,8,36.18593978881836,-1134.266806395346,0.002844886388629675,17,-158593.48928624875,0.0014224431943148375,1561097980,,,,0,,5,61.833412170410156,,,,,,C,
Raw,1697799111999,107306000000,,,-1381834222693956103,0.0,8.63106751009561,,,0,20,0.0,65583,471115924148700,8,36.0482177734375,-665.9324292008969,0.00289035402238369,17,-71723.12333035457,0.001445177011191845,1561097980,,,,0,,5,61.833412170410156,,,,,,C,
Raw,1697799111999,107306000000,,,-1381834222693956103,0.0,8.63106751009561,,,0,22,0.0,12,471115916071448,1000000000,14.337736129760742,-1486.1616994420165,299792458,20,-207306.5192086775,340282346638528860000000000000000000000,1561097980,,,,0,,5,61.833412170410156,,,,,,C,
Raw,1697799111999,107306000000,,,-1381834222693956103,0.0,8.63106751009561,,,0,23,0.0,16392,471115908361829,1000000000,7.0,-438.785111580009,299792458,20,-32878.218771243104,340282346638528860000000000000000000000,1561097980,,,,1,,5,61.833412170410156,,,,,,C,
Raw,1697799111999,107306000000,,,-1381834222693956103,0.0,8.63106751009561,,,0,29,0.0,16392,471115911009313,1000000000,7.0,-394.9452567441963,299792458,18,-8.557535610350183,340282346638528860000000000000000000000,1561097980,,,,0,,5,61.833412170410156,,,,,,C,
Raw,1697799111999,107306000000,,,-1381834222693956103,0.0,8.63106751009561,,,0,35,0.0,16392,471115917502040,1000000000,19.27090835571289,-597.2726243058601,299792458,20,480404.4029708009,340282346638528860000000000000000000000,1561097980,,,,0,,5,61.833412170410156,,,,,,C,
Raw,1697799111999,107306000000,,,-1381834222693956103,0.0,8.63106751009561,,,0,36,0.0,65583,471115913019221,43,15.790464401245117,-1644.5685049108215,1.2409134849228352,20,-223880.8813923686,340282346638528860000000000000000000000,1561097980,,,,1,,5,61.833412170410156,,,,,,C,
Raw,1697799111999,107306000000,,,-1381834222693956103,0.0,8.63106751009561,,,0,37,0.0,65583,471115919938859,21,24.62132453918457,-825.3042334904021,0.010155923664569855,17,-110785.04407332513,0.10109770498742317,1561097980,,,,1,,5,61.833412170410156,,,,,,C,
Raw,1697799111999,107306000000,,,-1381834222693956103,0.0,8.63106751009561,,,0,3,0.0,83976,471129916264696,1000000000,25.573741912841797,-1322.8662427394056,299792458,20,-84421.63491106791,340282346638528860000000000000000000000,1575420030,,,,0,,6,52.750877380371094,,,,,,C,
Raw,1697799111999,107306000000,,,-1381834222693956103,0.0,8.63106751009561,,,0,5,0.0,16392,471129922108132,1000000000,38.15785217285156,-916.564779646722,299792458,18,-2.7488155687282663,340282346638528860000000000000000000000,1575420030,,,,0,,6,52.750877380371094,,,,,,C,
Raw,1697799111999,107306000000,,,-1381834222693956103,0.0,8.63106751009561,,,0,9,0.0,83976,471129912450809,1000000000,24.031599044799805,-565.9651613931369,299792458,20,-8929.485870802493,340282346638528860000000000000000000000,1575420030,,,,1,,6,52.750877380371094,,,,,,C,
Raw,1697799111999,107306000000,,,-1381834222693956103,0.0,8.63106751009561,,,0,13,0.0,16392,471129903809983,1000000000,7.0,-1521.2339105022493,299792458,18,-8.882554820278504,340282346638528860000000000000000000000,1575420030,,,,0,,6,52.750877380371094,,,,,,C,
Raw,1697799111999,107306000000,,,-1381834222693956103,0.0,8.63106751009561,,,0,15,0.0,83976,471129916084155,1000000000,24.71094512939453,-1159.4937596850532,299792458,20,-84592.15462046089,340282346638528860000000000000000000000,1575420030,,,,1,,6,52.750877380371094,,,,,,C,
Raw,1697799111999,107306000000,,,-1381834222693956103,0.0,8.63106751009561,,,0,24,0.0,16392,471129909622102,1000000000,35.38675308227539,-1450.6860884263797,299792458,18,-2.7246894870900324,340282346638528860000000000000000000000,1575420030,,,,0,,6,52.750877380371094,,,,,,C,
Raw,1697799111999,107306000000,,,-1381834222693956103,0.0,8.63106751009561,,,0,31,0.0,83976,471129909996890,1000000000,30.31893539428711,-1082.094205044577,299792458,20,-45039.650414119846,340282346638528860000000000000000000000,1575420030,,,,0,,6,52.750877380371094,,,,,,C,
Raw,1697799111999,107306000000,,,-1381834222693956103,0.0,8.63106751009561,,,0,3,0.0,84011,471129916264701,66,20.96717071533203,-1323.8840812210028,1.0087065799699269,20,74207.54985615906,340282346638528860000000000000000000000,1176450050,,,,1,,6,10.320786476135254,,,,,,Q,
Raw,1697799111999,107306000000,,,-1381834222693956103,0.0,8.63106751009561,,,0,9,0.0,84011,471129912450941,11,29.285110473632812,-564.7641513229673,0.00787746999412775,17,-1131.4351656564559,0.003938734997063875,1176450050,,,,0,,6,10.320786476135254,,,,,,Q,
Raw,1697799111999,107306000000,,,-1381834222693956103,0.0,8.63106751009561,,,0,15,0.0,84011,471129916084167,60,20.992496490478516,-1159.6813495257547,1.0075352617961468,20,-88320.66036203415,340282346638528860000000000000000000000,1176450050,,,,0,,6,10.320786476135254,,,,,,Q,
Raw,1697799111999,107306000000,,,-1381834222693956103,0.0,8.63106751009561,,,0,31,0.0,84011,471129909996823,12,28.661331176757812,-1081.7070790421276,0.008464002050459385,17,-116087.60435061762,0.0042320010252296925,1176450050,,,,0,,6,10.320786476135254,,,,,,Q,
Raw,1697799112999,108306000000,,,-1381834222693959385,0.0,9.453510623417477,,,0,3,0.0,16392,471130914562882,1000000000,14.959912300109863,-328.6043686067633,299792458,18,-9.166244539253135,340282346638528860000000000000000000000,1575420030,,,,0,,1,52.81098556518555,,,,,,C,
Raw,1697799112999,108306000000,,,-1381834222693959385,0.0,9.453510623417477,,,0,4,0.0,47,471130923290121,31,28.26769256591797,-443.9550132063523,0.00661355210468173,17,-47819.43873533252,0.0984536124515233,1575420030,,,,1,,1,52.81098556518555,,,,,,C,
Raw,1697799112999,108306000000,,,-1381834222693959385,0.0,9.453510623417477,,,0,5,0.0,16392,471130915957333,1000000000,19.581321716308594,-1661.215739974823,299792458,18,-1414.1802057028613,340282346638528860000000000000000000000,1575420030,,,,0,,1,52.81098556518555,,,,,,C,
Raw,1697799112999,108306000000,,,-1381834222693959385,0.0,9.453510623417477,,,0,6,0.0,47,471130928473627,12,39.93609619140625,-568.0263004764638,0.001830589142628014,17,-61604.227051223264,0.000915294571314007,1575420030,,,,0,,1,52.81098556518555,,,,,,C,
Raw,1697799112999,108306000000,,,-1381834222693959385,0.0,9.453510623417477,,,0,7,0.0,47,471130929330044,14,38.2183837890625,-1245.9988682767435,0.0022308817133307457,17,-134560.9018796283,0.0011154408566653728,1575420030,,,,0,,1,52.81098556518555,,,,,,C,
Raw,1697799112999,108306000000,,,-1381834222693959385,0.0,9.453510623417477,,,0,9,0.0,47,471130930426127,28,29.557096481323242,-675.7732415365172,0.005701178219169378,17,-73069.15770871229,0.002850589109584689,1575420030,,,,0,,1,52.81098556518555,,,,,,C,
Raw,1697799112999,108306000000,,,-1381834222693959385,0.0,9.453510623417477,,,0,11,0.0,47,471130927869569,26,30.502824783325195,-1060.801622058556,0.005113028455525637,17,-114798.69066297365,0.09770335062694525,1575420030,,,,1,,1,52.81098556518555,,,,,,C,
Raw,1697799112999,108306000000,,,-1381834222693959385,0.0,9.453510623417477,,,0,16,0.0,47,471130918720285,31,28.50409698486328,-972.7960031977564,0.006435978692024946,17,-104503.19488595595,0.09836482574519491,1575420030,,,,1,,1,52.81098556518555,,,,,,C,
Raw,1697799112999,108306000000,,,-1381834222693959385,0.0,9.453510623417477,,,0,20,0.0,46,471130925873909,1000000000,25.61833381652832,-1528.3060202307324,299792458,20,-164663.98028051967,340282346638528860000000000000000000000,1575420030,,,,0,,1,52.81098556518555,,,,,,C,
Raw,1697799112999,108306000000,,,-1381834222693959385,0.0,9.453510623417477,,,0,26,0.0,16392,471130915065068,1000000000,10.713987350463867,-613.3949895394103,299792458,20,-47169.07334082918,340282346638528860000000000000000000000,1575420030,,,,0,,1,52.81098556518555,,,,,,C,
Raw,1697799112999,108306000000,,,-1381834222693959385,0.0,9.453510623417477,,,0,29,0.0,16392,471130914000695,1000000000,13.289230346679688,-1100.360493123238,299792458,18,-29.6728368323082,340282346638528860000000000000000000000,1575420030,,,,0,,1,52.81098556518555,,,,,,C,
Raw,1697799112999,108306000000,,,-1381834222693959385,0.0,9.453510623417477,,,0,30,0.0,47,471130924534780,17,35.9078483581543,-1573.4854589008319,0.0029107395093888044,17,-169655.92559988578,0.0014553697546944022,1575420030,,,,0,,1,52.81098556518555,,,,,,C,
Raw,1697799112999,108306000000,,,-1381834222693959385,0.0,9.453510623417477,,,0,6,0.0,81929,471130928473621,14,30.723791122436523,-568.0062036953168,0.006675022654235363,17,-130736.68225499024,0.0033375113271176815,1176450050,,,,0,,1,11.835200309753418,,,,,,Q,
Raw,1697799112999,108306000000,,,-1381834222693959385,0.0,9.453510623417477,,,0,9,0.0,81929,471130930426116,111,17.905059814453125,-674.6470260934225,1.1453559956583677,20,-143225.69913772107,340282346638528860000000000000000000000,1176450050,,,,1,,1,11.835200309753418,,,,,,Q,
Raw,1697799112999,108306000000,,,-1381834222693959385,0.0,9.453510623417477,,,0,26,0.0,16392,471130915065139,1000000000,11.414871215820312,-614.084886624345,299792458,20,-546943.932242157,340282346638528860000000000000000000000,1176450050,,,,1,,1,11.835200309753418,,,,,,Q,
Raw,1697799112999,108306000000,,,-1381834222693959385,0.0,9.453510623417477,,,0,30,0.0,81929,471130924534761,9,39.235748291015625,-1573.5072424729588,0.0026572421193122864,17,-357225.08832029987,0.0013286210596561432,1176450050,,,,0,,1,11.835200309753418,,,,,,Q,
Raw,1697799112999,108306000000,,,-1381834222693959385,0.0,9.453510623417477,,,0,10,0.0,227,49912926401641,36,35.13862991333008,-1738.6730018012167,0.003135210834443569,17,-192510.54547411768,0.0015676054172217846,1598062460,,,,0,,3,61.40491485595703,,,,,,C,
Raw,1697799112999,108306000000,,,-1381834222693959385,0.0,9.453510623417477,,,0,6,0.0,16457,922783621,132,19.132219314575195,-416.07985619890405,1.0887974238374238,20,-38497.61603692422,340282346638528860000000000000000000000,1599750020,,,,0,,3,61.40491485595703,,,,,,C,
Raw,1697799112999,108306000000,,,-1381834222693959385,0.0,9.453510623417477,,,0,22,0.0,227,49912924288921,87,24.27846908569336,-199.66227283263436,0.8576471416040206,20,-22131.196712601795,340282346638528860000000000000000000000,1600312450,,,,0,,3,61.40491485595703,,,,,,C,
Raw,1697799112999,108306000000,,,-1381834222693959385,0.0,9.453510623417477,,,0,9,0.0,227,49912931084202,38,34.34291076660156,-1222.432355675497,0.0034299602266401052,17,-135963.46328689627,0.0017149801133200526,1600875010,,,,0,,3,61.40491485595703,,,,,,C,
Raw,1697799112999,108306000000,,,-1381834222693959385,0.0,9.453510623417477,,,0,16,0.0,227,49912924900437,82,25.070171356201172,-495.07616422865976,0.009401502087712288,17,-54610.41604008121,0.004700751043856144,1601437440,,,,0,,3,61.40491485595703,,,,,,C,
Raw,1697799112999,108306000000,,,-1381834222693959385,0.0,9.453510623417477,,,0,101,0.0,16392,49912918600793,1000000000,17.296560287475586,-1587.7242842939913,299792458,18,-56.91354683664006,340282346638528860000000000000000000000,1602562560,,,,0,,3,61.40491485595703,,,,,,C,
Raw,1697799112999,108306000000,,,-1381834222693959385,0.0,9.453510623417477,,,0,24,0.0,227,49912924290964,48,31.47126007080078,-1417.0488957898633,0.004494542255997658,17,-156943.5058430161,0.002247271127998829,1603124990,,,,0,,3,61.40491485595703,,,,,,C,
Raw,1697799112999,108306000000,,,-1381834222693959385,0.0,9.453510623417477,,,0,23,0.0,227,49912929929918,103,22.232303619384766,-712.2900086842578,0.950675539519521,20,-76407.97121872599,340282346638528860000000000000000000000,1603687550,,,,1,,3,61.40491485595703,,,,,,C,
Raw,1697799112999,108306000000,,,-1381834222693959385,0.0,9.453510623417477,,,0,7,0.0,227,49912933377076,143,18.10597038269043,-779.0042360504417,1.136852023352139,20,-83850.03841912966,340282346638528860000000000000000000000,1604812540,,,,0,,3,61.40491485595703,,,,,,C,
Raw,1697799112999,108306000000,,,-1381834222693959385,0.0,9.453510623417477,,,0,8,0.0,227,49912931901165,50,31.099609375,-1303.8242659080715,0.004684452433139086,17,-139214.1490897188,0.002342226216569543,1605374980,,,,0,,3,61.40491485595703,,,,,,C,
Raw,1697799112999,108306000000,,,-1381834222693959385,0.0,9.453510623417477,,,0,5,0.0,809,471116867676533,20,33.72190475463867,-974.4330417522365,0.432516524787393,20,-102958.79013846531,340282346638528860000000000000000000000,1561097980,,,,0,,5,61.99386215209961,,,,,,C,
Raw,1697799112999,108306000000,,,-1381834222693959385,0.0,9.453510623417477,,,0,9,0.0,16393,471116867302245,22,24.01148796081543,-815.9620249353425,0.870195077257438,20,463813.98594091996,340282346638528860000000000000000000000,1561097980,,,,1,,5,61.99386215209961,,,,,,C,
Raw,1697799112999,108306000000,,,-1381834222693959385,0.0,9.453510623417477,,,0,19,0.0,65583,471116926138591,8,36.20421600341797,-1134.1078808694147,0.002838906366378069,17,-159727.59716711816,0.0014194531831890345,1561097980,,,,0,,5,61.99386215209961,,,,,,C,
Raw,1697799112999,108306000000,,,-1381834222693959385,0.0,9.453510623417477,,,0,20,0.0,65583,471116924150949,9,34.444923400878906,-665.765955117211,0.003476287703961134,17,-72388.88928547179,0.001738143851980567,1561097980,,,,0,,5,61.99386215209961,,,,,,C,
Raw,1697799112999,108306000000,,,-1381834222693959385,0.0,9.453510623417477,,,0,22,0.0,12,471116916076266,1000000000,13.86198616027832,-1486.1018506483624,299792458,20,-208792.32877784388,340282346638528860000000000000000000000,1561097980,,,,1,,5,61.99386215209961,,,,,,C,
Raw,1697799112999,108306000000,,,-1381834222693959385,0.0,9.453510623417477,,,0,23,0.0,16392,471116908363292,1000000000,7.0,-438.4103749705407,299792458,20,-33316.3293592763,340282346638528860000000000000000000000,1561097980,,,,1,,5,61.99386215209961,,,,,,C,
Raw,1697799112999,108306000000,,,-1381834222693959385,0.0,9.453510623417477,,,0,29,0.0,16392,471116911010629,1000000000,7.0,-394.9452567441963,299792458,18,-8.566801188119435,340282346638528860000000000000000000000,1561097980,,,,0,,5,61.99386215209961,,,,,,C,
Raw,1697799112999,108306000000,,,-1381834222693959385,0.0,9.453510623417477,,,0,35,0.0,16392,471116917504094,1000000000,19.524707794189453,-596.5335121537064,299792458,20,479806.72909814,340282346638528860000000000000000000000,1561097980,,,,0,,5,61.99386215209961,,,,,,C,
Raw,1697799112999,108306000000,,,-1381834222693959385,0.0,9.453510623417477,,,0,36,0.0,65583,471116913024683,36,17.823091506958008,-1645.9789732915615,1.1495093956432978,20,-225525.97971758054,340282346638528860000000000000000000000,1561097980,,,,1,,5,61.99386215209961,,,,,,C,
Raw,1697799112999,108306000000,,,-1381834222693959385,0.0,9.453510623417477,,,0,37,0.0,12,471116919941646,1000000000,22.51339340209961,-824.3527849066932,299792458,20,-111610.11976906595,340282346638528860000000000000000000000,1561097980,,,,1,,5,61.99386215209961,,,,,,C,
Raw,1697799112999,108306000000,,,-1381834222693959385,0.0,9.453510623417477,,,0,3,0.0,83976,471130916269190,1000000000,23.920894622802734,-1321.9814621680734,299792458,20,-85742.91126321579,340282346638528860000000000000000000000,1575420030,,,,0,,6,52.81098556518555,,,,,,C,
Raw,1697799112999,108306000000,,,-1381834222693959385,0.0,9.453510623417477,,,0,5,0.0,16392,471130922111190,1000000000,37.61663818359375,-916.1934853653624,299792458,18,-2.7695817847168285,340282346638528860000000000000000000000,1575420030,,,,0,,6,52.81098556518555,,,,,,C,
Raw,1697799112999,108306000000,,,-1381834222693959385,0.0,9.453510623417477,,,0,9,0.0,83976,471130912452720,1000000000,25.77634620666504,-563.0933736065249,299792458,20,-9493.356450057998,340282346638528860000000000000000000000,1575420030,,,,1,,6,52.81098556518555,,,,,,C,
Raw,1697799112999,108306000000,,,-1381834222693959385,0.0,9.453510623417477,,,0,13,0.0,16392,471130903815056,1000000000,14.972789764404297,-1520.8626843858028,299792458,18,-8.917135364705585,340282346638528860000000000000000000000,1575420030,,,,0,,6,52.81098556518555,,,,,,C,
Raw,1697799112999,108306000000,,,-1381834222693959385,0.0,9.453510623417477,,,0,15,0.0,83976,471130916088069,1000000000,21.713775634765625,-1159.0187865709513,299792458,20,-85751.97734123805,340282346638528860000000000000000000000,1575420030,,,,1,,6,52.81098556518555,,,,,,C,
Raw,1697799112999,108306000000,,,-1381834222693959385,0.0,9.453510623417477,,,0,24,0.0,16392,471130909626943,1000000000,37.28472900390625,-1450.3148623099332,299792458,18,-2.7583581073805097,340282346638528860000000000000000000000,1575420030,,,,0,,6,52.81098556518555,,,,,,C,
Raw,1697799112999,108306000000,,,-1381834222693959385,0.0,9.453510623417477,,,0,31,0.0,83976,471130910000466,1000000000,30.549888610839844,-1081.351616481858,299792458,20,-46121.608241197646,340282346638528860000000000000000000000,1575420030,,,,0,,6,52.81098556518555,,,,,,C,
Raw,1697799112999,108306000000,,,-1381834222693959385,0.0,9.453510623417477,,,0,3,0.0,84011,471130916269113,40,22.43496322631836,-1322.9746249511481,0.9427024414140139,20,72881.7795660633,340282346638528860000000000000000000000,1176450050,,,,1,,6,11.835200309753418,,,,,,Q,
Raw,1697799112999,108306000000,,,-1381834222693959385,0.0,9.453510623417477,,,0,9,0.0,84011,471130912452824,13,28.472553253173828,-564.6440913906099,0.008649972267448902,17,-1696.0792570470658,0.004324986133724451,1176450050,,,,0,,6,11.835200309753418,,,,,,Q,
Raw,1697799112999,108306000000,,,-1381834222693959385,0.0,9.453510623417477,,,0,15,0.0,84011,471130916088037,55,21.098304748535156,-1158.7068639288545,1.0027778967174052,20,-89479.79427699717,340282346638528860000000000000000000000,1176450050,,,,0,,6,11.835200309753418,,,,,,Q,
Raw,1697799112999,108306000000,,,-1381834222693959385,0.0,9.453510623417477,,,0,31,0.0,84011,471130910000431,17,27.223390579223633,-1081.4772217530117,0.009987867437303066,17,-117169.08157237063,0.004993933718651533,1176450050,,,,0,,6,11.835200309753418,,,,,,Q,
Raw,1697799113999,109306000000,,,-1381834222693962668,0.0,9.896360814645856,,,0,3,0.0,16392,471131914563972,1000000000,7.0,-328.2330743254038,299792458,18,-9.148213527827808,340282346638528860000000000000000000000,1575420030,,,,0,,1,52.76594161987305,,,,,,C,
Raw,1697799113999,109306000000,,,-1381834222693962668,0.0,9.896360814645856,,,0,4,0.0,47,471131923291606,35,27.018688201904297,-443.8423989843359,0.0076363361440598965,17,-48263.28113431686,0.09896500447121238,1575420030,,,,1,,1,52.76594161987305,,,,,,C,
Raw,1697799113999,109306000000,,,-1381834222693962668,0.0,9.896360814645856,,,0,5,0.0,16392,471131915962869,1000000000,16.44607162475586,-1660.8445138583766,299792458,18,-1414.3171817426976,340282346638528860000000000000000000000,1575420030,,,,0,,1,52.76594161987305,,,,,,C,
Raw,1697799113999,109306000000,,,-1381834222693962668,0.0,9.896360814645856,,,0,6,0.0,47,471131928475506,14,37.928157806396484,-568.0426546215895,0.0023066829890012745,17,-62172.269705844854,0.001153341494500637,1575420030,,,,0,,1,52.76594161987305,,,,,,C,
Raw,1697799113999,109306000000,,,-1381834222693962668,0.0,9.896360814645856,,,0,7,0.0,47,471131929334233,15,36.84800720214844,-1246.0324121959857,0.002612133976072073,17,-135806.9342918243,0.0013060669880360365,1575420030,,,,0,,1,52.76594161987305,,,,,,C,
Raw,1697799113999,109306000000,,,-1381834222693962668,0.0,9.896360814645856,,,0,9,0.0,47,471131930428390,30,28.84783935546875,-675.7810799546714,0.006186249665915965,17,-73744.93878866696,0.003093124832957983,1575420030,,,,0,,1,52.76594161987305,,,,,,C,
Raw,1697799113999,109306000000,,,-1381834222693962668,0.0,9.896360814645856,,,0,11,0.0,47,471131927873131,28,29.583717346191406,-1060.6546488772437,0.005683732684701681,17,-115859.34531185089,0.09798870274153328,1575420030,,,,1,,1,52.76594161987305,,,,,,C,
Raw,1697799113999,109306000000,,,-1381834222693962668,0.0,9.896360814645856,,,0,16,0.0,47,471131918723522,29,28.97610092163086,-972.6171134616889,0.006095570046454668,17,-105475.81199941764,0.09819462142240977,1575420030,,,,0,,1,52.76594161987305,,,,,,C,
Raw,1697799113999,109306000000,,,-1381834222693962668,0.0,9.896360814645856,,,0,20,0.0,12,471131925878909,1000000000,24.353809356689453,-1528.0986625652477,299792458,20,-166192.22170377767,340282346638528860000000000000000000000,1575420030,,,,0,,1,52.76594161987305,,,,,,C,
Raw,1697799113999,109306000000,,,-1381834222693962668,0.0,9.896360814645856,,,0,26,0.0,16392,471131915067203,1000000000,10.827035903930664,-613.0236952580508,299792458,20,-47780.91299672666,340282346638528860000000000000000000000,1575420030,,,,0,,1,52.76594161987305,,,,,,C,
Raw,1697799113999,109306000000,,,-1381834222693962668,0.0,9.896360814645856,,,0,29,0.0,16392,471131914004356,1000000000,7.0,-1099.9891988418785,299792458,18,-29.62462920323531,340282346638528860000000000000000000000,1575420030,,,,0,,1,52.76594161987305,,,,,,C,
Raw,1697799113999,109306000000,,,-1381834222693962668,0.0,9.896360814645856,,,0,30,0.0,47,471131924540023,15,37.080318450927734,-1573.5291078525772,0.002543195616453886,17,-171229.45470773836,0.001271597808226943,1575420030,,,,0,,1,52.76594161987305,,,,,,C,
Raw,1697799113999,109306000000,,,-1381834222693962668,0.0,9.896360814645856,,,0,6,0.0,81929,471131928475499,14,30.908580780029297,-567.9524716929009,0.006534514483064413,17,-131304.63472668314,0.0032672572415322065,1176450050,,,,0,,1,11.110957145690918,,,,,,Q,
Raw,1697799113999,109306000000,,,-1381834222693962668,0.0,9.896360814645856,,,0,9,0.0,81929,471131930428362,31,23.65056037902832,-675.8956028056791,0.886987809795797,20,-143903.60787608754,340282346638528860000000000000000000000,1176450050,,,,0,,1,11.110957145690918,,,,,,Q,
Raw,1697799113999,109306000000,,,-1381834222693962668,0.0,9.896360814645856,,,0,26,0.0,16392,471131915067219,1000000000,7.0,-616.4981972058122,299792458,20,-547558.2669307103,340282346638528860000000000000000000000,1176450050,,,,0,,1,11.110957145690918,,,,,,Q,
Raw,1697799113999,109306000000,,,-1381834222693962668,0.0,9.896360814645856,,,0,30,0.0,81929,471131924540002,9,39.23221206665039,-1573.4774547183188,0.002658324781805277,17,-358798.5657750182,0.0013291623909026384,1176450050,,,,0,,1,11.110957145690918,,,,,,Q,
Raw,1697799113999,109306000000,,,-1381834222693962668,0.0,9.896360814645856,,,0,10,0.0,227,49913926407401,36,35.24020004272461,-1738.5962087363005,0.0030987628269940615,17,-194249.14168285398,0.0015493814134970307,1598062460,,,,0,,3,61.47423553466797,,,,,,C,
Raw,1697799113999,109306000000,,,-1381834222693962668,0.0,9.896360814645856,,,0,6,0.0,16457,1922785114,104,22.030189514160156,-416.56617877102804,0.9584792238518824,20,-38914.37246914328,340282346638528860000000000000000000000,1599750020,,,,0,,3,61.47423553466797,,,,,,C,
Raw,1697799113999,109306000000,,,-1381834222693962668,0.0,9.896360814645856,,,0,22,0.0,227,49913924289626,66,27.596254348754883,-199.599731524915,0.7084501896659496,20,-22330.75625521607,340282346638528860000000000000000000000,1600312450,,,,0,,3,61.47423553466797,,,,,,C,
Raw,1697799113999,109306000000,,,-1381834222693962668,0.0,9.896360814645856,,,0,9,0.0,227,49913931088362,45,32.39812469482422,-1222.331203110778,0.004290703218430281,17,-137185.79449000704,0.0021453516092151403,1600875010,,,,0,,3,61.47423553466797,,,,,,C,
Raw,1697799113999,109306000000,,,-1381834222693962668,0.0,9.896360814645856,,,0,16,0.0,227,49913924902159,93,23.39040756225586,-494.8689866742718,0.897692563537769,20,-55105.453613317484,340282346638528860000000000000000000000,1601437440,,,,0,,3,61.47423553466797,,,,,,C,
Raw,1697799113999,109306000000,,,-1381834222693962668,0.0,9.896360814645856,,,0,101,0.0,16392,49913918606082,1000000000,18.442140579223633,-1587.4508066628523,299792458,18,-56.983199600105316,340282346638528860000000000000000000000,1602562560,,,,0,,3,61.47423553466797,,,,,,C,
Raw,1697799113999,109306000000,,,-1381834222693962668,0.0,9.896360814645856,,,0,24,0.0,227,49913924295671,52,30.563350677490234,-1416.8716594239813,0.004989774897694589,17,-158360.37750244007,0.002494887448847294,1603124990,,,,0,,3,61.47423553466797,,,,,,C,
Raw,1697799113999,109306000000,,,-1381834222693962668,0.0,9.896360814645856,,,0,23,0.0,227,49913929932284,111,21.247020721435547,-712.2520408276914,0.994983065835664,20,-77120.97245335647,340282346638528860000000000000000000000,1603687550,,,,0,,3,61.47423553466797,,,,,,C,
Raw,1697799113999,109306000000,,,-1381834222693962668,0.0,9.896360814645856,,,0,7,0.0,227,49913933380123,104,22.126747131347656,-779.0473844403996,0.9560429273161826,20,-84629.14656637165,340282346638528860000000000000000000000,1604812540,,,,0,,3,61.47423553466797,,,,,,C,
Raw,1697799113999,109306000000,,,-1381834222693962668,0.0,9.896360814645856,,,0,8,0.0,227,49913931905705,58,29.294002532958984,-1303.511497329232,0.63347437696879,20,-140517.91101972506,340282346638528860000000000000000000000,1605374980,,,,0,,3,61.47423553466797,,,,,,C,
Raw,1697799113999,109306000000,,,-1381834222693962668,0.0,9.896360814645856,,,0,5,0.0,809,471117867679784,22,32.481998443603516,-974.3956192149744,0.4882743918655934,20,-103935.26942453635,340282346638528860000000000000000000000,1561097980,,,,0,,5,62.02272033691406,,,,,,C,
Raw,1697799113999,109306000000,,,-1381834222693962668,0.0,9.896360814645856,,,0,9,0.0,16393,471117867304983,23,23.389863967895508,-816.0916064350422,0.8981492152013364,20,462998.2796120111,340282346638528860000000000000000000000,1561097980,,,,1,,5,62.02272033691406,,,,,,C,
Raw,1697799113999,109306000000,,,-1381834222693962668,0.0,9.896360814645856,,,0,19,0.0,65583,471117926142352,8,36.46973419189453,-1134.1210211652215,0.0027534374967217445,17,-160861.71818828338,0.0013767187483608723,1561097980,,,,0,,5,62.02272033691406,,,,,,C,
Raw,1697799113999,109306000000,,,-1381834222693962668,0.0,9.896360814645856,,,0,20,0.0,65583,471117924153148,9,34.27558517456055,-665.7794053369144,0.0035447259433567524,17,-73054.6686908087,0.0017723629716783762,1561097980,,,,0,,5,62.02272033691406,,,,,,C,
Raw,1697799113999,109306000000,,,-1381834222693962668,0.0,9.896360814645856,,,0,22,0.0,12,471117916081212,1000000000,10.907560348510742,-1485.7270799564376,299792458,20,-210277.81866348253,340282346638528860000000000000000000000,1561097980,,,,0,,5,62.02272033691406,,,,,,C,
Raw,1697799113999,109306000000,,,-1381834222693962668,0.0,9.896360814645856,,,0,23,0.0,16392,471117908364747,1000000000,7.0,-438.03567244352894,299792458,20,-33753.91536980357,340282346638528860000000000000000000000,1561097980,,,,1,,5,62.02272033691406,,,,,,C,
Raw,1697799113999,109306000000,,,-1381834222693962668,0.0,9.896360814645856,,,0,29,0.0,16392,471117911011939,1000000000,7.0,-394.57048605227146,299792458,18,-8.547252902219103,340282346638528860000000000000000000000,1561097980,,,,0,,5,62.02272033691406,,,,,,C,
Raw,1697799113999,109306000000,,,-1381834222693962668,0.0,9.896360814645856,,,0,35,0.0,16393,471117917506040,32,19.333772659301758,-597.273987604121,1.082381933935388,20,479209.04973618384,340282346638528860000000000000000000000,1561097980,,,,0,,5,62.02272033691406,,,,,,C,
Raw,1697799113999,109306000000,,,-1381834222693962668,0.0,9.896360814645856,,,0,36,0.0,65583,471117913030156,41,16.246662139892578,-1645.0083049297918,1.2204007720761476,20,-227170.3686683475,340282346638528860000000000000000000000,1561097980,,,,1,,5,62.02272033691406,,,,,,C,
Raw,1697799113999,109306000000,,,-1381834222693962668,0.0,9.896360814645856,,,0,37,0.0,65583,471117919944365,24,22.808696746826172,-824.7402342724445,0.9265570758476946,20,-112435.12874969108,340282346638528860000000000000000000000,1561097980,,,,1,,5,62.02272033691406,,,,,,C,
Raw,1697799113999,109306000000,,,-1381834222693962668,0.0,9.896360814645856,,,0,3,0.0,83976,471131916273558,1000000000,24.011486053466797,-1322.4745671490455,299792458,20,-87065.85642798491,340282346638528860000000000000000000000,1575420030,,,,0,,6,52.76594161987305,,,,,,C,
Raw,1697799113999,109306000000,,,-1381834222693962668,0.0,9.896360814645856,,,0,5,0.0,16392,471131922114239,1000000000,38.55610656738281,-915.822191084003,299792458,18,-2.733035621620771,340282346638528860000000000000000000000,1575420030,,,,0,,6,52.76594161987305,,,,,,C,
Raw,1697799113999,109306000000,,,-1381834222693962668,0.0,9.896360814645856,,,0,9,0.0,83976,471131912454566,1000000000,23.778072357177734,-564.7192771949456,299792458,20,-10057.944457066247,340282346638528860000000000000000000000,1575420030,,,,1,,6,52.76594161987305,,,,,,C,
Raw,1697799113999,109306000000,,,-1381834222693962668,0.0,9.896360814645856,,,0,13,0.0,16392,471131903820126,1000000000,7.067371368408203,-1520.6770031626666,299792458,18,-8.857121557664964,340282346638528860000000000000000000000,1575420030,,,,0,,6,52.76594161987305,,,,,,C,
Raw,1697799113999,109306000000,,,-1381834222693962668,0.0,9.896360814645856,,,0,15,0.0,83976,471131916091930,1000000000,21.622943878173828,-1160.0779329898542,299792458,20,-86912.89421827243,340282346638528860000000000000000000000,1575420030,,,,1,,6,52.76594161987305,,,,,,C,
Raw,1697799113999,109306000000,,,-1381834222693962668,0.0,9.896360814645856,,,0,24,0.0,16392,471131909631776,1000000000,31.943321228027344,-1449.9434998636607,299792458,18,-2.701299135331319,340282346638528860000000000000000000000,1575420030,,,,0,,6,52.76594161987305,,,,,,C,
Raw,1697799113999,109306000000,,,-1381834222693962668,0.0,9.896360814645856,,,0,31,0.0,83976,471131910004095,1000000000,30.031171798706055,-1081.5561112209948,299792458,20,-47202.93429789919,340282346638528860000000000000000000000,1575420030,,,,0,,6,52.76594161987305,,,,,,C,
Raw,1697799113999,109306000000,,,-1381834222693962668,0.0,9.896360814645856,,,0,3,0.0,84011,471131916273525,68,19.95496368408203,-1322.1821396720798,1.0542260305115665,20,71557.50896771782,340282346638528860000000000000000000000,1176450050,,,,0,,6,11.110957145690918,,,,,,Q,
Raw,1697799113999,109306000000,,,-1381834222693962668,0.0,9.896360814645856,,,0,9,0.0,84011,471131912454707,13,28.108152389526367,-564.6589321222973,0.009020584635436535,17,-2260.738189169363,0.0045102923177182674,1176450050,,,,0,,6,11.110957145690918,,,,,,Q,
Raw,1697799113999,109306000000,,,-1381834222693962668,0.0,9.896360814645856,,,0,15,0.0,84011,471131916091908,102,18.417634963989258,-1158.692685626941,1.1233252821504571,20,-90638.8267108166,340282346638528860000000000000000000000,1176450050,,,,1,,6,11.110957145690918,,,,,,Q,
Raw,1697799113999,109306000000,,,-1381834222693962668,0.0,9.896360814645856,,,0,31,0.0,84011,471131910004030,23,24.97760009765625,-1081.4904002448188,0.8272359381274788,20,-118250.61369957916,340282346638528860000000000000000000000,1176450050,,,,0,,6,11.110957145690918,,,,,,Q,
Raw,1697799114999,110306000000,,,-1381834222693965951,0.0,9.728836931004373,,,0,3,0.0,16392,471132914565064,1000000000,14.556503295898438,-328.2330743254038,299792458,18,-9.15591401025522,340282346638528860000000000000000000000,1575420030,,,,0,,1,52.76594161987305,,,,,,C,
Raw,1697799114999,110306000000,,,-1381834222693965951,0.0,9.728836931004373,,,0,4,0.0,47,471132923293224,28,29.559877395629883,-443.8900841653651,0.6199690704370306,20,-48707.15763212355,340282346638528860000000000000000000000,1575420030,,,,1,,1,52.76594161987305,,,,,,C,
Raw,1697799114999,110306000000,,,-1381834222693965951,0.0,9.728836931004373,,,0,5,0.0,16392,471132915968405,1000000000,7.0,-1660.8445138583766,299792458,18,-1414.1483373378453,340282346638528860000000000000000000000,1575420030,,,,0,,1,52.76594161987305,,,,,,C,
Raw,1697799114999,110306000000,,,-1381834222693965951,0.0,9.728836931004373,,,0,6,0.0,47,471132928477427,17,35.900882720947266,-568.0733081325379,0.0029130741022527214,17,-62740.34301397739,0.001456537051126361,1575420030,,,,0,,1,52.76594161987305,,,,,,C,
Raw,1697799114999,110306000000,,,-1381834222693965951,0.0,9.728836931004373,,,0,7,0.0,47,471132929338374,14,37.553245544433594,-1245.9673267682374,0.0024084264878183608,17,-137052.90161859253,0.0012042132439091802,1575420030,,,,0,,1,52.76594161987305,,,,,,C,
Raw,1697799114999,110306000000,,,-1381834222693965951,0.0,9.728836931004373,,,0,9,0.0,47,471132930430643,26,30.704057693481445,-675.4020969884587,0.004995932802557945,17,-74420.34088565542,0.0024979664012789726,1575420030,,,,0,,1,52.76594161987305,,,,,,C,
Raw,1697799114999,110306000000,,,-1381834222693965951,0.0,9.728836931004373,,,0,11,0.0,47,471132927876626,20,33.97899627685547,-1060.464879311563,0.003634510561823845,17,-116919.81019116245,0.0018172552809119225,1575420030,,,,1,,1,52.76594161987305,,,,,,C,
Raw,1697799114999,110306000000,,,-1381834222693965951,0.0,9.728836931004373,,,0,16,0.0,47,471132918726782,34,27.13227081298828,-972.0886458978584,0.7319119669440308,20,-106447.84022908605,340282346638528860000000000000000000000,1575420030,,,,0,,1,52.76594161987305,,,,,,C,
Raw,1697799114999,110306000000,,,-1381834222693965951,0.0,9.728836931004373,,,0,20,0.0,47,471132925883994,37,26.03643035888672,-1528.1760979064675,0.7788804544262731,20,-167720.93245364487,340282346638528860000000000000000000000,1575420030,,,,0,,1,52.76594161987305,,,,,,C,
Raw,1697799114999,110306000000,,,-1381834222693965951,0.0,9.728836931004373,,,0,26,0.0,16392,471132915069207,1000000000,11.764045715332031,-612.6523328117783,299792458,20,-48394.3867950275,340282346638528860000000000000000000000,1575420030,,,,0,,1,52.76594161987305,,,,,,C,
Raw,1697799114999,110306000000,,,-1381834222693965951,0.0,9.728836931004373,,,0,29,0.0,16392,471132914008021,1000000000,7.0,-1099.8035857836553,299792458,18,-29.64784135988852,340282346638528860000000000000000000000,1575420030,,,,0,,1,52.76594161987305,,,,,,C,
Raw,1697799114999,110306000000,,,-1381834222693965951,0.0,9.728836931004373,,,0,30,0.0,47,471132924545286,15,36.82600784301758,-1574.1173406816506,0.29344455871026787,20,-172803.1610813474,340282346638528860000000000000000000000,1575420030,,,,0,,1,52.76594161987305,,,,,,C,
Raw,1697799114999,110306000000,,,-1381834222693965951,0.0,9.728836931004373,,,0,6,0.0,81929,471132928477395,9,34.676700592041016,-567.8925924744149,0.3908038250268895,20,-131872.5511577127,340282346638528860000000000000000000000,1176450050,,,,0,,1,9.983428001403809,,,,,,Q,
Raw,1697799114999,110306000000,,,-1381834222693965951,0.0,9.728836931004373,,,0,9,0.0,81929,471132930430629,21,27.23545265197754,-675.5113155048748,0.009974006563425064,17,-144579.1191915924,0.004987003281712532,1176450050,,,,0,,1,9.983428001403809,,,,,,Q,
Raw,1697799114999,110306000000,,,-1381834222693965951,0.0,9.728836931004373,,,0,26,0.0,16392,471132915069238,1000000000,7.0,-612.4339324303801,299792458,20,-548169.0657952529,340282346638528860000000000000000000000,1176450050,,,,0,,1,9.983428001403809,,,,,,Q,
Raw,1697799114999,110306000000,,,-1381834222693965951,0.0,9.728836931004373,,,0,30,0.0,81929,471132924545271,14,33.691627502441406,-1573.7152477683267,0.005030801519751549,17,-360372.2810227865,0.0025154007598757744,1176450050,,,,0,,1,9.983428001403809,,,,,,Q,
Raw,1697799114999,110306000000,,,-1381834222693965951,0.0,9.728836931004373,,,0,10,0.0,227,49914926413206,49,31.424352645874023,-1738.4765790172514,0.536686957024745,20,-195987.6813672305,340282346638528860000000000000000000000,1598062460,,,,0,,3,61.278724670410156,,,,,,C,
Raw,1697799114999,110306000000,,,-1381834222693965951,0.0,9.728836931004373,,,0,6,0.0,16457,922786611,97,22.97907257080078,-416.6469882754436,0.9158093861985797,20,-39330.86701885455,340282346638528860000000000000000000000,1599750020,,,,0,,3,61.278724670410156,,,,,,C,
Raw,1697799114999,110306000000,,,-1381834222693965951,0.0,9.728836931004373,,,0,22,0.0,227,49914924290371,54,30.213876724243164,-199.87493032010843,0.5907388373924638,20,-22530.511059976023,340282346638528860000000000000000000000,1600312450,,,,0,,3,61.278724670410156,,,,,,C,
Raw,1697799114999,110306000000,,,-1381834222693965951,0.0,9.728836931004373,,,0,9,0.0,227,49914931092422,41,33.49138641357422,-1222.0273296444211,0.003566884435713291,17,-138407.82181965146,0.0017834422178566456,1600875010,,,,0,,3,61.278724670410156,,,,,,C,
Raw,1697799114999,110306000000,,,-1381834222693965951,0.0,9.728836931004373,,,0,16,0.0,227,49914924904088,84,24.720001220703125,-495.28155481048043,0.8379026153750542,20,-55599.94174771859,340282346638528860000000000000000000000,1601437440,,,,0,,3,61.278724670410156,,,,,,C,
Raw,1697799114999,110306000000,,,-1381834222693965951,0.0,9.728836931004373,,,0,101,0.0,16392,49914918611371,1000000000,7.0,-1587.4508066628523,299792458,18,-56.95834714130587,340282346638528860000000000000000000000,1602562560,,,,0,,3,61.278724670410156,,,,,,C,
Raw,1697799114999,110306000000,,,-1381834222693965951,0.0,9.728836931004373,,,0,24,0.0,227,49914924300383,63,28.28165626525879,-1416.7563213087915,0.6776303961149215,20,-159777.1707975234,340282346638528860000000000000000000000,1603124990,,,,0,,3,61.278724670410156,,,,,,C,
Raw,1697799114999,110306000000,,,-1381834222693965951,0.0,9.728836931004373,,,0,23,0.0,227,49914929934657,117,20.613157272338867,-713.0294616609767,1.0234875821985674,20,-77833.7122400694,340282346638528860000000000000000000000,1603687550,,,,0,,3,61.278724670410156,,,,,,C,
Raw,1697799114999,110306000000,,,-1381834222693965951,0.0,9.728836931004373,,,0,7,0.0,227,49914933382441,61,28.67935562133789,-778.7773832198259,0.6613799207852242,20,-85408.15524197208,340282346638528860000000000000000000000,1604812540,,,,0,,3,61.278724670410156,,,,,,C,
Raw,1697799114999,110306000000,,,-1381834222693965951,0.0,9.728836931004373,,,0,8,0.0,227,49914931910027,55,29.966049194335938,-1303.5033175396666,0.6032539553680185,20,-141821.48569019462,340282346638528860000000000000000000000,1605374980,,,,0,,3,61.278724670410156,,,,,,C,
Raw,1697799114999,110306000000,,,-1381834222693965951,0.0,9.728836931004373,,,0,5,0.0,809,471118867683039,30,28.907804489135742,-974.3661719725387,0.6490024639817187,20,-104912.45481303573,340282346638528860000000000000000000000,1561097980,,,,1,,5,61.759490966796875,,,,,,C,
Raw,1697799114999,110306000000,,,-1381834222693965951,0.0,9.728836931004373,,,0,9,0.0,16393,471118867307706,25,22.168682098388672,-815.6701427776811,0.9530648395429062,20,462182.2566069812,340282346638528860000000000000000000000,1561097980,,,,1,,5,61.759490966796875,,,,,,C,
Raw,1697799114999,110306000000,,,-1381834222693965951,0.0,9.728836931004373,,,0,19,0.0,65583,471118926146159,7,37.17588806152344,-1133.9636599927035,0.0025384430773556232,17,-161995.6818482761,0.0012692215386778116,1561097980,,,,0,,5,61.759490966796875,,,,,,C,
Raw,1697799114999,110306000000,,,-1381834222693965951,0.0,9.728836931004373,,,0,20,0.0,65583,471118924155353,8,36.68849182128906,-665.5667252167623,0.0026849566493183374,17,-73720.23541602546,0.0013424783246591687,1561097980,,,,0,,5,61.759490966796875,,,,,,C,
Raw,1697799114999,110306000000,,,-1381834222693965951,0.0,9.728836931004373,,,0,22,0.0,12,471118916086100,1000000000,10.494926452636719,-1485.3524455943389,299792458,20,-211763.12547579338,340282346638528860000000000000000000000,1561097980,,,,1,,5,61.759490966796875,,,,,,C,
Raw,1697799114999,110306000000,,,-1381834222693965951,0.0,9.728836931004373,,,0,23,0.0,16392,471118908366204,1000000000,7.207582473754883,-437.66096991651716,299792458,20,-34191.57333669337,340282346638528860000000000000000000000,1561097980,,,,0,,5,61.759490966796875,,,,,,C,
Raw,1697799114999,110306000000,,,-1381834222693965951,0.0,9.728836931004373,,,0,29,0.0,16392,471118911013253,1000000000,7.0,-394.57048605227146,299792458,18,-8.556509687348816,340282346638528860000000000000000000000,1561097980,,,,0,,5,61.759490966796875,,,,,,C,
Raw,1697799114999,110306000000,,,-1381834222693965951,0.0,9.728836931004373,,,0,35,0.0,16393,471118917507952,29,20.55233383178711,-597.5501236668688,1.0275850656532648,20,478611.4938322749,340282346638528860000000000000000000000,1561097980,,,,0,,5,61.759490966796875,,,,,,C,
Raw,1697799114999,110306000000,,,-1381834222693965951,0.0,9.728836931004373,,,0,36,0.0,65583,471118913035628,39,16.895862579345703,-1645.6828649092913,1.1912079498529984,20,-228814.58359739865,340282346638528860000000000000000000000,1561097980,,,,1,,5,61.759490966796875,,,,,,C,
Raw,1697799114999,110306000000,,,-1381834222693965951,0.0,9.728836931004373,,,0,37,0.0,65583,471118919947107,21,24.64948272705078,-824.6036999516141,0.8437795758371105,20,-113259.80347049561,340282346638528860000000000000000000000,1561097980,,,,1,,5,61.759490966796875,,,,,,C,
Raw,1697799114999,110306000000,,,-1381834222693965951,0.0,9.728836931004373,,,0,3,0.0,83976,471132916277964,1000000000,24.133852005004883,-1323.6988089873448,299792458,20,-88388.75362425228,340282346638528860000000000000000000000,1575420030,,,,0,,6,52.76594161987305,,,,,,C,
Raw,1697799114999,110306000000,,,-1381834222693965951,0.0,9.728836931004373,,,0,5,0.0,16392,471132922117294,1000000000,32.83353805541992,-915.822191084003,299792458,18,-2.75452118509175,340282346638528860000000000000000000000,1575420030,,,,0,,6,52.76594161987305,,,,,,C,
Raw,1697799114999,110306000000,,,-1381834222693965951,0.0,9.728836931004373,,,0,9,0.0,83976,471132912456649,1000000000,23.75348472595215,-564.2174130226472,299792458,20,-10622.594258870175,340282346638528860000000000000000000000,1575420030,,,,1,,6,52.76594161987305,,,,,,C,
Raw,1697799114999,110306000000,,,-1381834222693965951,0.0,9.728836931004373,,,0,13,0.0,16392,471132903825193,1000000000,15.265957832336426,-1520.4913219395303,299792458,18,-8.89224551006856,340282346638528860000000000000000000000,1575420030,,,,0,,6,52.76594161987305,,,,,,C,
Raw,1697799114999,110306000000,,,-1381834222693965951,0.0,9.728836931004373,,,0,15,0.0,83976,471132916095698,1000000000,21.78154182434082,-1161.1839768689324,299792458,20,-88072.14743968939,340282346638528860000000000000000000000,1575420030,,,,1,,6,52.76594161987305,,,,,,C,
Raw,1697799114999,110306000000,,,-1381834222693965951,0.0,9.728836931004373,,,0,24,0.0,16392,471132909636610,1000000000,39.82345962524414,-1449.9434998636607,299792458,18,-2.735315404674962,340282346638528860000000000000000000000,1575420030,,,,0,,6,52.76594161987305,,,,,,C,
Raw,1697799114999,110306000000,,,-1381834222693965951,0.0,9.728836931004373,,,0,31,0.0,83976,471132910007675,1000000000,27.335956573486328,-1081.548817575299,299792458,20,-48285.056764703164,340282346638528860000000000000000000000,1575420030,,,,1,,6,52.76594161987305,,,,,,C,
Raw,1697799114999,110306000000,,,-1381834222693965951,0.0,9.728836931004373,,,0,3,0.0,84011,471132916277935,86,19.02765655517578,-1322.7022379586178,1.0959267148747998,20,70235.85781301731,340282346638528860000000000000000000000,1176450050,,,,0,,6,9.983428001403809,,,,,,Q,
Raw,1697799114999,110306000000,,,-1381834222693965951,0.0,9.728836931004373,,,0,9,0.0,84011,471132912456563,36,26.30004119873047,-564.5112719627869,0.7682083852275681,20,-2825.348990116763,340282346638528860000000000000000000000,1176450050,,,,1,,6,9.983428001403809,,,,,,Q,
Raw,1697799114999,110306000000,,,-1381834222693965951,0.0,9.728836931004373,,,0,15,0.0,84011,471132916095772,96,18.676050186157227,-1158.459561624325,1.1117052946297115,20,-91797.83911074897,340282346638528860000000000000000000000,1176450050,,,,1,,6,9.983428001403809,,,,,,Q,
Raw,1697799114999,110306000000,,,-1381834222693965951,0.0,9.728836931004373,,,0,31,0.0,84011,471132910007649,27,25.28082847595215,-1081.181476858896,0.8136008253648219,20,-119331.7421793302,340282346638528860000000000000000000000,1176450050,,,,0,,6,9.983428001403809,,,,,,Q,
Raw,1697799115999,111306000000,,,-1381834222693969234,0.0,9.602030525423734,,,0,3,0.0,16392,471133914566157,1000000000,12.344579696655273,-328.2330743254038,299792458,18,-9.14307987288564,340282346638528860000000000000000000000,1575420030,,,,0,,1,48.976600646972656,,,,,,C,
Raw,1697799115999,111306000000,,,-1381834222693969234,0.0,9.602030525423734,,,0,4,0.0,47,471133923294751,24,31.388776779174805,-443.7783275965994,0.0046172207221388826,17,-49150.93595972015,0.09745544676025188,1575420030,,,,0,,1,48.976600646972656,,,,,,C,
Raw,1697799115999,111306000000,,,-1381834222693969234,0.0,9.602030525423734,,,0,5,0.0,16392,471133915973942,1000000000,11.31766128540039,-1660.8445138583766,299792458,18,-1414.2912056804269,340282346638528860000000000000000000000,1575420030,,,,0,,1,48.976600646972656,,,,,,C,
Raw,1697799115999,111306000000,,,-1381834222693969234,0.0,9.602030525423734,,,0,6,0.0,47,471133928479341,15,37.24678039550781,-567.5314785517621,0.0024949205107986927,17,-63307.874492529154,0.0012474602553993464,1575420030,,,,0,,1,48.976600646972656,,,,,,C,
Raw,1697799115999,111306000000,,,-1381834222693969234,0.0,9.602030525423734,,,0,7,0.0,47,471133929342536,21,32.95698165893555,-1245.4655664526217,0.004088336601853371,17,-138298.36718504515,0.0020441683009266853,1575420030,,,,0,,1,48.976600646972656,,,,,,C,
Raw,1697799115999,111306000000,,,-1381834222693969234,0.0,9.602030525423734,,,0,9,0.0,47,471133930432897,24,31.416006088256836,-675.4618231893255,0.004602768924087286,17,-75095.80270884474,0.002301384462043643,1575420030,,,,0,,1,48.976600646972656,,,,,,C,
Raw,1697799115999,111306000000,,,-1381834222693969234,0.0,9.602030525423734,,,0,11,0.0,47,471133927880314,25,30.838699340820312,-1060.5159201708552,0.5632869497111916,20,-117980.08851706918,340282346638528860000000000000000000000,1575420030,,,,1,,1,48.976600646972656,,,,,,C,
Raw,1697799115999,111306000000,,,-1381834222693969234,0.0,9.602030525423734,,,0,16,0.0,47,471133918730014,32,27.90227508544922,-972.3222916469967,0.006897723767906427,17,-107420.16252073305,0.09859569828313565,1575420030,,,,1,,1,48.976600646972656,,,,,,C,
Raw,1697799115999,111306000000,,,-1381834222693969234,0.0,9.602030525423734,,,0,20,0.0,47,471133925889170,52,21.934429168701172,-1528.0943000108127,0.9633437622802368,20,-169250.2638622917,340282346638528860000000000000000000000,1575420030,,,,0,,1,48.976600646972656,,,,,,C,
Raw,1697799115999,111306000000,,,-1381834222693969234,0.0,9.602030525423734,,,0,26,0.0,16392,471133915071119,1000000000,11.32596206665039,-612.466651588642,299792458,20,-49006.41668726048,340282346638528860000000000000000000000,1575420030,,,,0,,1,48.976600646972656,,,,,,C,
Raw,1697799115999,111306000000,,,-1381834222693969234,0.0,9.602030525423734,,,0,29,0.0,16392,471133914011686,1000000000,7.0,-1099.4322915022958,299792458,18,-29.599661313188207,340282346638528860000000000000000000000,1575420030,,,,0,,1,48.976600646972656,,,,,,C,
Raw,1697799115999,111306000000,,,-1381834222693969234,0.0,9.602030525423734,,,0,30,0.0,47,471133924550534,14,37.932987213134766,-1573.0843777373084,0.002305400324985385,17,-174376.24545908472,0.09629953656167513,1575420030,,,,0,,1,48.976600646972656,,,,,,C,
Raw,1697799115999,111306000000,,,-1381834222693969234,0.0,9.602030525423734,,,0,6,0.0,81929,471133928479299,11,34.60797882080078,-567.5161185137695,0.0045270961709320545,17,-132440.06727622647,0.0022635480854660273,1176450050,,,,0,,1,9.077828407287598,,,,,,Q,
Raw,1697799115999,111306000000,,,-1381834222693969234,0.0,9.602030525423734,,,0,9,0.0,81929,471133930432875,11,30.855636596679688,-675.4270020682598,0.006574466358870268,17,-145254.54619366067,0.003287233179435134,1176450050,,,,0,,1,9.077828407287598,,,,,,Q,
Raw,1697799115999,111306000000,,,-1381834222693969234,0.0,9.602030525423734,,,0,26,0.0,16392,471133915071248,1000000000,10.531839370727539,-611.7929777530121,299792458,20,-548780.314409174,340282346638528860000000000000000000000,1176450050,,,,0,,1,9.077828407287598,,,,,,Q,
Raw,1697799115999,111306000000,,,-1381834222693969234,0.0,9.602030525423734,,,0,30,0.0,81929,471133924550516,10,36.11229705810547,-1573.1184016534826,0.003807183122262359,17,-361945.39942444,0.0019035915611311793,1176450050,,,,0,,1,9.077828407287598,,,,,,Q,
Raw,1697799115999,111306000000,,,-1381834222693969234,0.0,9.602030525423734,,,0,10,0.0,227,49915926419013,47,31.870853424072266,-1738.2481682100915,0.004306052811443806,17,-197725.9295354406,0.002153026405721903,1598062460,,,,0,,3,61.556697845458984,,,,,,C,
Raw,1697799115999,111306000000,,,-1381834222693969234,0.0,9.602030525423734,,,0,6,0.0,16457,1922788004,97,22.96490478515625,-417.0461620062388,0.916446701508637,20,-39747.42760482054,340282346638528860000000000000000000000,1599750020,,,,0,,3,61.556697845458984,,,,,,C,
Raw,1697799115999,111306000000,,,-1381834222693969234,0.0,9.602030525423734,,,0,22,0.0,227,49915924290995,72,26.62322425842285,-199.50569802736857,0.7522066053228107,20,-22731.1468905359,340282346638528860000000000000000000000,1600312450,,,,0,,3,61.556697845458984,,,,,,C,
Raw,1697799115999,111306000000,,,-1381834222693969234,0.0,9.602030525423734,,,0,9,0.0,227,49915931096459,43,32.960227966308594,-1221.7942189252935,0.0037918135058134794,17,-139629.61603857676,0.0018959067529067397,1600875010,,,,0,,3,61.556697845458984,,,,,,C,
Raw,1697799115999,111306000000,,,-1381834222693969234,0.0,9.602030525423734,,,0,16,0.0,227,49915924905533,95,23.217313766479492,-494.79809516470436,0.9054770099210385,20,-56095.30381660315,340282346638528860000000000000000000000,1601437440,,,,0,,3,61.556697845458984,,,,,,C,
Raw,1697799115999,111306000000,,,-1381834222693969234,0.0,9.602030525423734,,,0,101,0.0,16392,49915918616662,1000000000,7.0,-1587.5420113165073,299792458,18,-56.93513171091364,340282346638528860000000000000000000000,1602562560,,,,0,,3,61.556697845458984,,,,,,C,
Raw,1697799115999,111306000000,,,-1381834222693969234,0.0,9.602030525423734,,,0,24,0.0,227,49915924305100,86,24.389516830444336,-1416.1241599052064,0.8526563250115573,20,-161193.40530752792,340282346638528860000000000000000000000,1603124990,,,,0,,3,61.556697845458984,,,,,,C,
Raw,1697799115999,111306000000,,,-1381834222693969234,0.0,9.602030525423734,,,0,23,0.0,227,49915929937027,156,17.032032012939453,-711.5973850028013,1.1845272558361444,20,-78546.6328043719,340282346638528860000000000000000000000,1603687550,,,,0,,3,61.556697845458984,,,,,,C,
Raw,1697799115999,111306000000,,,-1381834222693969234,0.0,9.602030525423734,,,0,7,0.0,227,49915933384834,77,25.799531936645508,-778.7886304304784,0.7908827379388361,20,-86186.88093484678,340282346638528860000000000000000000000,1604812540,,,,0,,3,61.556697845458984,,,,,,C,
Raw,1697799115999,111306000000,,,-1381834222693969234,0.0,9.602030525423734,,,0,8,0.0,227,49915931914144,53,30.34491729736328,-1303.5147579541372,0.005109677091240883,17,-143125.00044814876,0.0025548385456204414,1605374980,,,,0,,3,61.556697845458984,,,,,,C,
Raw,1697799115999,111306000000,,,-1381834222693969234,0.0,9.602030525423734,,,0,5,0.0,809,471119867686263,22,32.56401062011719,-974.4130694327141,0.48458749550431923,20,-105890.44897597909,340282346638528860000000000000000000000,1561097980,,,,0,,5,61.99386215209961,,,,,,C,
Raw,1697799115999,111306000000,,,-1381834222693969234,0.0,9.602030525423734,,,0,9,0.0,16393,471119867310373,28,20.97022247314453,-814.8387353332637,1.0069586558617707,20,461366.5719677643,340282346638528860000000000000000000000,1561097980,,,,1,,5,61.99386215209961,,,,,,C,
Raw,1697799115999,111306000000,,,-1381834222693969234,0.0,9.602030525423734,,,0,19,0.0,65583,471119926149922,8,35.3541259765625,-1133.80195085975,0.0031308019533753395,17,-163129.48379913584,0.0015654009766876698,1561097980,,,,0,,5,61.99386215209961,,,,,,C,
Raw,1697799115999,111306000000,,,-1381834222693969234,0.0,9.602030525423734,,,0,20,0.0,65583,471119924157548,7,37.534175872802734,-665.4753221048304,0.0024358646478503942,17,-74385.71073813029,0.0012179323239251971,1561097980,,,,0,,5,61.99386215209961,,,,,,C,
Raw,1697799115999,111306000000,,,-1381834222693969234,0.0,9.602030525423734,,,0,22,0.0,12,471119916090964,1000000000,12.91604232788086,-1485.7697511920042,299792458,20,-213247.6495940489,340282346638528860000000000000000000000,1561097980,,,,1,,5,61.99386215209961,,,,,,C,
Raw,1697799115999,111306000000,,,-1381834222693969234,0.0,9.602030525423734,,,0,23,0.0,16392,471119908367660,1000000000,7.243824005126953,-437.66096991651716,299792458,20,-34628.862569904435,340282346638528860000000000000000000000,1561097980,,,,1,,5,61.99386215209961,,,,,,C,
Raw,1697799115999,111306000000,,,-1381834222693969234,0.0,9.602030525423734,,,0,29,0.0,16392,471119911014569,1000000000,7.0,-394.9452567441963,299792458,18,-8.545181506709724,340282346638528860000000000000000000000,1561097980,,,,0,,5,61.99386215209961,,,,,,C,
Raw,1697799115999,111306000000,,,-1381834222693969234,0.0,9.602030525423734,,,0,35,0.0,16393,471119917509851,22,24.202537536621094,-597.3190446116441,0.8634398944342383,20,478014.18867198616,340282346638528860000000000000000000000,1561097980,,,,0,,5,61.99386215209961,,,,,,C,
Raw,1697799115999,111306000000,,,-1381834222693969234,0.0,9.602030525423734,,,0,36,0.0,65583,471119913041103,45,15.229157447814941,-1644.64389530465,1.2661586001115532,20,-230459.76910255,340282346638528860000000000000000000000,1561097980,,,,1,,5,61.99386215209961,,,,,,C,
Raw,1697799115999,111306000000,,,-1381834222693969234,0.0,9.602030525423734,,,0,37,0.0,65583,471119919949797,20,25.382980346679688,-824.6435423651419,0.009303290396928787,17,-114084.44701286075,0.10067138835360263,1561097980,,,,1,,5,61.99386215209961,,,,,,C,
Raw,1697799115999,111306000000,,,-1381834222693969234,0.0,9.602030525423734,,,0,3,0.0,83976,471133916282381,1000000000,22.93219566345215,-1322.7521346749672,299792458,20,-89711.40807845324,340282346638528860000000000000000000000,1575420030,,,,0,,6,48.976600646972656,,,,,,C,
Raw,1697799115999,111306000000,,,-1381834222693969234,0.0,9.602030525423734,,,0,5,0.0,16392,471133922120345,1000000000,32.58675765991211,-915.822191084003,299792458,18,-2.776006748614639,340282346638528860000000000000000000000,1575420030,,,,0,,6,48.976600646972656,,,,,,C,
Raw,1697799115999,111306000000,,,-1381834222693969234,0.0,9.602030525423734,,,0,9,0.0,83976,471133912458497,1000000000,22.036052703857422,-564.4411302672629,299792458,20,-11186.995240852646,340282346638528860000000000000000000000,1575420030,,,,1,,6,48.976600646972656,,,,,,C,
Raw,1697799115999,111306000000,,,-1381834222693969234,0.0,9.602030525423734,,,0,13,0.0,16392,471133903830259,1000000000,16.197887420654297,-1520.30577704622,299792458,18,-8.927361841165963,340282346638528860000000000000000000000,1575420030,,,,0,,6,48.976600646972656,,,,,,C,
Raw,1697799115999,111306000000,,,-1381834222693969234,0.0,9.602030525423734,,,0,15,0.0,83976,471133916099572,1000000000,25.96842384338379,-1158.9729797493846,299792458,20,-89231.24285661991,340282346638528860000000000000000000000,1575420030,,,,0,,6,48.976600646972656,,,,,,C,
Raw,1697799115999,111306000000,,,-1381834222693969234,0.0,9.602030525423734,,,0,24,0.0,16392,471133909641444,1000000000,33.22409439086914,-1449.9434998636607,299792458,18,-2.76933167403921,340282346638528860000000000000000000000,1575420030,,,,0,,6,48.976600646972656,,,,,,C,
Raw,1697799115999,111306000000,,,-1381834222693969234,0.0,9.602030525423734,,,0,31,0.0,83976,471133910011301,1000000000,24.6130313873291,-1080.5713327222247,299792458,20,-49366.01604917743,340282346638528860000000000000000000000,1575420030,,,,1,,6,48.976600646972656,,,,,,C,
Raw,1697799115999,111306000000,,,-1381834222693969234,0.0,9.602030525423734,,,0,3,0.0,84011,471133916282374,46,22.842845916748047,-1322.712188791862,0.016538649797439575,17,68913.14562422545,0.008269324898719788,1176450050,,,,1,,6,9.077828407287598,,,,,,Q,
Raw,1697799115999,111306000000,,,-1381834222693969234,0.0,9.602030525423734,,,0,9,0.0,84011,471133912458471,41,23.26309585571289,-564.2806219604008,0.01575750671327114,17,-3389.629612077164,0.00787875335663557,1176450050,,,,1,,6,9.077828407287598,,,,,,Q,
Raw,1697799115999,111306000000,,,-1381834222693969234,0.0,9.602030525423734,,,0,15,0.0,84011,471133916099638,86,18.995189666748047,-1157.9998574507454,1.0973547165492672,20,-92956.68677015924,340282346638528860000000000000000000000,1176450050,,,,0,,6,9.077828407287598,,,,,,Q,
Raw,1697799115999,111306000000,,,-1381834222693969234,0.0,9.602030525423734,,,0,31,0.0,84011,471133910011261,24,26.08029556274414,-1081.1052062074887,0.011392722837626934,17,-120412.8473855377,0.005696361418813467,1176450050,,,,0,,6,9.077828407287598,,,,,,Q,
Raw,1697799116999,112306000000,,,-1381834222693972519,0.0,9.627154177241543,,,0,3,0.0,16392,471134914567252,1000000000,7.0,-328.0473931022675,299792458,18,-9.148187512524347,340282346638528860000000000000000000000,1575420030,,,,0,,1,49.160926818847656,,,,,,C,
Raw,1697799116999,112306000000,,,-1381834222693972519,0.0,9.627154177241543,,,0,4,0.0,47,471134923296219,28,29.612878799438477,-443.65958336243784,0.00566468108445406,17,-49594.595543082585,0.09797917694140947,1575420030,,,,1,,1,49.160926818847656,,,,,,C,
Raw,1697799116999,112306000000,,,-1381834222693972519,0.0,9.627154177241543,,,0,5,0.0,16392,471134915979479,1000000000,7.0,-1661.0301950815128,299792458,18,-1414.3331343174868,340282346638528860000000000000000000000,1575420030,,,,0,,1,49.160926818847656,,,,,,C,
Raw,1697799116999,112306000000,,,-1381834222693972519,0.0,9.627154177241543,,,0,6,0.0,47,471134928481236,14,37.60612869262695,-567.4363971094572,0.0023938077501952644,17,-63875.31088963861,0.0011969038750976324,1575420030,,,,0,,1,49.160926818847656,,,,,,C,
Raw,1697799116999,112306000000,,,-1381834222693972519,0.0,9.627154177241543,,,0,7,0.0,47,471134929346714,24,31.563364028930664,-1245.4578593173649,0.0047998493537306786,17,-139543.82504436251,0.0023999246768653393,1575420030,,,,0,,1,49.160926818847656,,,,,,C,
Raw,1697799116999,112306000000,,,-1381834222693972519,0.0,9.627154177241543,,,0,9,0.0,47,471134930435165,22,32.58153533935547,-675.3342427689349,0.004024785477668047,17,-75771.13695161368,0.0020123927388340235,1575420030,,,,0,,1,49.160926818847656,,,,,,C,
Raw,1697799116999,112306000000,,,-1381834222693972519,0.0,9.627154177241543,,,0,11,0.0,47,471134927883903,28,29.63148307800293,-1060.118554584813,0.005652561318129301,17,-119040.20707165399,0.09797311705824709,1575420030,,,,1,,1,49.160926818847656,,,,,,C,
Raw,1697799116999,112306000000,,,-1381834222693972519,0.0,9.627154177241543,,,0,16,0.0,47,471134918733337,41,24.833955764770508,-972.6065629071791,0.8352657515707933,20,-108392.26827556157,340282346638528860000000000000000000000,1575420030,,,,1,,1,49.160926818847656,,,,,,C,
Raw,1697799116999,112306000000,,,-1381834222693972519,0.0,9.627154177241543,,,0,20,0.0,47,471134925894188,51,22.141986846923828,-1528.2010462646422,0.9540110271152016,20,-170778.63144420914,340282346638528860000000000000000000000,1575420030,,,,0,,1,49.160926818847656,,,,,,C,
Raw,1697799116999,112306000000,,,-1381834222693972519,0.0,9.627154177241543,,,0,26,0.0,16392,471134915073451,1000000000,12.02072525024414,-611.9097442490593,299792458,20,-49618.70343419519,340282346638528860000000000000000000000,1575420030,,,,0,,1,49.160926818847656,,,,,,C,
Raw,1697799116999,112306000000,,,-1381834222693972519,0.0,9.627154177241543,,,0,29,0.0,16392,471134914015352,1000000000,7.0,-1099.617904560519,299792458,18,-29.62804728795712,340282346638528860000000000000000000000,1575420030,,,,0,,1,49.160926818847656,,,,,,C,
Raw,1697799116999,112306000000,,,-1381834222693972519,0.0,9.627154177241543,,,0,30,0.0,47,471134924555780,15,37.425628662109375,-1573.1034797196335,0.002444074023514986,17,-175949.34893880435,0.09636887341093993,1575420030,,,,0,,1,49.160926818847656,,,,,,C,
Raw,1697799116999,112306000000,,,-1381834222693972519,0.0,9.627154177241543,,,0,6,0.0,81929,471134928481184,10,34.643798828125,-567.4443989305,0.004508465062826872,17,-133007.51167515697,0.002254232531413436,1176450050,,,,0,,1,11.48062515258789,,,,,,Q,
Raw,1697799116999,112306000000,,,-1381834222693972519,0.0,9.627154177241543,,,0,9,0.0,81929,471134930435132,9,30.57010269165039,-675.3589172931097,0.006794183049350977,17,-145929.90511095378,0.0033970915246754885,1176450050,,,,0,,1,11.48062515258789,,,,,,Q,
Raw,1697799116999,112306000000,,,-1381834222693972519,0.0,9.627154177241543,,,0,26,0.0,16392,471134915073276,1000000000,8.601882934570312,-612.3659038471606,299792458,20,-549391.2883077494,340282346638528860000000000000000000000,1176450050,,,,0,,1,11.48062515258789,,,,,,Q,
Raw,1697799116999,112306000000,,,-1381834222693972519,0.0,9.627154177241543,,,0,30,0.0,81929,471134924555753,13,35.13249206542969,-1573.1317871615174,0.004261809401214123,17,-363518.5312116015,0.0021309047006070614,1176450050,,,,0,,1,11.48062515258789,,,,,,Q,
Raw,1697799116999,112306000000,,,-1381834222693972519,0.0,9.627154177241543,,,0,10,0.0,227,49916926424802,58,29.23138999938965,-1738.2733020001324,0.005835156887769699,17,-199464.20283744074,0.0029175784438848495,1598062460,,,,0,,3,61.44657516479492,,,,,,C,
Raw,1697799116999,112306000000,,,-1381834222693972519,0.0,9.627154177241543,,,0,6,0.0,16457,922789420,98,22.74734115600586,-417.0503882308476,0.9262305632515142,20,-40163.956845670116,340282346638528860000000000000000000000,1599750020,,,,0,,3,61.44657516479492,,,,,,C,
Raw,1697799116999,112306000000,,,-1381834222693972519,0.0,9.627154177241543,,,0,22,0.0,227,49916924291668,65,27.778167724609375,-199.0943909420513,0.7002702003985815,20,-22930.970514935427,340282346638528860000000000000000000000,1600312450,,,,0,,3,61.44657516479492,,,,,,C,
Raw,1697799116999,112306000000,,,-1381834222693972519,0.0,9.627154177241543,,,0,9,0.0,227,49916931100632,52,30.6456356048584,-1221.6216209876295,0.004949674475938082,17,-140851.2376595644,0.002474837237969041,1600875010,,,,0,,3,61.44657516479492,,,,,,C,
Raw,1697799116999,112306000000,,,-1381834222693972519,0.0,9.627154177241543,,,0,16,0.0,227,49916924907062,124,19.92377471923828,-494.0944287673344,1.0535839889233585,20,-56590.22761549459,340282346638528860000000000000000000000,1601437440,,,,0,,3,61.44657516479492,,,,,,C,
Raw,1697799116999,112306000000,,,-1381834222693972519,0.0,9.627154177241543,,,0,101,0.0,16392,49916918621959,1000000000,8.635347366333008,-1587.4508066628523,299792458,18,-56.9086422237322,340282346638528860000000000000000000000,1602562560,,,,0,,3,61.44657516479492,,,,,,C,
Raw,1697799116999,112306000000,,,-1381834222693972519,0.0,9.627154177241543,,,0,24,0.0,227,49916924309716,108,21.5634765625,-1416.148971933555,0.979741018501795,20,-162609.77302517224,340282346638528860000000000000000000000,1603124990,,,,0,,3,61.44657516479492,,,,,,C,
Raw,1697799116999,112306000000,,,-1381834222693972519,0.0,9.627154177241543,,,0,23,0.0,227,49916929939391,176,15.542972564697266,-710.438922305591,1.2514890315395908,20,-79258.32678221291,340282346638528860000000000000000000000,1603687550,,,,0,,3,61.44657516479492,,,,,,C,
Raw,1697799116999,112306000000,,,-1381834222693972519,0.0,9.627154177241543,,,0,7,0.0,227,49916933387624,82,25.0579833984375,-779.240700133797,0.824229892089086,20,-86965.62021747697,340282346638528860000000000000000000000,1604812540,,,,0,,3,61.44657516479492,,,,,,C,
Raw,1697799116999,112306000000,,,-1381834222693972519,0.0,9.627154177241543,,,0,8,0.0,227,49916931918689,56,29.749879837036133,-1303.4708326955151,0.005471990443766117,17,-144428.47128084427,0.0027359952218830585,1605374980,,,,0,,3,61.44657516479492,,,,,,C,
Raw,1697799116999,112306000000,,,-1381834222693972519,0.0,9.627154177241543,,,0,5,0.0,809,471120867689545,25,30.948898315429688,-974.3676716006257,0.5572178760274071,20,-106869.03294863418,340282346638528860000000000000000000000,1561097980,,,,0,,5,62.037113189697266,,,,,,C,
Raw,1697799116999,112306000000,,,-1381834222693972519,0.0,9.627154177241543,,,0,9,0.0,16393,471120867313064,26,22.12171173095703,-815.4670795017182,0.9551780184146184,20,460550.93378044356,340282346638528860000000000000000000000,1561097980,,,,1,,5,62.037113189697266,,,,,,C,
Raw,1697799116999,112306000000,,,-1381834222693972519,0.0,9.627154177241543,,,0,19,0.0,65583,471120926153702,7,38.36466979980469,-1133.7159392785106,0.0022137491032481194,17,-164263.19973841435,0.0011068745516240597,1561097980,,,,0,,5,62.037113189697266,,,,,,C,
Raw,1697799116999,112306000000,,,-1381834222693972519,0.0,9.627154177241543,,,0,20,0.0,65583,471120924159742,6,38.78038024902344,-665.4165625382157,0.00211029383353889,17,-75051.12730066851,0.001055146916769445,1561097980,,,,0,,5,62.037113189697266,,,,,,C,
Raw,1697799116999,112306000000,,,-1381834222693972519,0.0,9.627154177241543,,,0,22,0.0,12,471120916096206,1000000000,14.66661262512207,-1485.4403783321677,299792458,20,-214733.54645986372,340282346638528860000000000000000000000,1561097980,,,,1,,5,62.037113189697266,,,,,,C,
Raw,1697799116999,112306000000,,,-1381834222693972519,0.0,9.627154177241543,,,0,23,0.0,16392,471120908369118,1000000000,7.0,-437.2862673895054,299792458,20,-35066.442614604035,340282346638528860000000000000000000000,1561097980,,,,1,,5,62.037113189697266,,,,,,C,
Raw,1697799116999,112306000000,,,-1381834222693972519,0.0,9.627154177241543,,,0,29,0.0,16392,471120911015882,1000000000,7.0,-394.57048605227146,299792458,18,-8.550338497273959,340282346638528860000000000000000000000,1561097980,,,,0,,5,62.037113189697266,,,,,,C,
Raw,1697799116999,112306000000,,,-1381834222693972519,0.0,9.627154177241543,,,0,35,0.0,16393,471120917511794,21,24.711217880249023,-597.2612590610514,0.010051357559859753,17,477416.9274129251,0.10104542193506812,1561097980,,,,0,,5,62.037113189697266,,,,,,C,
Raw,1697799116999,112306000000,,,-1381834222693972519,0.0,9.627154177241543,,,0,36,0.0,65583,471120913046579,36,17.772239685058594,-1644.809672373177,1.1518002426330947,20,-232103.70906903234,340282346638528860000000000000000000000,1561097980,,,,1,,5,62.037113189697266,,,,,,C,
Raw,1697799116999,112306000000,,,-1381834222693972519,0.0,9.627154177241543,,,0,37,0.0,12,471120919952628,1000000000,22.51472282409668,-825.0513389355847,299792458,20,-114908.72924288474,340282346638528860000000000000000000000,1561097980,,,,1,,5,62.037113189697266,,,,,,C,
Raw,1697799116999,112306000000,,,-1381834222693972519,0.0,9.627154177241543,,,0,3,0.0,83976,471134916286760,1000000000,24.150514602661133,-1321.4507301551002,299792458,20,-91034.44520292267,340282346638528860000000000000000000000,1575420030,,,,0,,6,49.160926818847656,,,,,,C,
Raw,1697799116999,112306000000,,,-1381834222693972519,0.0,9.627154177241543,,,0,5,0.0,16392,471134922123400,1000000000,34.453224182128906,-915.822191084003,299792458,18,-2.740197476122977,340282346638528860000000000000000000000,1575420030,,,,0,,6,49.160926818847656,,,,,,C,
Raw,1697799116999,112306000000,,,-1381834222693972519,0.0,9.627154177241543,,,0,9,0.0,83976,471134912460233,1000000000,23.094724655151367,-565.5242707355578,299792458,20,-11752.235425580091,340282346638528860000000000000000000000,1575420030,,,,1,,6,49.160926818847656,,,,,,C,
Raw,1697799116999,112306000000,,,-1381834222693972519,0.0,9.627154177241543,,,0,13,0.0,16392,471134903835331,1000000000,7.0,-1520.6770031626666,299792458,18,-8.869013459889189,340282346638528860000000000000000000000,1575420030,,,,0,,6,49.160926818847656,,,,,,C,
Raw,1697799116999,112306000000,,,-1381834222693972519,0.0,9.627154177241543,,,0,15,0.0,83976,471134916103437,1000000000,26.39242935180664,-1158.4261608169327,299792458,20,-90389.96465081036,340282346638528860000000000000000000000,1575420030,,,,0,,6,49.160926818847656,,,,,,C,
Raw,1697799116999,112306000000,,,-1381834222693972519,0.0,9.627154177241543,,,0,24,0.0,16392,471134909646274,1000000000,38.26716995239258,-1449.7579549703505,299792458,18,-2.712461220957685,340282346638528860000000000000000000000,1575420030,,,,0,,6,49.160926818847656,,,,,,C,
Raw,1697799116999,112306000000,,,-1381834222693972519,0.0,9.627154177241543,,,0,31,0.0,83976,471134910014852,1000000000,19.64383888244629,-1081.1765689851568,299792458,20,-50447.23292228853,340282346638528860000000000000000000000,1575420030,,,,0,,6,49.160926818847656,,,,,,C,
Raw,1697799116999,112306000000,,,-1381834222693972519,0.0,9.627154177241543,,,0,3,0.0,84011,471134916286781,39,22.67170524597168,-1322.6775460783686,0.01686774753034115,17,67590.46807814708,0.008433873765170574,1176450050,,,,0,,6,11.48062515258789,,,,,,Q,
Raw,1697799116999,112306000000,,,-1381834222693972519,0.0,9.627154177241543,,,0,9,0.0,84011,471134912460333,34,23.560707092285156,-564.5259969031622,0.015226740390062332,17,-3954.155608980326,0.007613370195031166,1176450050,,,,1,,6,11.48062515258789,,,,,,Q,
Raw,1697799116999,112306000000,,,-1381834222693972519,0.0,9.627154177241543,,,0,15,0.0,84011,471134916103509,80,19.468935012817383,-1158.181721438751,1.0760515836073612,20,-94115.41262821952,340282346638528860000000000000000000000,1176450050,,,,0,,6,11.48062515258789,,,,,,Q,
Raw,1697799116999,112306000000,,,-1381834222693972519,0.0,9.627154177241543,,,0,31,0.0,84011,471134910014865,19,25.679445266723633,-1080.9563332250545,0.011930814012885095,17,-121493.80371876275,0.005965407006442547,1176450050,,,,0,,6,11.48062515258789,,,,,,Q,
Raw,1697799117999,113306000000,,,-1381834222693975802,0.0,9.335008518817546,,,0,3,0.0,16392,471135914568345,1000000000,7.0,-328.2330743254038,299792458,18,-9.158480837696786,340282346638528860000000000000000000000,1575420030,,,,0,,1,53.003517150878906,,,,,,C,
Raw,1697799117999,113306000000,,,-1381834222693975802,0.0,9.335008518817546,,,0,4,0.0,47,471135923297667,25,30.947389602661133,-443.5947459686722,0.004857915919274092,17,-50038.19028905126,0.09757579435881948,1575420030,,,,1,,1,53.003517150878906,,,,,,C,
Raw,1697799117999,113306000000,,,-1381834222693975802,0.0,9.335008518817546,,,0,5,0.0,16392,471135915985016,1000000000,7.0,-1661.0301950815128,299792458,18,-1414.1642710371973,340282346638528860000000000000000000000,1575420030,,,,0,,1,53.003517150878906,,,,,,C,
Raw,1697799117999,113306000000,,,-1381834222693975802,0.0,9.335008518817546,,,0,6,0.0,47,471135928483125,14,38.310340881347656,-567.128451532124,0.0022073877044022083,17,-64442.439341170735,0.0011036938522011042,1575420030,,,,0,,1,53.003517150878906,,,,,,C,
Raw,1697799117999,113306000000,,,-1381834222693975802,0.0,9.335008518817546,,,0,7,0.0,47,471135929350828,18,34.9796028137207,-1245.1198752513155,0.003239034442231059,17,-140788.94491961383,0.0016195172211155295,1575420030,,,,0,,1,53.003517150878906,,,,,,C,
Raw,1697799117999,113306000000,,,-1381834222693975802,0.0,9.335008518817546,,,0,9,0.0,47,471135930437403,22,32.57902526855469,-675.1154475292133,0.004270162899047136,17,-76446.25239914289,0.002135081449523568,1575420030,,,,0,,1,53.003517150878906,,,,,,C,
Raw,1697799117999,113306000000,,,-1381834222693975802,0.0,9.335008518817546,,,0,11,0.0,47,471135927887461,27,30.133371353149414,-1059.8299630357506,0.005335201974958181,17,-120100.03703468974,0.09781443738666153,1575420030,,,,1,,1,53.003517150878906,,,,,,C,
Raw,1697799117999,113306000000,,,-1381834222693975802,0.0,9.335008518817546,,,0,16,0.0,47,471135918736555,38,25.899770736694336,-971.9551789981151,0.7873378296239744,20,-109364.19914905401,340282346638528860000000000000000000000,1575420030,,,,0,,1,53.003517150878906,,,,,,C,
Raw,1697799117999,113306000000,,,-1381834222693975802,0.0,9.335008518817546,,,0,20,0.0,47,471135925899094,43,24.362573623657227,-1527.6812206377563,0.8541547548871988,20,-172306.50473660536,340282346638528860000000000000000000000,1575420030,,,,0,,1,53.003517150878906,,,,,,C,
Raw,1697799117999,113306000000,,,-1381834222693975802,0.0,9.335008518817546,,,0,26,0.0,16392,471135915075489,1000000000,11.861074447631836,-612.466651588642,299792458,20,-50231.61117920473,340282346638528860000000000000000000000,1575420030,,,,0,,1,53.003517150878906,,,,,,C,
Raw,1697799117999,113306000000,,,-1381834222693975802,0.0,9.335008518817546,,,0,29,0.0,16392,471135914019017,1000000000,7.0,-1099.4322915022958,299792458,18,-29.6512475771669,340282346638528860000000000000000000000,1575420030,,,,0,,1,53.003517150878906,,,,,,C,
Raw,1697799117999,113306000000,,,-1381834222693975802,0.0,9.335008518817546,,,0,30,0.0,47,471135924561033,14,37.942806243896484,-1572.840470064286,0.0023027958814054728,17,-177522.18940886864,0.09629823433988517,1575420030,,,,0,,1,53.003517150878906,,,,,,C,
Raw,1697799117999,113306000000,,,-1381834222693975802,0.0,9.335008518817546,,,0,6,0.0,81929,471135928483075,8,37.65423583984375,-567.1820358450059,0.0031879155430942774,17,-133574.69371100198,0.0015939577715471387,1176450050,,,,0,,1,20.0,,,,,,Q,
Raw,1697799117999,113306000000,,,-1381834222693975802,0.0,9.335008518817546,,,0,9,0.0,81929,471135930437385,12,29.915647506713867,-675.0671411189251,0.007325882557779551,17,-146604.9722520727,0.0036629412788897753,1176450050,,,,0,,1,20.0,,,,,,Q,
Raw,1697799117999,113306000000,,,-1381834222693975802,0.0,9.335008518817546,,,0,26,0.0,16392,471135915075298,1000000000,9.310647964477539,-610.9869276562476,299792458,20,-550001.2398404045,340282346638528860000000000000000000000,1176450050,,,,1,,1,20.0,,,,,,Q,
Raw,1697799117999,113306000000,,,-1381834222693975802,0.0,9.335008518817546,,,0,30,0.0,81929,471135924561011,10,34.33234405517578,-1572.8010944604757,0.004673060029745102,17,-365091.332306062,0.002336530014872551,1176450050,,,,0,,1,20.0,,,,,,Q,
Raw,1697799117999,113306000000,,,-1381834222693975802,0.0,9.335008518817546,,,0,10,0.0,227,49917926430623,44,32.59580993652344,-1738.4062328269883,0.484010956137241,20,-201202.18960671948,340282346638528860000000000000000000000,1598062460,,,,0,,3,61.556697845458984,,,,,,C,
Raw,1697799117999,113306000000,,,-1381834222693975802,0.0,9.335008518817546,,,0,6,0.0,16457,1922790809,87,24.251623153686523,-415.98544779433587,0.8585848751294831,20,-40580.37644860664,340282346638528860000000000000000000000,1599750020,,,,0,,3,61.556697845458984,,,,,,C,
Raw,1697799117999,113306000000,,,-1381834222693975802,0.0,9.335008518817546,,,0,22,0.0,227,49917924292305,57,29.38035774230957,-199.06434725662643,0.6282216180591056,20,-23130.184320828765,340282346638528860000000000000000000000,1600312450,,,,0,,3,61.556697845458984,,,,,,C,
Raw,1697799117999,113306000000,,,-1381834222693975802,0.0,9.335008518817546,,,0,9,0.0,227,49917931104657,39,34.17619323730469,-1221.2314178660456,0.003496431512758136,17,-142072.46907743043,0.001748215756379068,1600875010,,,,0,,3,61.556697845458984,,,,,,C,
Raw,1697799117999,113306000000,,,-1381834222693975802,0.0,9.335008518817546,,,0,16,0.0,227,49917924908818,129,19.449520111083984,-493.28749252670036,1.0749110195252092,20,-57083.934014037615,340282346638528860000000000000000000000,1601437440,,,,0,,3,61.556697845458984,,,,,,C,
Raw,1697799117999,113306000000,,,-1381834222693975802,0.0,9.335008518817546,,,0,101,0.0,16392,49917918627249,1000000000,14.552602767944336,-1587.4508066628523,299792458,18,-56.983199600119164,340282346638528860000000000000000000000,1602562560,,,,0,,3,61.556697845458984,,,,,,C,
Raw,1697799117999,113306000000,,,-1381834222693975802,0.0,9.335008518817546,,,0,24,0.0,227,49917924314652,93,23.442180633544922,-1416.0318646129426,0.8952587965593892,20,-164025.86968146512,340282346638528860000000000000000000000,1603124990,,,,0,,3,61.556697845458984,,,,,,C,
Raw,1697799117999,113306000000,,,-1381834222693975802,0.0,9.335008518817546,,,0,23,0.0,227,49917929941793,231,12.216577529907227,-708.3003844886107,1.4010736048533108,20,-79968.30871920445,340282346638528860000000000000000000000,1603687550,,,,0,,3,61.556697845458984,,,,,,C,
Raw,1697799117999,113306000000,,,-1381834222693975802,0.0,9.335008518817546,,,0,7,0.0,227,49917933390384,66,27.73003387451172,-778.2773254177232,0.7040713262430454,20,-87744.1034257788,340282346638528860000000000000000000000,1604812540,,,,0,,3,61.556697845458984,,,,,,C,
Raw,1697799117999,113306000000,,,-1381834222693975802,0.0,9.335008518817546,,,0,8,0.0,227,49917931923032,60,28.93332290649414,-1303.2355323055526,0.006011366378515959,17,-145731.70681314982,0.0030056831892579794,1605374980,,,,0,,3,61.556697845458984,,,,,,C,
Raw,1697799117999,113306000000,,,-1381834222693975802,0.0,9.335008518817546,,,0,5,0.0,809,471121867692785,19,34.54758071899414,-974.3554019162775,0.3953897460298996,20,-107848.32155033239,340282346638528860000000000000000000000,1561097980,,,,0,,5,61.87746810913086,,,,,,C,
Raw,1697799117999,113306000000,,,-1381834222693975802,0.0,9.335008518817546,,,0,9,0.0,16393,471121867315757,26,21.940731048583984,-816.8994969844589,0.9633170022264825,20,459735.4250020871,340282346638528860000000000000000000000,1561097980,,,,0,,5,61.87746810913086,,,,,,C,
Raw,1697799117999,113306000000,,,-1381834222693975802,0.0,9.335008518817546,,,0,19,0.0,65583,471121926157493,6,38.45100402832031,-1133.5276546259702,0.0021918541751801963,17,-165396.72739304032,0.0010959270875900984,1561097980,,,,0,,5,61.87746810913086,,,,,,C,
Raw,1697799117999,113306000000,,,-1381834222693975802,0.0,9.335008518817546,,,0,20,0.0,65583,471121924161983,6,38.83306884765625,-665.1761146010831,0.0020975309889763594,17,-75716.30341526959,0.0010487654944881797,1561097980,,,,0,,5,61.87746810913086,,,,,,C,
Raw,1697799117999,113306000000,,,-1381834222693975802,0.0,9.335008518817546,,,0,22,0.0,12,471121916100890,1000000000,19.296077728271484,-1485.0575641805035,299792458,20,-216219.11102267692,340282346638528860000000000000000000000,1561097980,,,,1,,5,61.87746810913086,,,,,,C,
Raw,1697799117999,113306000000,,,-1381834222693975802,0.0,9.335008518817546,,,0,23,0.0,16392,471121908370576,1000000000,7.0,-437.66096991651716,299792458,20,-35504.18146501903,340282346638528860000000000000000000000,1561097980,,,,1,,5,61.87746810913086,,,,,,C,
Raw,1697799117999,113306000000,,,-1381834222693975802,0.0,9.335008518817546,,,0,29,0.0,16392,471121911017197,1000000000,8.545372009277344,-394.57048605227146,299792458,18,-8.55959528235931,340282346638528860000000000000000000000,1561097980,,,,0,,5,61.87746810913086,,,,,,C,
Raw,1697799117999,113306000000,,,-1381834222693975802,0.0,9.335008518817546,,,0,35,0.0,65583,471121917513793,22,24.086456298828125,-597.1071880618983,0.8686605679063368,20,476819.89540828386,340282346638528860000000000000000000000,1561097980,,,,0,,5,61.87746810913086,,,,,,C,
Raw,1697799117999,113306000000,,,-1381834222693975802,0.0,9.335008518817546,,,0,36,0.0,65583,471121913052063,42,16.03394317626953,-1645.026573126488,1.229970486821693,20,-233748.1048957849,340282346638528860000000000000000000000,1561097980,,,,1,,5,61.87746810913086,,,,,,C,
Raw,1697799117999,113306000000,,,-1381834222693975802,0.0,9.335008518817546,,,0,37,0.0,12,471121919955403,1000000000,19.9725341796875,-825.2567879835042,299792458,20,-115733.30313260527,340282346638528860000000000000000000000,1561097980,,,,1,,5,61.87746810913086,,,,,,C,
Raw,1697799117999,113306000000,,,-1381834222693975802,0.0,9.335008518817546,,,0,3,0.0,83976,471135916291207,1000000000,24.368452072143555,-1321.2026098716142,299792458,20,-92356.92123501391,340282346638528860000000000000000000000,1575420030,,,,0,,6,53.003517150878906,,,,,,C,
Raw,1697799117999,113306000000,,,-1381834222693975802,0.0,9.335008518817546,,,0,5,0.0,16392,471135922126454,1000000000,35.06889724731445,-915.822191084003,299792458,18,-2.7616830396050314,340282346638528860000000000000000000000,1575420030,,,,0,,6,53.003517150878906,,,,,,C,
Raw,1697799117999,113306000000,,,-1381834222693975802,0.0,9.335008518817546,,,0,9,0.0,83976,471135912462121,1000000000,25.697315216064453,-565.3719562373574,299792458,20,-12316.503614184205,340282346638528860000000000000000000000,1575420030,,,,0,,6,53.003517150878906,,,,,,C,
Raw,1697799117999,113306000000,,,-1381834222693975802,0.0,9.335008518817546,,,0,13,0.0,16392,471135903840398,1000000000,7.0,-1520.4913219395303,299792458,18,-8.904135959423108,340282346638528860000000000000000000000,1575420030,,,,0,,6,53.003517150878906,,,,,,C,
Raw,1697799117999,113306000000,,,-1381834222693975802,0.0,9.335008518817546,,,0,15,0.0,83976,471135916107355,1000000000,26.625864028930664,-1159.1354849020854,299792458,20,-91549.5270454353,340282346638528860000000000000000000000,1575420030,,,,0,,6,53.003517150878906,,,,,,C,
Raw,1697799117999,113306000000,,,-1381834222693975802,0.0,9.335008518817546,,,0,24,0.0,16392,471135909651112,1000000000,38.77277755737305,-1449.7579549703505,299792458,18,-2.746473137301217,340282346638528860000000000000000000000,1575420030,,,,0,,6,53.003517150878906,,,,,,C,
Raw,1697799117999,113306000000,,,-1381834222693975802,0.0,9.335008518817546,,,0,31,0.0,83976,471135910018518,1000000000,25.91339683532715,-1083.0166808128233,299792458,20,-51528.15915909071,340282346638528860000000000000000000000,1575420030,,,,1,,6,53.003517150878906,,,,,,C,
Raw,1697799117999,113306000000,,,-1381834222693975802,0.0,9.335008518817546,,,0,3,0.0,84011,471135916291190,53,21.447036743164062,-1322.4805276797852,0.01942184753715992,17,66267.9875504673,0.00971092376857996,1176450050,,,,0,,6,20.0,,,,,,Q,
Raw,1697799117999,113306000000,,,-1381834222693975802,0.0,9.335008518817546,,,0,9,0.0,84011,471135912462214,29,23.818632125854492,-564.3923740555674,0.01478123664855957,17,-4518.547983035894,0.007390618324279785,1176450050,,,,0,,6,20.0,,,,,,Q,
Raw,1697799117999,113306000000,,,-1381834222693975802,0.0,9.335008518817546,,,0,15,0.0,84011,471135916107368,120,17.501731872558594,-1156.851960315057,1.1645151290696356,20,-95273.85729874493,340282346638528860000000000000000000000,1176450050,,,,0,,6,20.0,,,,,,Q,
Raw,1697799117999,113306000000,,,-1381834222693975802,0.0,9.335008518817546,,,0,31,0.0,84011,471135910018473,33,23.296228408813477,-1080.7420461995644,0.01569751650094986,17,-122574.54576496231,0.00784875825047493,1176450050,,,,0,,6,20.0,,,,,,Q,
Raw,1697799118999,114306000000,,,-1381834222693979082,0.0,9.55902025865121,,,0,3,0.0,16392,471136914569435,1000000000,11.041728973388672,-327.86174596158776,299792458,18,-9.140466822653845,340282346638528860000000000000000000000,1575420030,,,,0,,1,52.750877380371094,,,,,,C,
Raw,1697799118999,114306000000,,,-1381834222693979082,0.0,9.55902025865121,,,0,4,0.0,47,471136923299179,20,33.39854049682617,-443.59311231014,0.0038856950122863054,17,-50481.7834013614,0.09708968390532559,1575420030,,,,0,,1,52.750877380371094,,,,,,C,
Raw,1697799118999,114306000000,,,-1381834222693979082,0.0,9.55902025865121,,,0,5,0.0,16392,471136915990552,1000000000,21.988473892211914,-1660.6588326352403,299792458,18,-1414.301232071836,340282346638528860000000000000000000000,1575420030,,,,0,,1,52.750877380371094,,,,,,C,
Raw,1697799118999,114306000000,,,-1381834222693979082,0.0,9.55902025865121,,,0,6,0.0,47,471136928484992,14,38.38719177246094,-567.0749412288787,0.00218794378452003,17,-65009.514282399614,0.001093971892260015,1575420030,,,,0,,1,52.750877380371094,,,,,,C,
Raw,1697799118999,114306000000,,,-1381834222693979082,0.0,9.55902025865121,,,0,7,0.0,47,471136929354967,12,39.56450653076172,-1245.0935129263087,0.0019106026738882067,17,-142034.03843254014,0.0009553013369441032,1575420030,,,,0,,1,52.750877380371094,,,,,,C,
Raw,1697799118999,114306000000,,,-1381834222693979082,0.0,9.55902025865121,,,0,9,0.0,47,471136930439682,27,29.968961715698242,-675.1222037022635,0.6028584790512177,20,-77121.24328445819,340282346638528860000000000000000000000,1575420030,,,,1,,1,52.750877380371094,,,,,,C,
Raw,1697799118999,114306000000,,,-1381834222693979082,0.0,9.55902025865121,,,0,11,0.0,47,471136927890718,20,33.57052230834961,-1059.7329992034793,0.0038095139898359776,17,-121159.77003389322,0.09705159339410042,1575420030,,,,1,,1,52.750877380371094,,,,,,C,
Raw,1697799118999,114306000000,,,-1381834222693979082,0.0,9.55902025865121,,,0,16,0.0,47,471136918739757,49,22.720935821533203,-970.5677503579846,0.9302869746834097,20,-110336.02439709264,340282346638528860000000000000000000000,1575420030,,,,0,,1,52.750877380371094,,,,,,C,
Raw,1697799118999,114306000000,,,-1381834222693979082,0.0,9.55902025865121,,,0,20,0.0,47,471136925904235,37,26.275331497192383,-1527.6741314867995,0.7681410191220972,20,-173834.3355179818,340282346638528860000000000000000000000,1575420030,,,,0,,1,52.750877380371094,,,,,,C,
Raw,1697799118999,114306000000,,,-1381834222693979082,0.0,9.55902025865121,,,0,26,0.0,16392,471136915077527,1000000000,11.131492614746094,-612.2810385304188,299792458,20,-50844.04498123141,340282346638528860000000000000000000000,1575420030,,,,0,,1,52.750877380371094,,,,,,C,
Raw,1697799118999,114306000000,,,-1381834222693979082,0.0,9.55902025865121,,,0,29,0.0,16392,471136914022678,1000000000,7.0,-1099.0609972209363,299792458,18,-29.603079146122095,340282346638528860000000000000000000000,1575420030,,,,0,,1,52.750877380371094,,,,,,C,
Raw,1697799118999,114306000000,,,-1381834222693979082,0.0,9.55902025865121,,,0,30,0.0,47,471136924566276,13,38.59714889526367,-1572.7948536573094,0.0021356900688260794,17,-179094.98426252595,0.09621468143359548,1575420030,,,,0,,1,52.750877380371094,,,,,,C,
Raw,1697799118999,114306000000,,,-1381834222693979082,0.0,9.55902025865121,,,0,6,0.0,81929,471136928484971,10,32.40772247314453,-567.0504254619591,0.00583220086991787,17,-134141.74413646394,0.002916100434958935,1176450050,,,,0,,1,9.809704780578613,,,,,,Q,
Raw,1697799118999,114306000000,,,-1381834222693979082,0.0,9.55902025865121,,,0,9,0.0,81929,471136930439624,13,30.58380889892578,-675.1497535147937,0.006783470045775175,17,-147280.1220055875,0.0033917350228875875,1176450050,,,,0,,1,9.809704780578613,,,,,,Q,
Raw,1697799118999,114306000000,,,-1381834222693979082,0.0,9.55902025865121,,,0,26,0.0,16392,471136915077371,1000000000,10.419137954711914,-612.2299830105476,299792458,20,-550615.0232087306,340282346638528860000000000000000000000,1176450050,,,,1,,1,9.809704780578613,,,,,,Q,
Raw,1697799118999,114306000000,,,-1381834222693979082,0.0,9.55902025865121,,,0,30,0.0,16392,471136924566257,1000000000,31.427640914916992,-1573.045242929269,299792458,20,-366664.05496407114,340282346638528860000000000000000000000,1176450050,,,,1,,1,9.809704780578613,,,,,,Q,
Raw,1697799118999,114306000000,,,-1381834222693979082,0.0,9.55902025865121,,,0,10,0.0,227,49918926436344,48,31.67275619506836,-1737.911640241422,0.004405388608574867,17,-202940.1012469609,0.0022026943042874336,1598062460,,,,0,,3,61.584014892578125,,,,,,C,
Raw,1697799118999,114306000000,,,-1381834222693979082,0.0,9.55902025865121,,,0,6,0.0,16491,922792169,83,24.793378829956055,-416.6316852524649,0.8342229748492507,20,-40996.72276166222,340282346638528860000000000000000000000,1599750020,,,,0,,3,61.584014892578125,,,,,,C,
Raw,1697799118999,114306000000,,,-1381834222693979082,0.0,9.55902025865121,,,0,22,0.0,227,49918924292955,55,29.965471267700195,-199.0164487675611,0.005354728549718857,17,-23329.200769596326,0.0026773642748594284,1600312450,,,,0,,3,61.584014892578125,,,,,,C,
Raw,1697799118999,114306000000,,,-1381834222693979082,0.0,9.55902025865121,,,0,9,0.0,227,49918931108695,37,34.78640365600586,-1221.1765852996323,0.0032592264469712973,17,-143293.64566273006,0.0016296132234856486,1600875010,,,,0,,3,61.584014892578125,,,,,,C,
Raw,1697799118999,114306000000,,,-1381834222693979082,0.0,9.55902025865121,,,0,16,0.0,227,49918924910573,84,24.735774993896484,-493.7163861595834,0.8371944058927374,20,-57578.012997354264,340282346638528860000000000000000000000,1601437440,,,,0,,3,61.584014892578125,,,,,,C,
Raw,1697799118999,114306000000,,,-1381834222693979082,0.0,9.55902025865121,,,0,101,0.0,16392,49918918632538,1000000000,11.548826217651367,-1587.1773290317133,299792458,18,-56.953431773399544,340282346638528860000000000000000000000,1602562560,,,,0,,3,61.584014892578125,,,,,,C,
Raw,1697799118999,114306000000,,,-1381834222693979082,0.0,9.55902025865121,,,0,24,0.0,227,49918924319288,87,24.224512100219727,-1415.9611094332013,0.8600789781307614,20,-165441.78930530124,340282346638528860000000000000000000000,1603124990,,,,0,,3,61.584014892578125,,,,,,C,
Raw,1697799118999,114306000000,,,-1381834222693979082,0.0,9.55902025865121,,,0,23,0.0,227,49918929943950,174,15.723440170288086,-711.4441502782747,1.243374211656863,20,-80677.75697962989,340282346638528860000000000000000000000,1603687550,,,,0,,3,61.584014892578125,,,,,,C,
Raw,1697799118999,114306000000,,,-1381834222693979082,0.0,9.55902025865121,,,0,7,0.0,227,49918933392780,59,29.1519718170166,-778.555701512887,0.005863985978066921,17,-88522.65912729168,0.0029319929890334606,1604812540,,,,0,,3,61.584014892578125,,,,,,C,
Raw,1697799118999,114306000000,,,-1381834222693979082,0.0,9.55902025865121,,,0,8,0.0,227,49918931927223,61,28.719104766845703,-1303.16359549138,0.0061614662408828735,17,-147034.8704086412,0.0030807331204414368,1605374980,,,,0,,3,61.584014892578125,,,,,,C,
Raw,1697799118999,114306000000,,,-1381834222693979082,0.0,9.55902025865121,,,0,5,0.0,809,471122867696024,26,30.566326141357422,-973.9465487678299,0.5744229264089347,20,-108828.44410907992,340282346638528860000000000000000000000,1561097980,,,,0,,5,61.99386215209961,,,,,,C,
Raw,1697799118999,114306000000,,,-1381834222693979082,0.0,9.55902025865121,,,0,9,0.0,16393,471122867318500,32,19.239566802978516,-815.9984249989088,1.0847856790624166,20,458920.1309963139,340282346638528860000000000000000000000,1561097980,,,,1,,5,61.99386215209961,,,,,,C,
Raw,1697799118999,114306000000,,,-1381834222693979082,0.0,9.55902025865121,,,0,19,0.0,65583,471122926161286,8,35.49279022216797,-1133.4947445489524,0.003081217873841524,17,-166530.22213758927,0.001540608936920762,1561097980,,,,0,,5,61.99386215209961,,,,,,C,
Raw,1697799118999,114306000000,,,-1381834222693979082,0.0,9.55902025865121,,,0,20,0.0,65583,471122924164257,9,34.104244232177734,-665.2155561676773,0.0036153444088995457,17,-76381.51897143727,0.0018076722044497728,1561097980,,,,0,,5,61.99386215209961,,,,,,C,
Raw,1697799118999,114306000000,,,-1381834222693979082,0.0,9.55902025865121,,,0,22,0.0,12,471122916106110,1000000000,14.403558731079102,-1485.3524455943389,299792458,20,-217704.43308288985,340282346638528860000000000000000000000,1561097980,,,,0,,5,61.99386215209961,,,,,,C,
Raw,1697799118999,114306000000,,,-1381834222693979082,0.0,9.55902025865121,,,0,23,0.0,16392,471122908372030,1000000000,7.0,-437.66096991651716,299792458,20,-35941.5455994548,340282346638528860000000000000000000000,1561097980,,,,0,,5,61.99386215209961,,,,,,C,
Raw,1697799118999,114306000000,,,-1381834222693979082,0.0,9.55902025865121,,,0,29,0.0,16392,471122911018509,1000000000,7.0,-394.1957835252597,299792458,18,-8.54006558400081,340282346638528860000000000000000000000,1561097980,,,,0,,5,61.99386215209961,,,,,,C,
Raw,1697799118999,114306000000,,,-1381834222693979082,0.0,9.55902025865121,,,0,35,0.0,65583,471122917516001,26,21.876609802246094,-596.8456392905423,0.9680352923013591,20,476222.96516715945,340282346638528860000000000000000000000,1561097980,,,,1,,5,61.99386215209961,,,,,,C,
Raw,1697799118999,114306000000,,,-1381834222693979082,0.0,9.55902025865121,,,0,36,0.0,65583,471122913057541,63,10.982446670532227,-1643.9443869669758,1.457131524026778,20,-235393.25138107754,340282346638528860000000000000000000000,1561097980,,,,1,,5,61.99386215209961,,,,,,C,
Raw,1697799118999,114306000000,,,-1381834222693979082,0.0,9.55902025865121,,,0,37,0.0,65583,471122919957900,25,22.52886199951172,-824.4052037248252,0.9391434873992961,20,-116559.08868141391,340282346638528860000000000000000000000,1561097980,,,,0,,5,61.99386215209961,,,,,,C,
Raw,1697799118999,114306000000,,,-1381834222693979082,0.0,9.55902025865121,,,0,3,0.0,83976,471136916295648,1000000000,27.857833862304688,-1321.5696097634518,299792458,20,-93678.39322194872,340282346638528860000000000000000000000,1575420030,,,,0,,6,52.750877380371094,,,,,,C,
Raw,1697799118999,114306000000,,,-1381834222693979082,0.0,9.55902025865121,,,0,5,0.0,16392,471136922129504,1000000000,36.32311248779297,-915.4508968026435,299792458,18,-2.725154418205564,340282346638528860000000000000000000000,1575420030,,,,0,,6,52.750877380371094,,,,,,C,
Raw,1697799118999,114306000000,,,-1381834222693979082,0.0,9.55902025865121,,,0,9,0.0,83976,471136912464158,1000000000,27.795289993286133,-564.2783183724534,299792458,20,-12881.31303920705,340282346638528860000000000000000000000,1575420030,,,,1,,6,52.750877380371094,,,,,,C,
Raw,1697799118999,114306000000,,,-1381834222693979082,0.0,9.55902025865121,,,0,13,0.0,16392,471136903845468,1000000000,7.0,-1520.30577704622,299792458,18,-8.844138846042089,340282346638528860000000000000000000000,1575420030,,,,0,,6,52.750877380371094,,,,,,C,
Raw,1697799118999,114306000000,,,-1381834222693979082,0.0,9.55902025865121,,,0,15,0.0,83976,471136916111288,1000000000,22.141454696655273,-1158.5000515826741,299792458,20,-92708.01354165701,340282346638528860000000000000000000000,1575420030,,,,0,,6,52.750877380371094,,,,,,C,
Raw,1697799118999,114306000000,,,-1381834222693979082,0.0,9.55902025865121,,,0,24,0.0,16392,471136909655941,1000000000,37.75546646118164,-1449.386592524078,299792458,18,-2.7801140560803836,340282346638528860000000000000000000000,1575420030,,,,0,,6,52.750877380371094,,,,,,C,
Raw,1697799118999,114306000000,,,-1381834222693979082,0.0,9.55902025865121,,,0,31,0.0,83976,471136910022118,1000000000,23.614032745361328,-1080.9237453226706,299792458,20,-52609.96053526137,340282346638528860000000000000000000000,1575420030,,,,0,,6,52.750877380371094,,,,,,C,
Raw,1697799118999,114306000000,,,-1381834222693979082,0.0,9.55902025865121,,,0,3,0.0,84011,471136916295609,148,17.133827209472656,-1323.3248562743765,299.79538833435777,20,64944.508895537496,340282346638528860000000000000000000000,1176450050,,,,0,,6,9.809704780578613,,,,,,Q,
Raw,1697799118999,114306000000,,,-1381834222693979082,0.0,9.55902025865121,,,0,9,0.0,84011,471136912464106,67,20.49715232849121,-564.4049346984357,1.0291591825466142,20,-5082.761208675317,340282346638528860000000000000000000000,1176450050,,,,0,,6,9.809704780578613,,,,,,Q,
Raw,1697799118999,114306000000,,,-1381834222693979082,0.0,9.55902025865121,,,0,15,0.0,16392,471136916111228,1000000000,15.68332576751709,-1156.2545630171253,299792458,20,-96432.28712745,340282346638528860000000000000000000000,1176450050,,,,0,,6,9.809704780578613,,,,,,Q,
Raw,1697799118999,114306000000,,,-1381834222693979082,0.0,9.55902025865121,,,0,31,0.0,84011,471136910022058,35,24.756807327270508,-1080.6036721088312,0.01326789241284132,17,-123655.14943707114,0.00663394620642066,1176450050,,,,1,,6,9.809704780578613,,,,,,Q,
Raw,1697799119999,115306000000,,,-1381834222693982367,0.0,9.7649004376671,,,0,3,0.0,16392,471137914570524,1000000000,16.44607162475586,-327.86174596158776,299792458,18,-9.148158593297191,340282346638528860000000000000000000000,1575420030,,,,0,,1,52.81098556518555,,,,,,C,
Raw,1697799119999,115306000000,,,-1381834222693982367,0.0,9.7649004376671,,,0,4,0.0,47,471137923300660,27,29.823240280151367,-443.1230925637758,0.6081272806796951,20,-50925.207128271366,340282346638528860000000000000000000000,1575420030,,,,1,,1,52.81098556518555,,,,,,C,
Raw,1697799119999,115306000000,,,-1381834222693982367,0.0,9.7649004376671,,,0,5,0.0,16392,471137915996088,1000000000,7.0,-1660.6588326352403,299792458,18,-1414.3401918093753,340282346638528860000000000000000000000,1575420030,,,,0,,1,52.81098556518555,,,,,,C,
Raw,1697799119999,115306000000,,,-1381834222693982367,0.0,9.7649004376671,,,0,6,0.0,47,471137928486825,12,39.33952331542969,-567.0191964594414,0.0019607378635555506,17,-65576.53347885906,0.0009803689317777753,1575420030,,,,0,,1,52.81098556518555,,,,,,C,
Raw,1697799119999,115306000000,,,-1381834222693982367,0.0,9.7649004376671,,,0,7,0.0,47,471137929359111,13,38.92205047607422,-1245.0140720080817,0.0020572792273014784,17,-143279.05250454822,0.0010286396136507392,1575420030,,,,0,,1,52.81098556518555,,,,,,C,
Raw,1697799119999,115306000000,,,-1381834222693982367,0.0,9.7649004376671,,,0,9,0.0,47,471137930441912,31,28.499799728393555,-675.0049712810287,0.0064391642808914185,17,-77796.24825573922,0.09836641853962814,1575420030,,,,0,,1,52.81098556518555,,,,,,C,
Raw,1697799119999,115306000000,,,-1381834222693982367,0.0,9.7649004376671,,,0,11,0.0,47,471137927894232,21,33.01580047607422,-1059.6070612101903,0.0040607452392578125,17,-122219.37709510341,0.09717720901881134,1575420030,,,,1,,1,52.81098556518555,,,,,,C,
Raw,1697799119999,115306000000,,,-1381834222693982367,0.0,9.7649004376671,,,0,16,0.0,47,471137918743029,53,21.859956741333008,-970.7898998096002,0.9690047784279181,20,-111307.21660208126,340282346638528860000000000000000000000,1575420030,,,,1,,1,52.81098556518555,,,,,,C,
Raw,1697799119999,115306000000,,,-1381834222693982367,0.0,9.7649004376671,,,0,20,0.0,47,471137925909274,29,29.34180450439453,-1527.7106829706463,0.005844255443662405,17,-175362.04620095243,0.09806896412101364,1575420030,,,,0,,1,52.81098556518555,,,,,,C,
Raw,1697799119999,115306000000,,,-1381834222693982367,0.0,9.7649004376671,,,0,26,0.0,16392,471137915079566,1000000000,10.271272659301758,-611.9097442490593,299792458,20,-51456.422619902645,340282346638528860000000000000000000000,1575420030,,,,0,,1,52.81098556518555,,,,,,C,
Raw,1697799119999,115306000000,,,-1381834222693982367,0.0,9.7649004376671,,,0,29,0.0,16392,471137914026339,1000000000,7.0,-1098.875247832887,299792458,18,-29.626269271661805,340282346638528860000000000000000000000,1575420030,,,,0,,1,52.81098556518555,,,,,,C,
Raw,1697799119999,115306000000,,,-1381834222693982367,0.0,9.7649004376671,,,0,30,0.0,47,471137924571546,11,40.420166015625,-1572.8148787353712,0.0017313604475930333,17,-180667.79914126132,0.09601251662297895,1575420030,,,,0,,1,52.81098556518555,,,,,,C,
Raw,1697799119999,115306000000,,,-1381834222693982367,0.0,9.7649004376671,,,0,6,0.0,81929,471137928486858,10,31.238651275634766,-566.4457240301085,0.5454106679813286,20,-134708.70155084445,340282346638528860000000000000000000000,1176450050,,,,0,,1,10.320786476135254,,,,,,Q,
Raw,1697799119999,115306000000,,,-1381834222693982367,0.0,9.7649004376671,,,0,9,0.0,81929,471137930441876,11,29.627243041992188,-674.997784402629,0.007573213893920183,17,-147955.11978999013,0.0037866069469600916,1176450050,,,,0,,1,10.320786476135254,,,,,,Q,
Raw,1697799119999,115306000000,,,-1381834222693982367,0.0,9.7649004376671,,,0,26,0.0,16392,471137915079375,1000000000,12.363594055175781,-611.7541237525761,299792458,20,-551225.868173031,340282346638528860000000000000000000000,1176450050,,,,1,,1,10.320786476135254,,,,,,Q,
Raw,1697799119999,115306000000,,,-1381834222693982367,0.0,9.7649004376671,,,0,30,0.0,16392,471137924571506,1000000000,29.412050247192383,-1572.6317545667343,299792458,20,-368231.72695308237,340282346638528860000000000000000000000,1176450050,,,,1,,1,10.320786476135254,,,,,,Q,
Raw,1697799119999,115306000000,,,-1381834222693982367,0.0,9.7649004376671,,,0,10,0.0,227,49919926442183,47,31.82081413269043,-1737.7132683209666,0.5188636961476563,20,-204678.0588690208,340282346638528860000000000000000000000,1598062460,,,,0,,3,61.584014892578125,,,,,,C,
Raw,1697799119999,115306000000,,,-1381834222693982367,0.0,9.7649004376671,,,0,6,0.0,16491,1922793563,95,23.186330795288086,-416.9678746036059,0.906490430464209,20,-41413.15390256744,340282346638528860000000000000000000000,1599750020,,,,0,,3,61.584014892578125,,,,,,C,
Raw,1697799119999,115306000000,,,-1381834222693982367,0.0,9.7649004376671,,,0,22,0.0,227,49919924293654,59,29.059688568115234,-199.2810264739702,0.6426418921004471,20,-23528.292426562675,340282346638528860000000000000000000000,1600312450,,,,0,,3,61.584014892578125,,,,,,C,
Raw,1697799119999,115306000000,,,-1381834222693982367,0.0,9.7649004376671,,,0,9,0.0,227,49919931112789,36,35.088653564453125,-1220.9926717329945,0.0031477627344429493,17,-144514.63833446306,0.0015738813672214746,1600875010,,,,0,,3,61.584014892578125,,,,,,C,
Raw,1697799119999,115306000000,,,-1381834222693982367,0.0,9.7649004376671,,,0,16,0.0,227,49919924912298,88,24.088823318481445,-493.98717127665714,0.8662873771690425,20,-58071.84231532004,340282346638528860000000000000000000000,1601437440,,,,0,,3,61.584014892578125,,,,,,C,
Raw,1697799119999,115306000000,,,-1381834222693982367,0.0,9.7649004376671,,,0,101,0.0,16392,49919918637827,1000000000,7.0,-1587.0862607078843,299792458,18,-56.9269487604106,340282346638528860000000000000000000000,1602562560,,,,0,,3,61.584014892578125,,,,,,C,
Raw,1697799119999,115306000000,,,-1381834222693982367,0.0,9.7649004376671,,,0,24,0.0,227,49919924324149,71,26.785873413085938,-1415.6390983839738,0.74489838138869,20,-166857.57053332304,340282346638528860000000000000000000000,1603124990,,,,0,,3,61.584014892578125,,,,,,C,
Raw,1697799119999,115306000000,,,-1381834222693982367,0.0,9.7649004376671,,,0,23,0.0,227,49919929946588,83,24.926410675048828,-712.0688817063378,0.8295275839248504,20,-81389.21952219852,340282346638528860000000000000000000000,1603687550,,,,0,,3,61.584014892578125,,,,,,C,
Raw,1697799119999,115306000000,,,-1381834222693982367,0.0,9.7649004376671,,,0,7,0.0,227,49919933395474,55,29.883880615234375,-778.3924797082,0.005390108097344637,17,-89301.05160699988,0.0026950540486723185,1604812540,,,,0,,3,61.584014892578125,,,,,,C,
Raw,1697799119999,115306000000,,,-1381834222693982367,0.0,9.7649004376671,,,0,8,0.0,227,49919931931440,70,27.04096221923828,-1303.614562677757,0.7347956622888905,20,-148338.16150705147,340282346638528860000000000000000000000,1605374980,,,,0,,3,61.584014892578125,,,,,,C,
Raw,1697799119999,115306000000,,,-1381834222693982367,0.0,9.7649004376671,,,0,5,0.0,809,471123867699272,34,27.37856101989746,-973.9594319363955,0.7177736054092794,20,-109809.2853171638,340282346638528860000000000000000000000,1561097980,,,,0,,5,61.72974395751953,,,,,,C,
Raw,1697799119999,115306000000,,,-1381834222693982367,0.0,9.7649004376671,,,0,9,0.0,16392,471123867321190,1000000000,21.044130325317383,-815.7591661541187,299792458,20,458105.17789727286,340282346638528860000000000000000000000,1561097980,,,,1,,5,61.72974395751953,,,,,,C,
Raw,1697799119999,115306000000,,,-1381834222693982367,0.0,9.7649004376671,,,0,19,0.0,65583,471123926165078,11,32.25101089477539,-1133.398554088868,0.004475188907235861,17,-167663.62069167814,0.0022375944536179304,1561097980,,,,1,,5,61.72974395751953,,,,,,C,
Raw,1697799119999,115306000000,,,-1381834222693982367,0.0,9.7649004376671,,,0,20,0.0,65583,471123924166464,8,35.651973724365234,-665.1132113427884,0.003025262849405408,17,-77046.63218278006,0.001512631424702704,1561097980,,,,0,,5,61.72974395751953,,,,,,C,
Raw,1697799119999,115306000000,,,-1381834222693982367,0.0,9.7649004376671,,,0,22,0.0,12,471123916110962,1000000000,12.235506057739258,-1484.977674902414,299792458,20,-219189.1034053586,340282346638528860000000000000000000000,1561097980,,,,0,,5,61.72974395751953,,,,,,C,
Raw,1697799119999,115306000000,,,-1381834222693982367,0.0,9.7649004376671,,,0,23,0.0,16392,471123908373485,1000000000,7.0,-437.2862673895054,299792458,20,-36378.75393678459,340282346638528860000000000000000000000,1561097980,,,,0,,5,61.72974395751953,,,,,,C,
Raw,1697799119999,115306000000,,,-1381834222693982367,0.0,9.7649004376671,,,0,29,0.0,16392,471123911019819,1000000000,7.0,-394.1957835252597,299792458,18,-8.54931357860487,340282346638528860000000000000000000000,1561097980,,,,0,,5,61.72974395751953,,,,,,C,
Raw,1697799119999,115306000000,,,-1381834222693982367,0.0,9.7649004376671,,,0,35,0.0,12,471123917517968,1000000000,19.075143814086914,-597.3035711763828,299792458,20,475626.66093469836,340282346638528860000000000000000000000,1561097980,,,,1,,5,61.72974395751953,,,,,,C,
Raw,1697799119999,115306000000,,,-1381834222693982367,0.0,9.7649004376671,,,0,36,0.0,65583,471123913063028,51,13.676910400390625,-1643.9434326581932,1.3359654621270796,20,-237036.8861502676,340282346638528860000000000000000000000,1561097980,,,,1,,5,61.72974395751953,,,,,,C,
Raw,1697799119999,115306000000,,,-1381834222693982367,0.0,9.7649004376671,,,0,37,0.0,65583,471123919960734,22,24.071924209594727,-823.7461171805871,0.8697541354761742,20,-117383.58904418815,340282346638528860000000000000000000000,1561097980,,,,1,,5,61.72974395751953,,,,,,C,
Raw,1697799119999,115306000000,,,-1381834222693982367,0.0,9.7649004376671,,,0,3,0.0,83976,471137916300083,1000000000,25.93177604675293,-1322.402176011391,299792458,20,-95001.45504224108,340282346638528860000000000000000000000,1575420030,,,,0,,6,52.81098556518555,,,,,,C,
Raw,1697799119999,115306000000,,,-1381834222693982367,0.0,9.7649004376671,,,0,5,0.0,16392,471137922132551,1000000000,33.714744567871094,-915.4508968026435,299792458,18,-2.746631271398723,340282346638528860000000000000000000000,1575420030,,,,0,,6,52.81098556518555,,,,,,C,
Raw,1697799119999,115306000000,,,-1381834222693982367,0.0,9.7649004376671,,,0,9,0.0,83976,471137912466100,1000000000,27.39115333557129,-563.9360282615949,299792458,20,-13445.565241216409,340282346638528860000000000000000000000,1575420030,,,,0,,6,52.81098556518555,,,,,,C,
Raw,1697799119999,115306000000,,,-1381834222693982367,0.0,9.7649004376671,,,0,13,0.0,16392,471137903850535,1000000000,12.345285415649414,-1520.1200958230838,299792458,18,-8.879255542513349,340282346638528860000000000000000000000,1575420030,,,,0,,6,52.81098556518555,,,,,,C,
Raw,1697799119999,115306000000,,,-1381834222693982367,0.0,9.7649004376671,,,0,15,0.0,83976,471137916115083,1000000000,20.540130615234375,-1159.3713355012233,299792458,20,-93867.61466925505,340282346638528860000000000000000000000,1575420030,,,,1,,6,52.81098556518555,,,,,,C,
Raw,1697799119999,115306000000,,,-1381834222693982367,0.0,9.7649004376671,,,0,24,0.0,16392,471137909660775,1000000000,38.39936828613281,-1449.386592524078,299792458,18,-2.7234420483765662,340282346638528860000000000000000000000,1575420030,,,,0,,6,52.81098556518555,,,,,,C,
Raw,1697799119999,115306000000,,,-1381834222693982367,0.0,9.7649004376671,,,0,31,0.0,83976,471137910025705,1000000000,22.605485916137695,-1080.894570739887,299792458,20,-53690.47548739954,340282346638528860000000000000000000000,1575420030,,,,0,,6,52.81098556518555,,,,,,C,
Raw,1697799119999,115306000000,,,-1381834222693982367,0.0,9.7649004376671,,,0,3,0.0,16392,471137916300024,1000000000,13.65766716003418,-1324.577591046329,299792458,20,63618.506968715985,340282346638528860000000000000000000000,1176450050,,,,0,,6,10.320786476135254,,,,,,Q,
Raw,1697799119999,115306000000,,,-1381834222693982367,0.0,9.7649004376671,,,0,9,0.0,84011,471137912465962,60,21.430341720581055,-564.2750556677565,0.019459210336208344,17,-5647.0362643430735,0.009729605168104172,1176450050,,,,0,,6,10.320786476135254,,,,,,Q,
Raw,1697799119999,115306000000,,,-1381834222693982367,0.0,9.7649004376671,,,0,15,0.0,16392,471137916115093,1000000000,17.8819522857666,-1158.6303828964174,299792458,20,-97588.39106008167,340282346638528860000000000000000000000,1176450050,,,,0,,6,10.320786476135254,,,,,,Q,
Raw,1697799119999,115306000000,,,-1381834222693982367,0.0,9.7649004376671,,,0,31,0.0,16392,471137910025664,1000000000,21.048818588256836,-1080.6350669159224,299792458,20,-124735.99091044256,340282346638528860000000000000000000000,1176450050,,,,1,,6,10.320786476135254,,,,,,Q,
Raw,1697799120999,116306000000,,,-1381834222693985650,0.0,9.95581108427925,,,0,3,0.0,16392,471138914571619,1000000000,7.0,-327.86174596158776,299792458,18,-9.15585036398275,340282346638528860000000000000000000000,1575420030,,,,0,,1,52.840885162353516,,,,,,C,
Raw,1697799120999,116306000000,,,-1381834222693985650,0.0,9.95581108427925,,,0,4,0.0,47,471138923301907,34,27.200729370117188,-443.55029218625714,0.007477957755327224,17,-51368.75742045762,0.0037389788776636124,1575420030,,,,1,,1,52.840885162353516,,,,,,C,
Raw,1697799120999,116306000000,,,-1381834222693985650,0.0,9.95581108427925,,,0,5,0.0,16392,471138916001625,1000000000,17.422096252441406,-1660.6588326352403,299792458,18,-1414.379151546941,340282346638528860000000000000000000000,1575420030,,,,0,,1,52.840885162353516,,,,,,C,
Raw,1697799120999,116306000000,,,-1381834222693985650,0.0,9.95581108427925,,,0,6,0.0,47,471138928488734,14,38.1243782043457,-566.9559843652096,0.002255157334730029,17,-66143.48946322426,0.0011275786673650146,1575420030,,,,0,,1,52.840885162353516,,,,,,C,
Raw,1697799120999,116306000000,,,-1381834222693985650,0.0,9.95581108427925,,,0,7,0.0,47,471138929363262,14,38.272457122802734,-1244.9681604418727,0.0022170364391058683,17,-144524.0206649901,0.0011085182195529342,1575420030,,,,0,,1,52.840885162353516,,,,,,C,
Raw,1697799120999,116306000000,,,-1381834222693985650,0.0,9.95581108427925,,,0,9,0.0,47,471138930444132,30,28.76390838623047,-674.9477455641609,0.006246316246688366,17,-78471.19600130338,0.003123158123344183,1575420030,,,,1,,1,52.840885162353516,,,,,,C,
Raw,1697799120999,116306000000,,,-1381834222693985650,0.0,9.95581108427925,,,0,11,0.0,47,471138927897747,19,34.53711700439453,-1059.4893468643422,0.003408316057175398,17,-123278.86644196775,0.001704158028587699,1575420030,,,,0,,1,52.840885162353516,,,,,,C,
Raw,1697799120999,116306000000,,,-1381834222693985650,0.0,9.95581108427925,,,0,16,0.0,47,471138918746219,48,22.941356658935547,-972.289732391343,0.9203760359688489,20,-112278.01590552667,340282346638528860000000000000000000000,1575420030,,,,0,,1,52.840885162353516,,,,,,C,
Raw,1697799120999,116306000000,,,-1381834222693985650,0.0,9.95581108427925,,,0,20,0.0,47,471138925914326,29,29.129676818847656,-1527.7417157205346,0.005988741759210825,17,-176889.78791667297,0.0029943708796054125,1575420030,,,,0,,1,52.840885162353516,,,,,,C,
Raw,1697799120999,116306000000,,,-1381834222693985650,0.0,9.95581108427925,,,0,26,0.0,16392,471138915081604,1000000000,9.624683380126953,-611.724063025923,299792458,20,-52067.33078214213,340282346638528860000000000000000000000,1575420030,,,,0,,1,52.840885162353516,,,,,,C,
Raw,1697799120999,116306000000,,,-1381834222693985650,0.0,9.95581108427925,,,0,29,0.0,16392,471138914030005,1000000000,8.192985534667969,-1098.875247832887,299792458,18,-29.65204933602829,340282346638528860000000000000000000000,1575420030,,,,0,,1,52.840885162353516,,,,,,C,
Raw,1697799120999,116306000000,,,-1381834222693985650,0.0,9.95581108427925,,,0,30,0.0,47,471138924576781,13,39.26344299316406,-1572.8131281311507,0.001977987354621291,17,-182240.61226939247,0.0009889936773106456,1575420030,,,,0,,1,52.840885162353516,,,,,,C,
Raw,1697799120999,116306000000,,,-1381834222693985650,0.0,9.95581108427925,,,0,6,0.0,81929,471138928488744,17,29.91852569580078,-567.0292366509093,0.007323455531150103,17,-135275.73078749535,0.0036617277655750513,1176450050,,,,1,,1,10.724854469299316,,,,,,Q,
Raw,1697799120999,116306000000,,,-1381834222693985650,0.0,9.95581108427925,,,0,9,0.0,81929,471138930444127,10,29.88845443725586,-674.8972277896245,0.007348854560405016,17,-148630.01701777976,0.003674427280202508,1176450050,,,,0,,1,10.724854469299316,,,,,,Q,
Raw,1697799120999,116306000000,,,-1381834222693985650,0.0,9.95581108427925,,,0,26,0.0,16392,471138915081410,1000000000,11.460287094116211,-612.9486456887876,299792458,20,-551838.835556716,340282346638528860000000000000000000000,1176450050,,,,0,,1,10.724854469299316,,,,,,Q,
Raw,1697799120999,116306000000,,,-1381834222693985650,0.0,9.95581108427925,,,0,30,0.0,81929,471138924576741,82,27.844383239746094,-1573.0907770911836,0.6973437688484725,20,-369804.9097960933,340282346638528860000000000000000000000,1176450050,,,,0,,1,10.724854469299316,,,,,,Q,
Raw,1697799120999,116306000000,,,-1381834222693985650,0.0,9.95581108427925,,,0,10,0.0,227,49920926447971,70,28.120012283325195,-1737.6295618077465,299.7936160466186,20,-206416.18647003692,340282346638528860000000000000000000000,1598062460,,,,0,,3,61.47423553466797,,,,,,C,
Raw,1697799120999,116306000000,,,-1381834222693985650,0.0,9.95581108427925,,,0,6,0.0,16491,922794879,90,23.79899024963379,-416.1967931072338,0.8789400231820506,20,-41829.42533682024,340282346638528860000000000000000000000,1599750020,,,,0,,3,61.47423553466797,,,,,,C,
Raw,1697799120999,116306000000,,,-1381834222693985650,0.0,9.95581108427925,,,0,22,0.0,227,49920924294332,75,26.153362274169922,-199.3135240962647,0.7733363304536973,20,-23727.394964413947,340282346638528860000000000000000000000,1600312450,,,,0,,3,61.47423553466797,,,,,,C,
Raw,1697799120999,116306000000,,,-1381834222693985650,0.0,9.95581108427925,,,0,9,0.0,227,49920931116765,34,35.95557403564453,-1220.8275388366892,0.002848760224878788,17,-145735.46587329975,0.001424380112439394,1600875010,,,,0,,3,61.47423553466797,,,,,,C,
Raw,1697799120999,116306000000,,,-1381834222693985650,0.0,9.95581108427925,,,0,16,0.0,227,49920924914084,103,22.142662048339844,-493.6834625065824,0.9538044687898299,20,-58565.390770587146,340282346638528860000000000000000000000,1601437440,,,,0,,3,61.47423553466797,,,,,,C,
Raw,1697799120999,116306000000,,,-1381834222693985650,0.0,9.95581108427925,,,0,101,0.0,16392,49920918643125,1000000000,7.0,-1587.0862607078843,299792458,18,-56.90210201001943,340282346638528860000000000000000000000,1602562560,,,,0,,3,61.47423553466797,,,,,,C,
Raw,1697799120999,116306000000,,,-1381834222693985650,0.0,9.95581108427925,,,0,24,0.0,227,49920924328733,70,26.903810501098633,-1415.6764136127022,0.0076042767614126205,17,-168273.24694693575,0.0038021383807063103,1603124990,,,,0,,3,61.47423553466797,,,,,,C,
Raw,1697799120999,116306000000,,,-1381834222693985650,0.0,9.95581108427925,,,0,23,0.0,227,49920929948892,69,27.143835067749023,-711.3250419113319,0.007394421845674515,17,-82100.54456410985,0.0036972109228372574,1603687550,,,,0,,3,61.47423553466797,,,,,,C,
Raw,1697799120999,116306000000,,,-1381834222693985650,0.0,9.95581108427925,,,0,7,0.0,227,49920933398142,58,29.2552433013916,-778.371055465017,0.0057946788147091866,17,-90079.4226624649,0.0028973394073545933,1604812540,,,,0,,3,61.47423553466797,,,,,,C,
Raw,1697799120999,116306000000,,,-1381834222693985650,0.0,9.95581108427925,,,0,8,0.0,227,49920931935816,64,28.019933700561523,-1303.1442413183395,0.0066779423505067825,17,-149641.3057483698,0.0033389711752533913,1605374980,,,,0,,3,61.47423553466797,,,,,,C,
Raw,1697799120999,116306000000,,,-1381834222693985650,0.0,9.95581108427925,,,0,5,0.0,809,471124867702539,32,27.857921600341797,-973.7400772462147,0.6962179827064534,20,-110790.90620179655,340282346638528860000000000000000000000,1561097980,,,,1,,5,62.037113189697266,,,,,,C,
Raw,1697799120999,116306000000,,,-1381834222693985650,0.0,9.95581108427925,,,0,9,0.0,16393,471124867323892,29,20.355243682861328,-815.529586726981,1.0346160367916482,20,457289.8338202102,340282346638528860000000000000000000000,1561097980,,,,1,,5,62.037113189697266,,,,,,C,
Raw,1697799120999,116306000000,,,-1381834222693985650,0.0,9.95581108427925,,,0,19,0.0,65583,471124926168854,11,32.78710174560547,-1133.3711935149913,0.004207332152873278,17,-168796.99188519313,0.002103666076436639,1561097980,,,,0,,5,62.037113189697266,,,,,,C,
Raw,1697799120999,116306000000,,,-1381834222693985650,0.0,9.95581108427925,,,0,20,0.0,65583,471124924168654,10,33.19483947753906,-665.0804778099991,0.004014392849057913,17,-77711.71266059006,0.0020071964245289564,1561097980,,,,0,,5,62.037113189697266,,,,,,C,
Raw,1697799120999,116306000000,,,-1381834222693985650,0.0,9.95581108427925,,,0,22,0.0,12,471124916116011,1000000000,11.023571014404297,-1485.0943732335481,299792458,20,-220673.32397767188,340282346638528860000000000000000000000,1561097980,,,,0,,5,62.037113189697266,,,,,,C,
Raw,1697799120999,116306000000,,,-1381834222693985650,0.0,9.95581108427925,,,0,23,0.0,16392,471124908374941,1000000000,7.0,-437.2862673895054,299792458,20,-36816.04017230934,340282346638528860000000000000000000000,1561097980,,,,0,,5,62.037113189697266,,,,,,C,
Raw,1697799120999,116306000000,,,-1381834222693985650,0.0,9.95581108427925,,,0,29,0.0,16392,471124911021135,1000000000,7.0,-394.1957835252597,299792458,18,-8.558561573204365,340282346638528860000000000000000000000,1561097980,,,,0,,5,62.037113189697266,,,,,,C,
Raw,1697799120999,116306000000,,,-1381834222693985650,0.0,9.95581108427925,,,0,35,0.0,12,471124917519841,1000000000,16.932931900024414,-597.8459593894868,299792458,20,475029.0368238208,340282346638528860000000000000000000000,1561097980,,,,1,,5,62.037113189697266,,,,,,C,
Raw,1697799120999,116306000000,,,-1381834222693985650,0.0,9.95581108427925,,,0,36,0.0,65583,471124913068456,58,11.990446090698242,-1644.2441762545504,1.4118047858125475,20,-238681.90815502923,340282346638528860000000000000000000000,1561097980,,,,1,,5,62.037113189697266,,,,,,C,
Raw,1697799120999,116306000000,,,-1381834222693985650,0.0,9.95581108427925,,,0,37,0.0,12,471124919963260,1000000000,22.452083587646484,-823.8502731677208,299792458,20,-118207.40396001526,340282346638528860000000000000000000000,1561097980,,,,1,,5,62.037113189697266,,,,,,C,
Raw,1697799120999,116306000000,,,-1381834222693985650,0.0,9.95581108427925,,,0,3,0.0,83976,471138916304465,1000000000,24.620738983154297,-1323.389885601422,299792458,20,-96323.52026466209,340282346638528860000000000000000000000,1575420030,,,,1,,6,52.840885162353516,,,,,,C,
Raw,1697799120999,116306000000,,,-1381834222693985650,0.0,9.95581108427925,,,0,5,0.0,16392,471138922135605,1000000000,33.76443099975586,-915.2652837444202,299792458,18,-2.7677398003751073,340282346638528860000000000000000000000,1575420030,,,,0,,6,52.840885162353516,,,,,,C,
Raw,1697799120999,116306000000,,,-1381834222693985650,0.0,9.95581108427925,,,0,9,0.0,83976,471138912467919,1000000000,26.285526275634766,-564.2681958828662,299792458,20,-14010.142025336627,340282346638528860000000000000000000000,1575420030,,,,1,,6,52.840885162353516,,,,,,C,
Raw,1697799120999,116306000000,,,-1381834222693985650,0.0,9.95581108427925,,,0,13,0.0,16392,471138903855602,1000000000,7.0,-1520.1200958230838,299792458,18,-8.914918181660827,340282346638528860000000000000000000000,1575420030,,,,0,,6,52.840885162353516,,,,,,C,
Raw,1697799120999,116306000000,,,-1381834222693985650,0.0,9.95581108427925,,,0,15,0.0,83976,471138916118908,1000000000,20.772403717041016,-1159.3178942093955,299792458,20,-95025.53818914054,340282346638528860000000000000000000000,1575420030,,,,1,,6,52.840885162353516,,,,,,C,
Raw,1697799120999,116306000000,,,-1381834222693985650,0.0,9.95581108427925,,,0,24,0.0,16392,471138909665609,1000000000,35.909141540527344,-1449.386592524078,299792458,18,-2.7574452530265052,340282346638528860000000000000000000000,1575420030,,,,0,,6,52.840885162353516,,,,,,C,
Raw,1697799120999,116306000000,,,-1381834222693985650,0.0,9.95581108427925,,,0,31,0.0,83976,471138910029270,1000000000,24.68838119506836,-1082.1798201753622,299792458,20,-54771.311515137975,340282346638528860000000000000000000000,1575420030,,,,1,,6,52.840885162353516,,,,,,C,
Raw,1697799120999,116306000000,,,-1381834222693985650,0.0,9.95581108427925,,,0,3,0.0,16392,471138916304454,1000000000,8.766916275024414,-1326.5733233704786,299792458,20,62304.607564612714,340282346638528860000000000000000000000,1176450050,,,,1,,6,10.724854469299316,,,,,,Q,
Raw,1697799120999,116306000000,,,-1381834222693985650,0.0,9.95581108427925,,,0,9,0.0,84011,471138912467834,80,19.946205139160156,-564.5514551790272,1.0539353311216542,20,-6211.227216587319,340282346638528860000000000000000000000,1176450050,,,,0,,6,10.724854469299316,,,,,,Q,
Raw,1697799120999,116306000000,,,-1381834222693985650,0.0,9.95581108427925,,,0,15,0.0,84011,471138916118966,107,18.183345794677734,-1158.0511174653557,1.1338659475031152,20,-98747.0937404496,340282346638528860000000000000000000000,1176450050,,,,0,,6,10.724854469299316,,,,,,Q,
Raw,1697799120999,116306000000,,,-1381834222693985650,0.0,9.95581108427925,,,0,31,0.0,16392,471138910029264,1000000000,21.75435447692871,-1081.5514760069077,299792458,20,-125815.48369347549,340282346638528860000000000000000000000,1176450050,,,,1,,6,10.724854469299316,,,,,,Q,
Raw,1697799121999,117306000000,,,-1381834222693988939,0.0,9.21135459830562,,,0,3,0.0,16392,471139914572708,1000000000,7.0,-328.0473931022675,299792458,18,-9.145622137018186,340282346638528860000000000000000000000,1575420030,,,,0,,1,52.795997619628906,,,,,,C,
Raw,1697799121999,117306000000,,,-1381834222693988939,0.0,9.21135459830562,,,0,4,0.0,47,471139923303461,36,26.50571060180664,-443.7896431659924,0.7573132490136132,20,-51812.182728210835,340282346638528860000000000000000000000,1575420030,,,,1,,1,52.795997619628906,,,,,,C,
Raw,1697799121999,117306000000,,,-1381834222693988939,0.0,9.21135459830562,,,0,5,0.0,16392,471139916007163,1000000000,14.514025688171387,-1661.0301950815128,299792458,18,-1414.3201448343912,340282346638528860000000000000000000000,1575420030,,,,0,,1,52.795997619628906,,,,,,C,
Raw,1697799121999,117306000000,,,-1381834222693988939,0.0,9.21135459830562,,,0,6,0.0,47,471139928490685,16,36.36412048339844,-567.0257361171243,0.002761783776804805,17,-66710.51519934139,0.0013808918884024024,1575420030,,,,0,,1,52.795997619628906,,,,,,C,
Raw,1697799121999,117306000000,,,-1381834222693988939,0.0,9.21135459830562,,,0,7,0.0,47,471139929367425,17,35.48432540893555,-1244.991681424115,0.0030561834573745728,17,-145769.0123464142,0.0015280917286872864,1575420030,,,,0,,1,52.795997619628906,,,,,,C,
Raw,1697799121999,117306000000,,,-1381834222693988939,0.0,9.21135459830562,,,0,9,0.0,47,471139930446404,20,33.787166595458984,-674.8137057922868,0.0037156720645725727,17,-79146.00970709567,0.0018578360322862864,1575420030,,,,0,,1,52.795997619628906,,,,,,C,
Raw,1697799121999,117306000000,,,-1381834222693988939,0.0,9.21135459830562,,,0,11,0.0,47,471139927901279,17,35.74673843383789,-1059.4531529891683,0.002965232590213418,17,-124338.31959495692,0.001482616295106709,1575420030,,,,1,,1,52.795997619628906,,,,,,C,
Raw,1697799121999,117306000000,,,-1381834222693988939,0.0,9.21135459830562,,,0,16,0.0,47,471139918749488,36,26.51314926147461,-971.1145476120873,0.008093977347016335,17,-113249.13045313876,0.0991938250726906,1575420030,,,,0,,1,52.795997619628906,,,,,,C,
Raw,1697799121999,117306000000,,,-1381834222693988939,0.0,9.21135459830562,,,0,20,0.0,47,471139925919423,35,26.981258392333984,-1527.4420981227922,0.7363990687933142,20,-178417.5621579277,340282346638528860000000000000000000000,1575420030,,,,0,,1,52.795997619628906,,,,,,C,
Raw,1697799121999,117306000000,,,-1381834222693988939,0.0,9.21135459830562,,,0,26,0.0,16392,471139915083640,1000000000,9.858222961425781,-611.724063025923,299792458,20,-52678.75268638606,340282346638528860000000000000000000000,1575420030,,,,0,,1,52.795997619628906,,,,,,C,
Raw,1697799121999,117306000000,,,-1381834222693988939,0.0,9.21135459830562,,,0,29,0.0,16392,471139914033667,1000000000,7.0,-1099.0609972209363,299792458,18,-29.611673952876906,340282346638528860000000000000000000000,1575420030,,,,0,,1,52.795997619628906,,,,,,C,
Raw,1697799121999,117306000000,,,-1381834222693988939,0.0,9.21135459830562,,,0,30,0.0,47,471139924582022,13,39.12615966796875,-1572.9713203453575,0.002009498653933406,17,-183813.58358973783,0.001004749326966703,1575420030,,,,0,,1,52.795997619628906,,,,,,C,
Raw,1697799121999,117306000000,,,-1381834222693988939,0.0,9.21135459830562,,,0,6,0.0,81929,471139928490642,8,30.532644271850586,-566.9767604134977,0.006823545787483454,17,-135842.70754790885,0.003411772893741727,1176450050,,,,0,,1,7.849542140960693,,,,,,Q,
Raw,1697799121999,117306000000,,,-1381834222693988939,0.0,9.21135459830562,,,0,9,0.0,81929,471139930446388,12,29.875152587890625,-674.8547366533894,0.007360117044299841,17,-149304.87175443314,0.0036800585221499205,1176450050,,,,0,,1,7.849542140960693,,,,,,Q,
Raw,1697799121999,117306000000,,,-1381834222693988939,0.0,9.21135459830562,,,0,26,0.0,16392,471139915083464,1000000000,12.537864685058594,-613.812976786206,299792458,20,-552452.4686497329,340282346638528860000000000000000000000,1176450050,,,,1,,1,7.849542140960693,,,,,,Q,
Raw,1697799121999,117306000000,,,-1381834222693988939,0.0,9.21135459830562,,,0,30,0.0,81929,471139924581994,16,31.9761905670166,-1572.9546827950398,0.005778735969215632,17,-371377.86447888834,0.0028893679846078157,1176450050,,,,0,,1,7.849542140960693,,,,,,Q,
Raw,1697799121999,117306000000,,,-1381834222693988939,0.0,9.21135459830562,,,0,10,0.0,227,49921926453789,51,30.971534729003906,-1737.957571369322,0.5570569495847433,20,-208154.8121988775,340282346638528860000000000000000000000,1598062460,,,,0,,3,61.556697845458984,,,,,,C,
Raw,1697799121999,117306000000,,,-1381834222693988939,0.0,9.21135459830562,,,0,6,0.0,16491,1922796307,93,23.425127029418945,-416.13800086973197,0.8957524596405868,20,-42245.736611407665,340282346638528860000000000000000000000,1599750020,,,,0,,3,61.556697845458984,,,,,,C,
Raw,1697799121999,117306000000,,,-1381834222693988939,0.0,9.21135459830562,,,0,22,0.0,227,49921924295024,42,33.153560638427734,-199.4542846417039,0.4585454366251889,20,-23926.65179961071,340282346638528860000000000000000000000,1600312450,,,,0,,3,61.556697845458984,,,,,,C,
Raw,1697799121999,117306000000,,,-1381834222693988939,0.0,9.21135459830562,,,0,9,0.0,227,49921931120914,39,34.29193115234375,-1220.6655105053505,0.003450151300057769,17,-146956.1313838051,0.0017250756500288844,1600875010,,,,0,,3,61.556697845458984,,,,,,C,
Raw,1697799121999,117306000000,,,-1381834222693988939,0.0,9.21135459830562,,,0,16,0.0,227,49921924915464,90,23.86215591430664,-492.6121827331574,0.8764808940631723,20,-59058.675896011875,340282346638528860000000000000000000000,1601437440,,,,0,,3,61.556697845458984,,,,,,C,
Raw,1697799121999,117306000000,,,-1381834222693988939,0.0,9.21135459830562,,,0,101,0.0,16392,49921918648416,1000000000,12.599447250366211,-1587.4508066628523,299792458,18,-56.98319960012647,340282346638528860000000000000000000000,1602562560,,,,0,,3,61.556697845458984,,,,,,C,
Raw,1697799121999,117306000000,,,-1381834222693988939,0.0,9.21135459830562,,,0,24,0.0,227,49921924333347,57,29.51978302001953,-1415.406383370836,0.6219591663749329,20,-169689.07807277492,340282346638528860000000000000000000000,1603124990,,,,0,,3,61.556697845458984,,,,,,C,
Raw,1697799121999,117306000000,,,-1381834222693988939,0.0,9.21135459830562,,,0,23,0.0,227,49921929951366,86,24.397865295410156,-711.3526729649675,0.8532965692827221,20,-82811.76073675661,340282346638528860000000000000000000000,1603687550,,,,0,,3,61.556697845458984,,,,,,C,
Raw,1697799121999,117306000000,,,-1381834222693988939,0.0,9.21135459830562,,,0,7,0.0,227,49921933400754,52,30.595090866088867,-778.3016920744121,0.004966346081346273,17,-90857.72435453931,0.0024831730406731367,1604812540,,,,0,,3,61.556697845458984,,,,,,C,
Raw,1697799121999,117306000000,,,-1381834222693988939,0.0,9.21135459830562,,,0,8,0.0,227,49921931940225,75,26.142301559448242,-1303.2801456143552,0.7752090016781108,20,-150944.63455901574,340282346638528860000000000000000000000,1605374980,,,,0,,3,61.556697845458984,,,,,,C,
Raw,1697799121999,117306000000,,,-1381834222693988939,0.0,9.21135459830562,,,0,5,0.0,809,471125867705729,35,26.87898063659668,-973.8635920686534,0.7402404012857073,20,-111773.30135822142,340282346638528860000000000000000000000,1561097980,,,,0,,5,61.93585968017578,,,,,,C,
Raw,1697799121999,117306000000,,,-1381834222693988939,0.0,9.21135459830562,,,0,9,0.0,16393,471125867326621,19,25.550643920898438,-815.9615477809512,0.8009851907694441,20,456474.01736106153,340282346638528860000000000000000000000,1561097980,,,,0,,5,61.93585968017578,,,,,,C,
Raw,1697799121999,117306000000,,,-1381834222693988939,0.0,9.21135459830562,,,0,19,0.0,65583,471125926172637,9,35.17693328857422,-1133.310558742989,0.0031953263096511364,17,-169930.30244393612,0.0015976631548255682,1561097980,,,,0,,5,61.93585968017578,,,,,,C,
Raw,1697799121999,117306000000,,,-1381834222693988939,0.0,9.21135459830562,,,0,20,0.0,65583,471125924170884,7,37.874393463134766,-665.0083418095601,0.0023422983940690756,17,-78376.72100239962,0.0011711491970345378,1561097980,,,,0,,5,61.93585968017578,,,,,,C,
Raw,1697799121999,117306000000,,,-1381834222693988939,0.0,9.21135459830562,,,0,22,0.0,12,471125916120965,1000000000,13.704212188720703,-1484.7944476161474,299792458,20,-222159.56396746536,340282346638528860000000000000000000000,1561097980,,,,0,,5,61.93585968017578,,,,,,C,
Raw,1697799121999,117306000000,,,-1381834222693988939,0.0,9.21135459830562,,,0,23,0.0,16392,471125908376396,1000000000,7.0,-437.2862673895054,299792458,20,-37253.326407914756,340282346638528860000000000000000000000,1561097980,,,,1,,5,61.93585968017578,,,,,,C,
Raw,1697799121999,117306000000,,,-1381834222693988939,0.0,9.21135459830562,,,0,29,0.0,16392,471125911022449,1000000000,7.0,-394.57048605227146,299792458,18,-8.547252902227338,340282346638528860000000000000000000000,1561097980,,,,0,,5,61.93585968017578,,,,,,C,
Raw,1697799121999,117306000000,,,-1381834222693988939,0.0,9.21135459830562,,,0,35,0.0,65583,471125917521844,22,24.0714054107666,-596.4161321734418,0.8693387555373024,20,474432.1075735792,340282346638528860000000000000000000000,1561097980,,,,1,,5,61.93585968017578,,,,,,C,
Raw,1697799121999,117306000000,,,-1381834222693988939,0.0,9.21135459830562,,,0,36,0.0,65583,471125913073925,57,12.23422622680664,-1644.4269945513388,1.4008432820025902,20,-240326.28118481423,340282346638528860000000000000000000000,1561097980,,,,1,,5,61.93585968017578,,,,,,C,
Raw,1697799121999,117306000000,,,-1381834222693988939,0.0,9.21135459830562,,,0,37,0.0,65583,471125919966328,26,21.86126708984375,-825.0856940517597,0.9691659378561246,20,-119031.14956796533,340282346638528860000000000000000000000,1561097980,,,,1,,5,61.93585968017578,,,,,,C,
Raw,1697799121999,117306000000,,,-1381834222693988939,0.0,9.21135459830562,,,0,3,0.0,83976,471139916308870,1000000000,22.731792449951172,-1323.2114298590686,299792458,20,-97645.90662991747,340282346638528860000000000000000000000,1575420030,,,,0,,6,52.795997619628906,,,,,,C,
Raw,1697799121999,117306000000,,,-1381834222693988939,0.0,9.21135459830562,,,0,5,0.0,16392,471139922138658,1000000000,34.922584533691406,-915.6365780257797,299792458,18,-2.7326745548318043,340282346638528860000000000000000000000,1575420030,,,,0,,6,52.795997619628906,,,,,,C,
Raw,1697799121999,117306000000,,,-1381834222693988939,0.0,9.21135459830562,,,0,9,0.0,83976,471139912469752,1000000000,28.714385986328125,-563.8867450294629,299792458,20,-14574.15345040751,340282346638528860000000000000000000000,1575420030,,,,0,,6,52.795997619628906,,,,,,C,
Raw,1697799121999,117306000000,,,-1381834222693988939,0.0,9.21135459830562,,,0,13,0.0,16392,471139903860669,1000000000,7.0,-1520.30577704622,299792458,18,-8.856027845339785,340282346638528860000000000000000000000,1575420030,,,,0,,6,52.795997619628906,,,,,,C,
Raw,1697799121999,117306000000,,,-1381834222693988939,0.0,9.21135459830562,,,0,15,0.0,83976,471139916122859,1000000000,23.007719039916992,-1155.982312354421,299792458,20,-96183.93222928102,340282346638528860000000000000000000000,1575420030,,,,1,,6,52.795997619628906,,,,,,C,
Raw,1697799121999,117306000000,,,-1381834222693988939,0.0,9.21135459830562,,,0,24,0.0,16392,471139909670440,1000000000,34.55012893676758,-1449.5722737472142,299792458,18,-2.7009485803894466,340282346638528860000000000000000000000,1575420030,,,,0,,6,52.795997619628906,,,,,,C,
Raw,1697799121999,117306000000,,,-1381834222693988939,0.0,9.21135459830562,,,0,31,0.0,83976,471139910032906,1000000000,25.823375701904297,-1081.4850833816013,299792458,20,-55851.695745787845,340282346638528860000000000000000000000,1575420030,,,,0,,6,52.795997619628906,,,,,,C,
Raw,1697799121999,117306000000,,,-1381834222693988939,0.0,9.21135459830562,,,0,3,0.0,16392,471139916308866,1000000000,9.386646270751953,-1329.088608661862,299792458,20,60981.95118766073,340282346638528860000000000000000000000,1176450050,,,,0,,6,7.849542140960693,,,,,,Q,
Raw,1697799121999,117306000000,,,-1381834222693988939,0.0,9.21135459830562,,,0,9,0.0,16426,471139912469748,1000000000,20.015201568603516,-564.4257931618276,299792458,20,-6775.74285083696,340282346638528860000000000000000000000,1176450050,,,,1,,6,7.849542140960693,,,,,,Q,
Raw,1697799121999,117306000000,,,-1381834222693988939,0.0,9.21135459830562,,,0,15,0.0,16392,471139916122830,1000000000,13.988126754760742,-1157.4295897882057,299792458,20,-99905.2059186464,340282346638528860000000000000000000000,1176450050,,,,0,,6,7.849542140960693,,,,,,Q,
Raw,1697799121999,117306000000,,,-1381834222693988939,0.0,9.21135459830562,,,0,31,0.0,84011,471139910032865,128,19.70823097229004,-1080.6159125753566,1.064198677111277,20,-126896.25203191525,340282346638528860000000000000000000000,1176450050,,,,0,,6,7.849542140960693,,,,,,Q,
Raw,1697799122999,118306000000,,,-1381834222693992229,0.0,9.17537459591439,,,0,3,0.0,16392,471140914573804,1000000000,7.0,-327.86174596158776,299792458,18,-9.150722516877488,340282346638528860000000000000000000000,1575420030,,,,0,,1,49.046180725097656,,,,,,C,
Raw,1697799122999,118306000000,,,-1381834222693992229,0.0,9.17537459591439,,,0,4,0.0,47,471140923304969,33,27.560911178588867,-443.4891247567357,0.007174206897616386,17,-52255.67185296757,0.09873393984799063,1575420030,,,,1,,1,49.046180725097656,,,,,,C,
Raw,1697799122999,118306000000,,,-1381834222693992229,0.0,9.17537459591439,,,0,5,0.0,16392,471140916012710,1000000000,14.959912300109863,-1660.6588326352403,299792458,18,-1414.35317838857,340282346638528860000000000000000000000,1575420030,,,,0,,1,49.046180725097656,,,,,,C,
Raw,1697799122999,118306000000,,,-1381834222693992229,0.0,9.17537459591439,,,0,6,0.0,47,471140928492594,18,35.0303840637207,-566.6533478101483,0.003220152808353305,17,-67277.16854715154,0.0016100764041766524,1575420030,,,,0,,1,49.046180725097656,,,,,,C,
Raw,1697799122999,118306000000,,,-1381834222693992229,0.0,9.17537459591439,,,0,7,0.0,47,471140929371609,16,36.41962432861328,-1244.677090615558,0.0027441917918622494,17,-147013.68943702977,0.0013720958959311247,1575420030,,,,0,,1,49.046180725097656,,,,,,C,
Raw,1697799122999,118306000000,,,-1381834222693992229,0.0,9.17537459591439,,,0,9,0.0,47,471140930448677,18,34.8955078125,-674.9788112618407,0.0032705464400351048,17,-79820.98851835751,0.0016352732200175524,1575420030,,,,0,,1,49.046180725097656,,,,,,C,
Raw,1697799122999,118306000000,,,-1381834222693992229,0.0,9.17537459591439,,,0,11,0.0,47,471140927904848,19,34.169185638427734,-1059.218463221201,0.0035557933151721954,17,-125397.53805817812,0.0017778966575860977,1575420030,,,,0,,1,49.046180725097656,,,,,,C,
Raw,1697799122999,118306000000,,,-1381834222693992229,0.0,9.17537459591439,,,0,16,0.0,47,471140918752697,35,26.763484954833984,-971.2851210677763,0.007864031009376049,17,-114220.41557420653,0.09907885190387046,1575420030,,,,0,,1,49.046180725097656,,,,,,C,
Raw,1697799122999,118306000000,,,-1381834222693992229,0.0,9.17537459591439,,,0,20,0.0,47,471140925924522,35,26.97621726989746,-1527.5439088227288,0.0076737659983336926,17,-179945.10606675042,0.09898371939834928,1575420030,,,,0,,1,49.046180725097656,,,,,,C,
Raw,1697799122999,118306000000,,,-1381834222693992229,0.0,9.17537459591439,,,0,26,0.0,16392,471140915085681,1000000000,10.040843963623047,-611.724063025923,299792458,20,-53289.81693765381,340282346638528860000000000000000000000,1575420030,,,,0,,1,49.046180725097656,,,,,,C,
Raw,1697799122999,118306000000,,,-1381834222693992229,0.0,9.17537459591439,,,0,29,0.0,16392,471140914037334,1000000000,7.0,-1098.3182723283912,299792458,18,-29.627075386381527,340282346638528860000000000000000000000,1575420030,,,,0,,1,49.046180725097656,,,,,,C,
Raw,1697799122999,118306000000,,,-1381834222693992229,0.0,9.17537459591439,,,0,30,0.0,47,471140924587260,14,38.331031799316406,-1572.512895841559,0.0022021359764039516,17,-185386.0964855794,0.0011010679882019758,1575420030,,,,0,,1,49.046180725097656,,,,,,C,
Raw,1697799122999,118306000000,,,-1381834222693992229,0.0,9.17537459591439,,,0,6,0.0,81929,471140928492536,11,29.963947296142578,-566.738833687763,0.007285259198397398,17,-136409.44638159662,0.003642629599198699,1176450050,,,,0,,1,8.06670093536377,,,,,,Q,
Raw,1697799122999,118306000000,,,-1381834222693992229,0.0,9.17537459591439,,,0,9,0.0,81929,471140930448635,8,30.707775115966797,-674.9421612699225,0.006687343120574951,17,-149979.81391570307,0.0033436715602874756,1176450050,,,,0,,1,8.06670093536377,,,,,,Q,
Raw,1697799122999,118306000000,,,-1381834222693992229,0.0,9.17537459591439,,,0,26,0.0,16392,471140915085502,1000000000,12.678173065185547,-611.2539977855604,299792458,20,-553063.3904593325,340282346638528860000000000000000000000,1176450050,,,,0,,1,8.06670093536377,,,,,,Q,
Raw,1697799122999,118306000000,,,-1381834222693992229,0.0,9.17537459591439,,,0,30,0.0,81929,471140924587230,16,32.12438201904297,-1572.4426035766373,0.006025589536875486,17,-372950.307082465,0.003012794768437743,1176450050,,,,0,,1,8.06670093536377,,,,,,Q,
Raw,1697799122999,118306000000,,,-1381834222693992229,0.0,9.17537459591439,,,0,10,0.0,227,49922926459599,33,36.59779357910156,-1737.6329700533988,0.30405152509163047,20,-209892.47987352818,340282346638528860000000000000000000000,1598062460,,,,0,,3,61.40491485595703,,,,,,C,
Raw,1697799122999,118306000000,,,-1381834222693992229,0.0,9.17537459591439,,,0,6,0.0,16491,922797716,95,23.217878341674805,-416.2171062513214,0.9050724804517238,20,-42661.98444177656,340282346638528860000000000000000000000,1599750020,,,,0,,3,61.40491485595703,,,,,,C,
Raw,1697799122999,118306000000,,,-1381834222693992229,0.0,9.17537459591439,,,0,22,0.0,227,49922924295708,50,31.042808532714844,-198.92975563581786,0.553463646844311,20,-24125.553012189,340282346638528860000000000000000000000,1600312450,,,,0,,3,61.40491485595703,,,,,,C,
Raw,1697799122999,118306000000,,,-1381834222693992229,0.0,9.17537459591439,,,0,9,0.0,227,49922931124931,33,38.16796112060547,-1220.5846162809175,0.0022081907372921705,17,-148176.71600008602,0.0011040953686460853,1600875010,,,,0,,3,61.40491485595703,,,,,,C,
Raw,1697799122999,118306000000,,,-1381834222693992229,0.0,9.17537459591439,,,0,16,0.0,227,49922924917127,87,24.26468849182129,-493.1581496041963,0.8583797812846652,20,-59552.200269075896,340282346638528860000000000000000000000,1601437440,,,,0,,3,61.40491485595703,,,,,,C,
Raw,1697799122999,118306000000,,,-1381834222693992229,0.0,9.17537459591439,,,0,101,0.0,16392,49922918653720,1000000000,15.110391616821289,-1587.1773290317133,299792458,18,-56.95343177339028,340282346638528860000000000000000000000,1602562560,,,,0,,3,61.40491485595703,,,,,,C,
Raw,1697799122999,118306000000,,,-1381834222693992229,0.0,9.17537459591439,,,0,24,0.0,227,49922924338121,53,30.412282943725586,-1415.177894582307,0.5818252765022804,20,-171104.3463708234,340282346638528860000000000000000000000,1603124990,,,,0,,3,61.40491485595703,,,,,,C,
Raw,1697799122999,118306000000,,,-1381834222693992229,0.0,9.17537459591439,,,0,23,0.0,227,49922929953831,94,23.33715057373047,-710.6670702695546,0.9009961653977574,20,-83522.3733162514,340282346638528860000000000000000000000,1603687550,,,,0,,3,61.40491485595703,,,,,,C,
Raw,1697799122999,118306000000,,,-1381834222693992229,0.0,9.17537459591439,,,0,7,0.0,227,49922933403232,42,33.18552017211914,-778.3656172491173,0.003909234888851643,17,-91636.08997178843,0.0019546174444258213,1604812540,,,,0,,3,61.40491485595703,,,,,,C,
Raw,1697799122999,118306000000,,,-1381834222693992229,0.0,9.17537459591439,,,0,8,0.0,227,49922931944692,60,28.941614151000977,-1303.394935327924,0.649327778366537,20,-152247.7068294443,340282346638528860000000000000000000000,1605374980,,,,0,,3,61.40491485595703,,,,,,C,
Raw,1697799122999,118306000000,,,-1381834222693992229,0.0,9.17537459591439,,,0,5,0.0,809,471126867709026,36,26.41979217529297,-973.8957659076109,0.7608902427660609,20,-112756.52229390122,340282346638528860000000000000000000000,1561097980,,,,0,,5,61.833412170410156,,,,,,C,
Raw,1697799122999,118306000000,,,-1381834222693992229,0.0,9.17537459591439,,,0,9,0.0,16393,471126867329318,20,25.383441925048828,-815.480167165023,0.808504699307087,20,455658.6362857962,340282346638528860000000000000000000000,1561097980,,,,0,,5,61.833412170410156,,,,,,C,
Raw,1697799122999,118306000000,,,-1381834222693992229,0.0,9.17537459591439,,,0,19,0.0,65583,471126926176397,9,34.89082336425781,-1133.368145933142,0.0033023320138454437,17,-171063.67058986926,0.0016511660069227219,1561097980,,,,0,,5,61.833412170410156,,,,,,C,
Raw,1697799122999,118306000000,,,-1381834222693992229,0.0,9.17537459591439,,,0,20,0.0,65583,471126924173111,7,38.1529426574707,-665.1017605442466,0.0022683744318783283,17,-79041.82276294386,0.0011341872159391642,1561097980,,,,0,,5,61.833412170410156,,,,,,C,
Raw,1697799122999,118306000000,,,-1381834222693992229,0.0,9.17537459591439,,,0,22,0.0,12,471126916125922,1000000000,12.772668838500977,-1485.3358133555557,299792458,20,-223644.29615788086,340282346638528860000000000000000000000,1561097980,,,,0,,5,61.833412170410156,,,,,,C,
Raw,1697799122999,118306000000,,,-1381834222693992229,0.0,9.17537459591439,,,0,23,0.0,16392,471126908377855,1000000000,7.0,-437.2862673895054,299792458,20,-37690.31584315494,340282346638528860000000000000000000000,1561097980,,,,1,,5,61.833412170410156,,,,,,C,
Raw,1697799122999,118306000000,,,-1381834222693992229,0.0,9.17537459591439,,,0,29,0.0,16392,471126911023771,1000000000,17.046995162963867,-394.57048605227146,299792458,18,-8.55650968733527,340282346638528860000000000000000000000,1561097980,,,,0,,5,61.833412170410156,,,,,,C,
Raw,1697799122999,118306000000,,,-1381834222693992229,0.0,9.17537459591439,,,0,35,0.0,65583,471126917523783,25,22.478839874267578,-595.6294409119823,0.940954983276943,20,473835.3943607279,340282346638528860000000000000000000000,1561097980,,,,1,,5,61.833412170410156,,,,,,C,
Raw,1697799122999,118306000000,,,-1381834222693992229,0.0,9.17537459591439,,,0,36,0.0,65583,471126913079426,52,13.29780387878418,-1644.2159559805496,1.3530164092139776,20,-241970.65444523847,340282346638528860000000000000000000000,1561097980,,,,1,,5,61.833412170410156,,,,,,C,
Raw,1697799122999,118306000000,,,-1381834222693992229,0.0,9.17537459591439,,,0,37,0.0,12,471126919968788,1000000000,20.90484619140625,-825.646486791386,299792458,20,-119856.49041617484,340282346638528860000000000000000000000,1561097980,,,,1,,5,61.833412170410156,,,,,,C,
Raw,1697799122999,118306000000,,,-1381834222693992229,0.0,9.17537459591439,,,0,3,0.0,83976,471140916313318,1000000000,24.138742446899414,-1323.537803462731,299792458,20,-98968.71203469628,340282346638528860000000000000000000000,1575420030,,,,1,,6,49.046180725097656,,,,,,C,
Raw,1697799122999,118306000000,,,-1381834222693992229,0.0,9.17537459591439,,,0,5,0.0,16392,471140922141711,1000000000,32.932498931884766,-915.2652837444202,299792458,18,-2.753424801205018,340282346638528860000000000000000000000,1575420030,,,,0,,6,49.046180725097656,,,,,,C,
Raw,1697799122999,118306000000,,,-1381834222693992229,0.0,9.17537459591439,,,0,9,0.0,83976,471140912471609,1000000000,27.833431243896484,-563.7184799416098,299792458,20,-15138.219842057983,340282346638528860000000000000000000000,1575420030,,,,0,,6,49.046180725097656,,,,,,C,
Raw,1697799122999,118306000000,,,-1381834222693992229,0.0,9.17537459591439,,,0,13,0.0,16392,471140903865743,1000000000,14.260283470153809,-1519.9344145999476,299792458,18,-8.890591697038868,340282346638528860000000000000000000000,1575420030,,,,0,,6,49.046180725097656,,,,,,C,
Raw,1697799122999,118306000000,,,-1381834222693992229,0.0,9.17537459591439,,,0,15,0.0,83976,471140916126669,1000000000,23.687286376953125,-1156.5929336454838,299792458,20,-97342.01469913412,340282346638528860000000000000000000000,1575420030,,,,1,,6,49.046180725097656,,,,,,C,
Raw,1697799122999,118306000000,,,-1381834222693992229,0.0,9.17537459591439,,,0,24,0.0,16392,471140909675277,1000000000,33.69171905517578,-1449.2009113009417,299792458,18,-2.734596640826284,340282346638528860000000000000000000000,1575420030,,,,0,,6,49.046180725097656,,,,,,C,
Raw,1697799122999,118306000000,,,-1381834222693992229,0.0,9.17537459591439,,,0,31,0.0,83976,471140910036486,1000000000,26.48751449584961,-1078.8801612295629,299792458,20,-56930.66270614988,340282346638528860000000000000000000000,1575420030,,,,0,,6,49.046180725097656,,,,,,C,
Raw,1697799122999,118306000000,,,-1381834222693992229,0.0,9.17537459591439,,,0,3,0.0,16392,471140916313234,1000000000,13.91158676147461,-1322.615941178702,299792458,20,59659.438177900854,340282346638528860000000000000000000000,1176450050,,,,1,,6,8.06670093536377,,,,,,Q,
Raw,1697799122999,118306000000,,,-1381834222693992229,0.0,9.17537459591439,,,0,9,0.0,84011,471140912471649,26,25.318763732910156,-564.3689700642299,0.012436671182513237,17,-7340.11182090119,0.0062183355912566185,1176450050,,,,1,,6,8.06670093536377,,,,,,Q,
Raw,1697799122999,118306000000,,,-1381834222693992229,0.0,9.17537459591439,,,0,15,0.0,16392,471140916126671,1000000000,13.329488754272461,-1157.594548877776,299792458,20,-101063.64776930526,340282346638528860000000000000000000000,1176450050,,,,0,,6,8.06670093536377,,,,,,Q,
Raw,1697799122999,118306000000,,,-1381834222693992229,0.0,9.17537459591439,,,0,31,0.0,84011,471140910036460,61,23.57627296447754,-1079.7712129728952,0.8902579283049437,20,-127976.87277182582,340282346638528860000000000000000000000,1176450050,,,,0,,6,8.06670093536377,,,,,,Q,
Raw,1697799123999,119306000000,,,-1381834222693995511,0.0,9.465597270257623,,,0,3,0.0,16392,471141914574904,1000000000,7.0,-328.0473931022675,299792458,18,-9.14049138598941,340282346638528860000000000000000000000,1575420030,,,,0,,1,52.795997619628906,,,,,,C,
Raw,1697799123999,119306000000,,,-1381834222693995511,0.0,9.465597270257623,,,0,4,0.0,47,471141923306641,35,26.973495483398438,-443.61159641311724,0.7362781825803348,20,-52699.20484731876,340282346638528860000000000000000000000,1575420030,,,,1,,1,52.795997619628906,,,,,,C,
Raw,1697799123999,119306000000,,,-1381834222693995511,0.0,9.465597270257623,,,0,5,0.0,16392,471141916018255,1000000000,7.0,-1661.0301950815128,299792458,18,-1414.2941658682012,340282346638528860000000000000000000000,1575420030,,,,0,,1,52.795997619628906,,,,,,C,
Raw,1697799123999,119306000000,,,-1381834222693995511,0.0,9.465597270257623,,,0,6,0.0,47,471141928494446,18,35.19084167480469,-566.5602129301551,0.0031612117309123278,17,-67843.72876008169,0.0015806058654561639,1575420030,,,,0,,1,52.795997619628906,,,,,,C,
Raw,1697799123999,119306000000,,,-1381834222693995511,0.0,9.465597270257623,,,0,7,0.0,47,471141929375720,15,37.199676513671875,-1244.6412391116319,0.00250848731957376,17,-148258.3306761414,0.00125424365978688,1575420030,,,,0,,1,52.795997619628906,,,,,,C,
Raw,1697799123999,119306000000,,,-1381834222693995511,0.0,9.465597270257623,,,0,9,0.0,47,471141930450857,24,31.393512725830078,-674.4917209423293,0.004614703357219696,17,-80495.48023929984,0.002307351678609848,1575420030,,,,1,,1,52.795997619628906,,,,,,C,
Raw,1697799123999,119306000000,,,-1381834222693995511,0.0,9.465597270257623,,,0,11,0.0,47,471141927908347,21,33.2147216796875,-1059.1603717494872,0.0039688036777079105,17,-126456.69842992761,0.0019844018388539553,1575420030,,,,0,,1,52.795997619628906,,,,,,C,
Raw,1697799123999,119306000000,,,-1381834222693995511,0.0,9.465597270257623,,,0,16,0.0,47,471141918755978,30,28.762353897094727,-971.3895790402021,0.006247434765100479,17,-115191.80515324674,0.09827055378173268,1575420030,,,,0,,1,52.795997619628906,,,,,,C,
Raw,1697799123999,119306000000,,,-1381834222693995511,0.0,9.465597270257623,,,0,20,0.0,47,471141925929557,33,27.419658660888672,-1527.5294740225945,0.007291830610483885,17,-181472.63554077302,0.09879275170442438,1575420030,,,,1,,1,52.795997619628906,,,,,,C,
Raw,1697799123999,119306000000,,,-1381834222693995511,0.0,9.465597270257623,,,0,26,0.0,16392,471141915087726,1000000000,9.653547286987305,-611.1671556863403,299792458,20,-53901.47890579565,340282346638528860000000000000000000000,1575420030,,,,0,,1,52.795997619628906,,,,,,C,
Raw,1697799123999,119306000000,,,-1381834222693995511,0.0,9.465597270257623,,,0,29,0.0,16392,471141914041005,1000000000,14.640243530273438,-1098.875247832887,299792458,18,-29.59189585247171,340282346638528860000000000000000000000,1575420030,,,,0,,1,52.795997619628906,,,,,,C,
Raw,1697799123999,119306000000,,,-1381834222693995511,0.0,9.465597270257623,,,0,30,0.0,47,471141924592508,17,35.735687255859375,-1572.477322058956,0.002969007473438978,17,-186958.57380763834,0.001484503736719489,1575420030,,,,0,,1,52.795997619628906,,,,,,C,
Raw,1697799123999,119306000000,,,-1381834222693995511,0.0,9.465597270257623,,,0,6,0.0,81929,471141928494414,18,27.970012664794922,-566.7770294446382,0.009165193885564804,17,-136976.22341104125,0.004582596942782402,1176450050,,,,0,,1,9.983428001403809,,,,,,Q,
Raw,1697799123999,119306000000,,,-1381834222693995511,0.0,9.465597270257623,,,0,9,0.0,81929,471141930450880,14,28.921987533569336,-675.0103936882806,0.008213777095079422,17,-150654.82430939135,0.004106888547539711,1176450050,,,,0,,1,9.983428001403809,,,,,,Q,
Raw,1697799123999,119306000000,,,-1381834222693995511,0.0,9.465597270257623,,,0,26,0.0,16392,471141915087536,1000000000,9.665830612182617,-612.0454605909331,299792458,20,-553674.8913423914,340282346638528860000000000000000000000,1176450050,,,,0,,1,9.983428001403809,,,,,,Q,
Raw,1697799123999,119306000000,,,-1381834222693995511,0.0,9.465597270257623,,,0,30,0.0,81929,471141924592465,16,34.16611099243164,-1573.533576366328,0.41306562690944637,20,-374522.8553158208,340282346638528860000000000000000000000,1176450050,,,,1,,1,9.983428001403809,,,,,,Q,
Raw,1697799123999,119306000000,,,-1381834222693995511,0.0,9.465597270257623,,,0,10,0.0,227,49923926465352,34,35.88608169555664,-1737.6805445327482,0.002876697340980172,17,-211630.16041806093,0.001438348670490086,1598062460,,,,0,,3,61.556697845458984,,,,,,C,
Raw,1697799123999,119306000000,,,-1381834222693995511,0.0,9.465597270257623,,,0,6,0.0,16491,1922799157,81,25.10171890258789,-416.6024084223118,0.8203585377453417,20,-43078.52298525245,340282346638528860000000000000000000000,1599750020,,,,0,,3,61.556697845458984,,,,,,C,
Raw,1697799123999,119306000000,,,-1381834222693995511,0.0,9.465597270257623,,,0,22,0.0,227,49923924296340,61,28.618511199951172,-198.5410452191752,0.6624816095654049,20,-24324.44347354006,340282346638528860000000000000000000000,1600312450,,,,0,,3,61.556697845458984,,,,,,C,
Raw,1697799123999,119306000000,,,-1381834222693995511,0.0,9.465597270257623,,,0,9,0.0,227,49923931129053,39,34.27299880981445,-1220.5353974305908,0.003457678947597742,17,-149397.2513975166,0.001728839473798871,1600875010,,,,0,,3,61.556697845458984,,,,,,C,
Raw,1697799123999,119306000000,,,-1381834222693995511,0.0,9.465597270257623,,,0,16,0.0,227,49923924918785,79,25.511354446411133,-494.2572747446004,0.8023189331500906,20,-60045.98107931117,340282346638528860000000000000000000000,1601437440,,,,0,,3,61.556697845458984,,,,,,C,
Raw,1697799123999,119306000000,,,-1381834222693995511,0.0,9.465597270257623,,,0,101,0.0,16392,49923918659018,1000000000,15.67086410522461,-1587.4508066628523,299792458,18,-56.933494682506996,340282346638528860000000000000000000000,1602562560,,,,0,,3,61.556697845458984,,,,,,C,
Raw,1697799123999,119306000000,,,-1381834222693995511,0.0,9.465597270257623,,,0,24,0.0,227,49923924342874,57,29.58182144165039,-1415.278006108856,0.005586726125329733,17,-172519.62437693225,0.0027933630626648664,1603124990,,,,0,,3,61.556697845458984,,,,,,C,
Raw,1697799123999,119306000000,,,-1381834222693995511,0.0,9.465597270257623,,,0,23,0.0,227,49923929956003,82,24.956941604614258,-710.8415724469514,0.8281564307227862,20,-84233.20058671357,340282346638528860000000000000000000000,1603687550,,,,0,,3,61.556697845458984,,,,,,C,
Raw,1697799123999,119306000000,,,-1381834222693995511,0.0,9.465597270257623,,,0,7,0.0,227,49923933405907,52,30.63007164001465,-778.5977005090376,0.5736626612996631,20,-92414.3571812956,340282346638528860000000000000000000000,1604812540,,,,0,,3,61.556697845458984,,,,,,C,
Raw,1697799123999,119306000000,,,-1381834222693995511,0.0,9.465597270257623,,,0,8,0.0,227,49923931949006,65,27.886323928833008,-1302.9224161506918,0.6967838713058683,20,-153550.71670332694,340282346638528860000000000000000000000,1605374980,,,,0,,3,61.556697845458984,,,,,,C,
Raw,1697799123999,119306000000,,,-1381834222693995511,0.0,9.465597270257623,,,0,5,0.0,809,471127867712255,25,30.830150604248047,-973.8263740261305,0.5625619652698051,20,-113740.6092054113,340282346638528860000000000000000000000,1561097980,,,,0,,5,61.848121643066406,,,,,,C,
Raw,1697799123999,119306000000,,,-1381834222693995511,0.0,9.465597270257623,,,0,9,0.0,16393,471127867332037,22,24.017292022705078,-815.1324579435773,0.8699393256989212,20,454843.22137979814,340282346638528860000000000000000000000,1561097980,,,,0,,5,61.848121643066406,,,,,,C,
Raw,1697799123999,119306000000,,,-1381834222693995511,0.0,9.465597270257623,,,0,19,0.0,65583,471127926180183,9,34.7763557434082,-1133.3857711397868,0.0033461397979408503,17,-172197.05636100905,0.0016730698989704251,1561097980,,,,0,,5,61.848121643066406,,,,,,C,
Raw,1697799123999,119306000000,,,-1381834222693995511,0.0,9.465597270257623,,,0,20,0.0,65583,471127924175327,9,34.91738510131836,-665.1251243022998,0.0032922483514994383,17,-79706.94788724616,0.0016461241757497191,1561097980,,,,0,,5,61.848121643066406,,,,,,C,
Raw,1697799123999,119306000000,,,-1381834222693995511,0.0,9.465597270257623,,,0,22,0.0,12,471127916130881,1000000000,7.8777923583984375,-1485.8998098460952,299792458,20,-225128.7286294024,340282346638528860000000000000000000000,1561097980,,,,0,,5,61.848121643066406,,,,,,C,
Raw,1697799123999,119306000000,,,-1381834222693995511,0.0,9.465597270257623,,,0,23,0.0,16392,471127908379319,1000000000,7.0,-436.9115648624936,299792458,20,-38127.521171077824,340282346638528860000000000000000000000,1561097980,,,,1,,5,61.848121643066406,,,,,,C,
Raw,1697799123999,119306000000,,,-1381834222693995511,0.0,9.465597270257623,,,0,29,0.0,16392,471127911025092,1000000000,7.85713005065918,-394.57048605227146,299792458,18,-8.541081712147669,340282346638528860000000000000000000000,1561097980,,,,0,,5,61.848121643066406,,,,,,C,
Raw,1697799123999,119306000000,,,-1381834222693995511,0.0,9.465597270257623,,,0,35,0.0,65583,471127917525764,25,22.168102264404297,-596.4613255107911,0.9549289235858911,20,473238.6861399767,340282346638528860000000000000000000000,1561097980,,,,1,,5,61.848121643066406,,,,,,C,
Raw,1697799123999,119306000000,,,-1381834222693995511,0.0,9.465597270257623,,,0,36,0.0,65583,471127913084950,44,15.437337875366211,-1645.776659829642,1.2568049628149787,20,-243614.9697944654,340282346638528860000000000000000000000,1561097980,,,,1,,5,61.848121643066406,,,,,,C,
Raw,1697799123999,119306000000,,,-1381834222693995511,0.0,9.465597270257623,,,0,37,0.0,65583,471127919971783,19,25.809343338012695,-823.3262213162261,0.7916264277909315,20,-120681.8687035047,340282346638528860000000000000000000000,1561097980,,,,1,,5,61.848121643066406,,,,,,C,
Raw,1697799123999,119306000000,,,-1381834222693995511,0.0,9.465597270257623,,,0,3,0.0,83976,471141916317687,1000000000,23.95197296142578,-1324.438534623716,299792458,20,-100291.0341743522,340282346638528860000000000000000000000,1575420030,,,,1,,6,52.795997619628906,,,,,,C,
Raw,1697799123999,119306000000,,,-1381834222693995511,0.0,9.465597270257623,,,0,5,0.0,16392,471141922144771,1000000000,36.486671447753906,-915.6365780257797,299792458,18,-2.775636972931069,340282346638528860000000000000000000000,1575420030,,,,0,,6,52.795997619628906,,,,,,C,
Raw,1697799123999,119306000000,,,-1381834222693995511,0.0,9.465597270257623,,,0,9,0.0,83976,471141912473561,1000000000,31.55736541748047,-564.1898743977767,299792458,20,-15702.65979459433,340282346638528860000000000000000000000,1575420030,,,,0,,6,52.795997619628906,,,,,,C,
Raw,1697799123999,119306000000,,,-1381834222693995511,0.0,9.465597270257623,,,0,13,0.0,16392,471141903870823,1000000000,15.922470092773438,-1520.4913219395303,299792458,18,-8.927916858118255,340282346638528860000000000000000000000,1575420030,,,,0,,6,52.795997619628906,,,,,,C,
Raw,1697799123999,119306000000,,,-1381834222693995511,0.0,9.465597270257623,,,0,15,0.0,83976,471141916130610,1000000000,24.339387893676758,-1158.3928963393664,299792458,20,-98500.55433330161,340282346638528860000000000000000000000,1575420030,,,,1,,6,52.795997619628906,,,,,,C,
Raw,1697799123999,119306000000,,,-1381834222693995511,0.0,9.465597270257623,,,0,24,0.0,16392,471141909680116,1000000000,36.94078826904297,-1449.5722737472142,299792458,18,-2.768963701364966,340282346638528860000000000000000000000,1575420030,,,,0,,6,52.795997619628906,,,,,,C,
Raw,1697799123999,119306000000,,,-1381834222693995511,0.0,9.465597270257623,,,0,31,0.0,83976,471141910040143,1000000000,24.675771713256836,-1080.2029013672131,299792458,20,-58011.55849191101,340282346638528860000000000000000000000,1575420030,,,,0,,6,52.795997619628906,,,,,,C,
Raw,1697799123999,119306000000,,,-1381834222693995511,0.0,9.465597270257623,,,0,3,0.0,16392,471141916317651,1000000000,15.52278995513916,-1322.6110333049628,299792458,20,58335.57455241238,340282346638528860000000000000000000000,1176450050,,,,0,,6,9.983428001403809,,,,,,Q,
Raw,1697799123999,119306000000,,,-1381834222693995511,0.0,9.465597270257623,,,0,9,0.0,84011,471141912473535,34,22.96297836303711,-564.4677010813884,0.016311481595039368,17,-7904.579521982579,0.008155740797519684,1176450050,,,,1,,6,9.983428001403809,,,,,,Q,
Raw,1697799123999,119306000000,,,-1381834222693995511,0.0,9.465597270257623,,,0,15,0.0,16392,471141916130524,1000000000,14.68692398071289,-1157.2400913299389,299792458,20,-102221.8124456002,340282346638528860000000000000000000000,1176450050,,,,0,,6,9.983428001403809,,,,,,Q,
Raw,1697799123999,119306000000,,,-1381834222693995511,0.0,9.465597270257623,,,0,31,0.0,84011,471141910040084,53,22.09608268737793,-1080.0988135449925,0.9568210324612902,20,-129057.09363612044,340282346638528860000000000000000000000,1176450050,,,,0,,6,9.983428001403809,,,,,,Q,
Raw,1697799124999,120306000000,,,-1381834222693998799,0.0,9.42486547717881,,,0,3,0.0,16392,471142914575992,1000000000,7.0,-328.0473931022675,299792458,18,-9.148187512516039,340282346638528860000000000000000000000,1575420030,,,,0,,1,52.81098556518555,,,,,,C,
Raw,1697799124999,120306000000,,,-1381834222693998799,0.0,9.42486547717881,,,0,4,0.0,47,471142923308048,27,30.047691345214844,-443.69319893576903,0.005388091318309308,17,-53142.89804625453,0.09784088205833709,1575420030,,,,0,,1,52.81098556518555,,,,,,C,
Raw,1697799124999,120306000000,,,-1381834222693998799,0.0,9.42486547717881,,,0,5,0.0,16392,471142916023792,1000000000,15.111336708068848,-1661.0301950815128,299792458,18,-1414.3331343174955,340282346638528860000000000000000000000,1575420030,,,,0,,1,52.81098556518555,,,,,,C,
Raw,1697799124999,120306000000,,,-1381834222693998799,0.0,9.42486547717881,,,0,6,0.0,47,471142928496323,19,34.2648811340332,-566.916436837145,0.40932627551743006,20,-68410.06033945047,340282346638528860000000000000000000000,1575420030,,,,0,,1,52.81098556518555,,,,,,C,
Raw,1697799124999,120306000000,,,-1381834222693998799,0.0,9.42486547717881,,,0,7,0.0,47,471142929379919,16,36.53742599487305,-1244.774691474886,0.002707225503399968,17,-149503.10536761628,0.001353612751699984,1575420030,,,,0,,1,52.81098556518555,,,,,,C,
Raw,1697799124999,120306000000,,,-1381834222693998799,0.0,9.42486547717881,,,0,9,0.0,47,471142930453118,24,31.482067108154297,-674.8873074119083,0.5348182132709074,20,-81170.69690840131,340282346638528860000000000000000000000,1575420030,,,,0,,1,52.81098556518555,,,,,,C,
Raw,1697799124999,120306000000,,,-1381834222693998799,0.0,9.42486547717881,,,0,11,0.0,47,471142927911901,21,33.21743392944336,-1059.2393479711463,0.0037406552582979207,17,-127515.93777789875,0.0018703276291489601,1575420030,,,,1,,1,52.81098556518555,,,,,,C,
Raw,1697799124999,120306000000,,,-1381834222693998799,0.0,9.42486547717881,,,0,16,0.0,47,471142918759213,28,29.653146743774414,-971.3046448949318,0.005638481583446264,17,-116163.10979814167,0.09796607719090557,1575420030,,,,0,,1,52.81098556518555,,,,,,C,
Raw,1697799124999,120306000000,,,-1381834222693998799,0.0,9.42486547717881,,,0,20,0.0,47,471142925934643,30,28.879505157470703,-1527.8045923051252,0.006163739133626223,17,-183000.44013307814,0.09822870596599555,1575420030,,,,0,,1,52.81098556518555,,,,,,C,
Raw,1697799124999,120306000000,,,-1381834222693998799,0.0,9.42486547717881,,,0,26,0.0,16392,471142915089765,1000000000,10.947433471679688,-611.9097442490593,299792458,20,-54514.072903064836,340282346638528860000000000000000000000,1575420030,,,,0,,1,52.81098556518555,,,,,,C,
Raw,1697799124999,120306000000,,,-1381834222693998799,0.0,9.42486547717881,,,0,29,0.0,16392,471142914044667,1000000000,7.0,-1098.875247832887,299792458,18,-29.617675916879712,340282346638528860000000000000000000000,1575420030,,,,0,,1,52.81098556518555,,,,,,C,
Raw,1697799124999,120306000000,,,-1381834222693998799,0.0,9.42486547717881,,,0,30,0.0,47,471142924597750,14,38.37882995605469,-1572.6702747204106,0.0021900509018450975,17,-188531.24408235875,0.0010950254509225488,1575420030,,,,0,,1,52.81098556518555,,,,,,C,
Raw,1697799124999,120306000000,,,-1381834222693998799,0.0,9.42486547717881,,,0,6,0.0,81929,471142928496304,10,31.822790145874023,-566.5639209254587,0.005881698336452246,17,-137542.7873319667,0.002940849168226123,1176450050,,,,0,,1,10.565475463867188,,,,,,Q,
Raw,1697799124999,120306000000,,,-1381834222693998799,0.0,9.42486547717881,,,0,9,0.0,81929,471142930453148,25,26.150115966796875,-674.9479741845189,0.7745900589422727,20,-151329.86154229264,340282346638528860000000000000000000000,1176450050,,,,0,,1,10.565475463867188,,,,,,Q,
Raw,1697799124999,120306000000,,,-1381834222693998799,0.0,9.42486547717881,,,0,26,0.0,16392,471142915089573,1000000000,12.636001586914062,-612.0357811732806,299792458,20,-554289.0714267323,340282346638528860000000000000000000000,1176450050,,,,0,,1,10.565475463867188,,,,,,Q,
Raw,1697799124999,120306000000,,,-1381834222693998799,0.0,9.42486547717881,,,0,30,0.0,81929,471142924597723,11,37.74671173095703,-1572.6729534306796,0.0031541550997644663,17,-376095.52826925146,0.0015770775498822331,1176450050,,,,0,,1,10.565475463867188,,,,,,Q,
Raw,1697799124999,120306000000,,,-1381834222693998799,0.0,9.42486547717881,,,0,10,0.0,227,49924926471190,36,35.28533935546875,-1737.8327573428105,0.0030827007722109556,17,-213367.99317540374,0.0015413503861054778,1598062460,,,,0,,3,63.903690338134766,,,,,,C,
Raw,1697799124999,120306000000,,,-1381834222693998799,0.0,9.42486547717881,,,0,6,0.0,16491,922800565,82,24.985244750976562,-416.91119547840844,0.8255965852821912,20,-43495.08610882656,340282346638528860000000000000000000000,1599750020,,,,0,,3,63.903690338134766,,,,,,C,
Raw,1697799124999,120306000000,,,-1381834222693998799,0.0,9.42486547717881,,,0,22,0.0,227,49924924296992,71,26.865558624267578,-199.15896015593376,0.7413101377628979,20,-24523.66002329279,340282346638528860000000000000000000000,1600312450,,,,0,,3,63.903690338134766,,,,,,C,
Raw,1697799124999,120306000000,,,-1381834222693998799,0.0,9.42486547717881,,,0,9,0.0,227,49924931133238,34,35.883140563964844,-1220.5367805628339,0.002872616518288851,17,-150617.78817807944,0.0014363082591444254,1600875010,,,,0,,3,63.903690338134766,,,,,,C,
Raw,1697799124999,120306000000,,,-1381834222693998799,0.0,9.42486547717881,,,0,16,0.0,227,49924924920496,93,23.419395446777344,-493.40330471396487,0.8963922379406664,20,-60539.08140141515,340282346638528860000000000000000000000,1601437440,,,,0,,3,63.903690338134766,,,,,,C,
Raw,1697799124999,120306000000,,,-1381834222693998799,0.0,9.42486547717881,,,0,101,0.0,16392,49924918664308,1000000000,18.06134033203125,-1587.3597383390234,299792458,18,-56.907008812457605,340282346638528860000000000000000000000,1602562560,,,,0,,3,63.903690338134766,,,,,,C,
Raw,1697799124999,120306000000,,,-1381834222693998799,0.0,9.42486547717881,,,0,24,0.0,227,49924924347614,61,28.674942016601562,-1415.487090627882,0.6599532504567147,20,-173935.02021653313,340282346638528860000000000000000000000,1603124990,,,,0,,3,63.903690338134766,,,,,,C,
Raw,1697799124999,120306000000,,,-1381834222693998799,0.0,9.42486547717881,,,0,23,0.0,227,49924929958419,111,22.474023818969727,-710.7130134209474,299.7942636132925,20,-84943.91365981786,340282346638528860000000000000000000000,1603687550,,,,0,,3,63.903690338134766,,,,,,C,
Raw,1697799124999,120306000000,,,-1381834222693998799,0.0,9.42486547717881,,,0,7,0.0,227,49924933408463,53,30.398910522460938,-778.4395869312866,0.005079792812466621,17,-93192.7967682269,0.0025398964062333107,1604812540,,,,0,,3,63.903690338134766,,,,,,C,
Raw,1697799124999,120306000000,,,-1381834222693998799,0.0,9.42486547717881,,,0,8,0.0,227,49924931953326,65,27.851478576660156,-1303.2072539768415,0.006808718200773001,17,-154853.92395730378,0.0034043591003865004,1605374980,,,,0,,3,63.903690338134766,,,,,,C,
Raw,1697799124999,120306000000,,,-1381834222693998799,0.0,9.42486547717881,,,0,5,0.0,809,471128867715517,24,31.688657760620117,-973.9531607643953,0.5239564272731985,20,-114725.5180405548,340282346638528860000000000000000000000,1561097980,,,,0,,5,62.02272033691406,,,,,,C,
Raw,1697799124999,120306000000,,,-1381834222693998799,0.0,9.42486547717881,,,0,9,0.0,16393,471128867334784,23,23.12874412536621,-816.0172385149094,0.9098968122321489,20,454027.6922369764,340282346638528860000000000000000000000,1561097980,,,,1,,5,62.02272033691406,,,,,,C,
Raw,1697799124999,120306000000,,,-1381834222693998799,0.0,9.42486547717881,,,0,19,0.0,65583,471128926183952,8,36.108299255371094,-1133.3831258531427,0.002870430238544941,17,-173330.4394868622,0.0014352151192724705,1561097980,,,,0,,5,62.02272033691406,,,,,,C,
Raw,1697799124999,120306000000,,,-1381834222693998799,0.0,9.42486547717881,,,0,20,0.0,65583,471128924177544,10,33.404605865478516,-665.27398401752,0.003694497514516115,17,-80372.22187126368,0.0018472487572580576,1561097980,,,,0,,5,62.02272033691406,,,,,,C,
Raw,1697799124999,120306000000,,,-1381834222693998799,0.0,9.42486547717881,,,0,22,0.0,12,471128916135832,1000000000,15.922659873962402,-1485.3524455943389,299792458,20,-226614.35164108677,340282346638528860000000000000000000000,1561097980,,,,0,,5,62.02272033691406,,,,,,C,
Raw,1697799124999,120306000000,,,-1381834222693998799,0.0,9.42486547717881,,,0,23,0.0,16392,471128908380774,1000000000,7.0,-437.2862673895054,299792458,20,-38564.810403734205,340282346638528860000000000000000000000,1561097980,,,,1,,5,62.02272033691406,,,,,,C,
Raw,1697799124999,120306000000,,,-1381834222693998799,0.0,9.42486547717881,,,0,29,0.0,16392,471128911026403,1000000000,7.0,-394.57048605227146,299792458,18,-8.55033849727582,340282346638528860000000000000000000000,1561097980,,,,0,,5,62.02272033691406,,,,,,C,
Raw,1697799124999,120306000000,,,-1381834222693998799,0.0,9.42486547717881,,,0,35,0.0,65583,471128917527821,26,21.99029541015625,-596.4172909769636,0.9629249874091723,20,472641.87124284345,340282346638528860000000000000000000000,1561097980,,,,0,,5,62.02272033691406,,,,,,C,
Raw,1697799124999,120306000000,,,-1381834222693998799,0.0,9.42486547717881,,,0,36,0.0,65583,471128913090449,45,15.218870162963867,-1644.2623081214206,1.2666301628498493,20,-245259.69869224628,340282346638528860000000000000000000000,1561097980,,,,1,,5,62.02272033691406,,,,,,C,
Raw,1697799124999,120306000000,,,-1381834222693998799,0.0,9.42486547717881,,,0,37,0.0,65583,471128919974522,16,28.076705932617188,-823.7456400261958,0.6896661629783263,20,-121505.73020737484,340282346638528860000000000000000000000,1561097980,,,,1,,5,62.02272033691406,,,,,,C,
Raw,1697799124999,120306000000,,,-1381834222693998799,0.0,9.42486547717881,,,0,3,0.0,83976,471142916322085,1000000000,24.166217803955078,-1320.9444011809974,299792458,20,-101612.88639670808,340282346638528860000000000000000000000,1575420030,,,,0,,6,52.81098556518555,,,,,,C,
Raw,1697799124999,120306000000,,,-1381834222693998799,0.0,9.42486547717881,,,0,5,0.0,16392,471142922147817,1000000000,37.784400939941406,-915.4508968026435,299792458,18,-2.7394723203324722,340282346638528860000000000000000000000,1575420030,,,,0,,6,52.81098556518555,,,,,,C,
Raw,1697799124999,120306000000,,,-1381834222693998799,0.0,9.42486547717881,,,0,9,0.0,83976,471142912475431,1000000000,30.808271408081055,-564.6728568891615,299792458,20,-16267.090623968696,340282346638528860000000000000000000000,1575420030,,,,0,,6,52.81098556518555,,,,,,C,
Raw,1697799124999,120306000000,,,-1381834222693998799,0.0,9.42486547717881,,,0,13,0.0,16392,471142903875890,1000000000,7.0,-1520.4913219395303,299792458,18,-8.86846461134824,340282346638528860000000000000000000000,1575420030,,,,0,,6,52.81098556518555,,,,,,C,
Raw,1697799124999,120306000000,,,-1381834222693998799,0.0,9.42486547717881,,,0,15,0.0,83976,471142916134381,1000000000,25.151586532592773,-1158.0868358797916,299792458,20,-99658.69927942328,340282346638528860000000000000000000000,1575420030,,,,0,,6,52.81098556518555,,,,,,C,
Raw,1697799124999,120306000000,,,-1381834222693998799,0.0,9.42486547717881,,,0,24,0.0,16392,471142909684946,1000000000,38.970298767089844,-1449.5722737472142,299792458,18,-2.7122844338903143,340282346638528860000000000000000000000,1575420030,,,,0,,6,52.81098556518555,,,,,,C,
Raw,1697799124999,120306000000,,,-1381834222693998799,0.0,9.42486547717881,,,0,31,0.0,83976,471142910043790,1000000000,25.91038703918457,-1080.6858497761414,299792458,20,-59091.36551247905,340282346638528860000000000000000000000,1575420030,,,,1,,6,52.81098556518555,,,,,,C,
Raw,1697799124999,120306000000,,,-1381834222693998799,0.0,9.42486547717881,,,0,3,0.0,16392,471142916322062,1000000000,17.129680633544922,-1322.9558114351476,299792458,20,57013.2212538138,340282346638528860000000000000000000000,1176450050,,,,0,,6,10.565475463867188,,,,,,Q,
Raw,1697799124999,120306000000,,,-1381834222693998799,0.0,9.42486547717881,,,0,9,0.0,84011,471142912475402,15,29.08548355102539,-564.5526157613085,0.008060614578425884,17,-8469.132137743887,0.004030307289212942,1176450050,,,,0,,6,10.565475463867188,,,,,,Q,
Raw,1697799124999,120306000000,,,-1381834222693998799,0.0,9.42486547717881,,,0,15,0.0,16392,471142916134390,1000000000,16.752885818481445,-1157.0940820861952,299792458,20,-103378.52685846302,340282346638528860000000000000000000000,1176450050,,,,1,,6,10.565475463867188,,,,,,Q,
Raw,1697799124999,120306000000,,,-1381834222693998799,0.0,9.42486547717881,,,0,31,0.0,84011,471142910043672,27,24.465805053710938,-1080.0897377813235,0.013719936832785606,17,-130137.18337390176,0.006859968416392803,1176450050,,,,0,,6,10.565475463867188,,,,,,Q,
Raw,1697799126000,121306000000,,,-1381834222694002086,0.0,9.30210226889619,,,0,3,0.0,16392,471143914577093,1000000000,7.0,-328.2330743254038,299792458,18,-9.15848083771232,340282346638528860000000000000000000000,1575420030,,,,0,,1,52.81098556518555,,,,,,C,
Raw,1697799126000,121306000000,,,-1381834222694002086,0.0,9.30210226889619,,,0,4,0.0,47,471143923309534,28,29.63658905029297,-443.86782832125573,0.6165223488865657,20,-53586.54471830062,340282346638528860000000000000000000000,1575420030,,,,0,,1,52.81098556518555,,,,,,C,
Raw,1697799126000,121306000000,,,-1381834222694002086,0.0,9.30210226889619,,,0,5,0.0,16392,471143916029332,1000000000,16.335229873657227,-1660.8445138583766,299792458,18,-1414.3691338672681,340282346638528860000000000000000000000,1575420030,,,,0,,1,52.81098556518555,,,,,,C,
Raw,1697799126000,121306000000,,,-1381834222694002086,0.0,9.30210226889619,,,0,6,0.0,47,471143928498229,19,34.39372253417969,-566.5830999169266,0.0032668807543814182,17,-68976.6434393674,0.09678027677637314,1575420030,,,,0,,1,52.81098556518555,,,,,,C,
Raw,1697799126000,121306000000,,,-1381834222694002086,0.0,9.30210226889619,,,0,7,0.0,47,471143929384067,16,36.1026611328125,-1244.712839406653,0.0028461816255003214,17,-150747.81820702294,0.0014230908127501607,1575420030,,,,0,,1,52.81098556518555,,,,,,C,
Raw,1697799126000,121306000000,,,-1381834222694002086,0.0,9.30210226889619,,,0,9,0.0,47,471143930455384,28,29.788715362548828,-675.0363168479962,0.005551158916205168,17,-81845.7332252493,0.09792241585728502,1575420030,,,,0,,1,52.81098556518555,,,,,,C,
Raw,1697799126000,121306000000,,,-1381834222694002086,0.0,9.30210226889619,,,0,11,0.0,47,471143927915376,22,32.55278778076172,-1059.017722859644,0.004283081274479628,17,-128574.9555007584,0.002141540637239814,1575420030,,,,0,,1,52.81098556518555,,,,,,C,
Raw,1697799126000,121306000000,,,-1381834222694002086,0.0,9.30210226889619,,,0,16,0.0,47,471143918762445,29,29.026622772216797,-971.2296014624008,0.006060218904167414,17,-117134.33939960407,0.09817694585126614,1575420030,,,,0,,1,52.81098556518555,,,,,,C,
Raw,1697799126000,121306000000,,,-1381834222694002086,0.0,9.30210226889619,,,0,20,0.0,47,471143925939731,25,30.743682861328125,-1527.6328625432798,0.004973193630576134,17,-184528.07299562142,0.0976334332144705,1575420030,,,,0,,1,52.81098556518555,,,,,,C,
Raw,1697799126000,121306000000,,,-1381834222694002086,0.0,9.30210226889619,,,0,26,0.0,16392,471143915091807,1000000000,10.087234497070312,-611.724063025923,299792458,20,-55124.81034407694,340282346638528860000000000000000000000,1575420030,,,,0,,1,52.81098556518555,,,,,,C,
Raw,1697799126000,121306000000,,,-1381834222694002086,0.0,9.30210226889619,,,0,29,0.0,16392,471143914048332,1000000000,20.596086502075195,-1098.5039535515275,299792458,18,-29.63826158394967,340282346638528860000000000000000000000,1575420030,,,,0,,1,52.81098556518555,,,,,,C,
Raw,1697799126000,121306000000,,,-1381834222694002086,0.0,9.30210226889619,,,0,30,0.0,47,471143924603002,15,37.051727294921875,-1572.6367970948925,0.0025515807792544365,17,-190103.88087945365,0.0012757903896272182,1575420030,,,,0,,1,52.81098556518555,,,,,,C,
Raw,1697799126000,121306000000,,,-1381834222694002086,0.0,9.30210226889619,,,0,6,0.0,81929,471143928498190,11,32.71160125732422,-566.8078174006368,0.00530960550531745,17,-138109.59514936735,0.002654802752658725,1176450050,,,,0,,1,9.632434844970703,,,,,,Q,
Raw,1697799126000,121306000000,,,-1381834222694002086,0.0,9.30210226889619,,,0,9,0.0,81929,471143930455381,32,24.924583435058594,-675.0358795686044,0.013014070689678192,17,-152004.89742186124,0.006507035344839096,1176450050,,,,0,,1,9.632434844970703,,,,,,Q,
Raw,1697799126000,121306000000,,,-1381834222694002086,0.0,9.30210226889619,,,0,26,0.0,16392,471143915091622,1000000000,10.979740142822266,-609.806993011428,299792458,20,-554899.6867769221,340282346638528860000000000000000000000,1176450050,,,,0,,1,9.632434844970703,,,,,,Q,
Raw,1697799126000,121306000000,,,-1381834222694002086,0.0,9.30210226889619,,,0,30,0.0,81929,471143924602972,9,37.44014358520508,-1572.6537810596637,0.003267468884587288,17,-377668.1820503111,0.001633734442293644,1176450050,,,,0,,1,9.632434844970703,,,,,,Q,
Raw,1697799126000,121306000000,,,-1381834222694002086,0.0,9.30210226889619,,,0,10,0.0,227,49925926476956,33,36.735530853271484,-1737.7077953816915,0.002608685987070203,17,-215105.70097078543,0.0013043429935351014,1598062460,,,,0,,3,61.40491485595703,,,,,,C,
Raw,1697799126000,121306000000,,,-1381834222694002086,0.0,9.30210226889619,,,0,6,0.0,16491,1922801974,90,23.833145141601562,-416.5567038481147,0.8774053141290556,20,-43911.638660192344,340282346638528860000000000000000000000,1599750020,,,,0,,3,61.40491485595703,,,,,,C,
Raw,1697799126000,121306000000,,,-1381834222694002086,0.0,9.30210226889619,,,0,22,0.0,227,49925924297674,78,25.657323837280273,-199.82104595634587,0.7956431651132809,20,-24722.80692878451,340282346638528860000000000000000000000,1600312450,,,,0,,3,61.40491485595703,,,,,,C,
Raw,1697799126000,121306000000,,,-1381834222694002086,0.0,9.30210226889619,,,0,9,0.0,227,49925931137210,37,34.84796142578125,-1220.3389082669164,0.0032362095080316067,17,-151838.12708634636,0.0016181047540158033,1600875010,,,,0,,3,61.40491485595703,,,,,,C,
Raw,1697799126000,121306000000,,,-1381834222694002086,0.0,9.30210226889619,,,0,16,0.0,227,49925924922124,102,22.26519775390625,-493.0260800851704,0.9482955589178412,20,-61031.9227135171,340282346638528860000000000000000000000,1601437440,,,,0,,3,61.40491485595703,,,,,,C,
Raw,1697799126000,121306000000,,,-1381834222694002086,0.0,9.30210226889619,,,0,101,0.0,16392,49925918669605,1000000000,7.0,-1587.2685336853683,299792458,18,-56.97991983301132,340282346638528860000000000000000000000,1602562560,,,,0,,3,61.40491485595703,,,,,,C,
Raw,1697799126000,121306000000,,,-1381834222694002086,0.0,9.30210226889619,,,0,24,0.0,227,49925924352286,47,31.870939254760742,-1415.2098257025646,0.004552790895104408,17,-175350.2300422357,0.002276395447552204,1603124990,,,,0,,3,61.40491485595703,,,,,,C,
Raw,1697799126000,121306000000,,,-1381834222694002086,0.0,9.30210226889619,,,0,23,0.0,227,49925929960833,96,23.0562801361084,-710.8186690361681,0.9136278427119282,20,-85655.68465619773,340282346638528860000000000000000000000,1603687550,,,,0,,3,61.40491485595703,,,,,,C,
Raw,1697799126000,121306000000,,,-1381834222694002086,0.0,9.30210226889619,,,0,7,0.0,227,49925933411049,51,30.826431274414062,-778.4218050488707,0.00483581842854619,17,-93971.21857327576,0.002417909214273095,1604812540,,,,0,,3,61.40491485595703,,,,,,C,
Raw,1697799126000,121306000000,,,-1381834222694002086,0.0,9.30210226889619,,,0,8,0.0,227,49925931957724,68,27.388700485229492,-1303.0905108262623,0.7191629980509671,20,-156157.0214352405,340282346638528860000000000000000000000,1605374980,,,,0,,3,61.40491485595703,,,,,,C,
Raw,1697799126000,121306000000,,,-1381834222694002086,0.0,9.30210226889619,,,0,5,0.0,809,471129867718767,21,33.36799621582031,-974.0641332428336,0.44843898975670715,20,-115711.23249293803,340282346638528860000000000000000000000,1561097980,,,,0,,5,61.80392074584961,,,,,,C,
Raw,1697799126000,121306000000,,,-1381834222694002086,0.0,9.30210226889619,,,0,9,0.0,16393,471129867337548,22,23.876144409179688,-816.3968489156605,0.8762875160627841,20,453212.0108736219,340282346638528860000000000000000000000,1561097980,,,,1,,5,61.80392074584961,,,,,,C,
Raw,1697799126000,121306000000,,,-1381834222694002086,0.0,9.30210226889619,,,0,19,0.0,65583,471129926187759,8,35.38936233520508,-1133.5606228679244,0.0031181268859654665,17,-174464.0001097301,0.0015590634429827332,1561097980,,,,0,,5,61.80392074584961,,,,,,C,
Raw,1697799126000,121306000000,,,-1381834222694002086,0.0,9.30210226889619,,,0,20,0.0,65583,471129924179765,8,36.37554931640625,-665.2203620128275,0.0027834565844386816,17,-81037.44223327651,0.0013917282922193408,1561097980,,,,0,,5,61.80392074584961,,,,,,C,
Raw,1697799126000,121306000000,,,-1381834222694002086,0.0,9.30210226889619,,,0,22,0.0,12,471129916140785,1000000000,16.83743667602539,-1485.5075889364307,299792458,20,-228099.38288544063,340282346638528860000000000000000000000,1561097980,,,,0,,5,61.80392074584961,,,,,,C,
Raw,1697799126000,121306000000,,,-1381834222694002086,0.0,9.30210226889619,,,0,23,0.0,16392,471129908382236,1000000000,7.0,-437.2862673895054,299792458,20,-39002.096639258925,340282346638528860000000000000000000000,1561097980,,,,0,,5,61.80392074584961,,,,,,C,
Raw,1697799126000,121306000000,,,-1381834222694002086,0.0,9.30210226889619,,,0,29,0.0,16392,471129911027721,1000000000,7.0,-394.57048605227146,299792458,18,-8.559595282362736,340282346638528860000000000000000000000,1561097980,,,,0,,5,61.80392074584961,,,,,,C,
Raw,1697799126000,121306000000,,,-1381834222694002086,0.0,9.30210226889619,,,0,35,0.0,65583,471129917529856,26,21.926584243774414,-596.6765221412761,0.9657904433144084,20,472045.09889336285,340282346638528860000000000000000000000,1561097980,,,,0,,5,61.80392074584961,,,,,,C,
Raw,1697799126000,121306000000,,,-1381834222694002086,0.0,9.30210226889619,,,0,36,0.0,65583,471129913095917,56,12.392000198364258,-1643.8554999203643,1.3937522671615046,20,-246905.06224658288,340282346638528860000000000000000000000,1561097980,,,,1,,5,61.80392074584961,,,,,,C,
Raw,1697799126000,121306000000,,,-1381834222694002086,0.0,9.30210226889619,,,0,37,0.0,65583,471129919977291,18,26.666419982910156,-823.7956049074583,0.753085559924231,20,-122329.41702529957,340282346638528860000000000000000000000,1561097980,,,,0,,5,61.80392074584961,,,,,,C,
Raw,1697799126000,121306000000,,,-1381834222694002086,0.0,9.30210226889619,,,0,3,0.0,83976,471143916326487,1000000000,22.68707275390625,-1322.8103475107082,299792458,20,-102935.47094002471,340282346638528860000000000000000000000,1575420030,,,,0,,6,52.81098556518555,,,,,,C,
Raw,1697799126000,121306000000,,,-1381834222694002086,0.0,9.30210226889619,,,0,5,0.0,16392,471143922150876,1000000000,35.89363479614258,-915.4508968026435,299792458,18,-2.7609491735286444,340282346638528860000000000000000000000,1575420030,,,,0,,6,52.81098556518555,,,,,,C,
Raw,1697799126000,121306000000,,,-1381834222694002086,0.0,9.30210226889619,,,0,9,0.0,83976,471143912477299,1000000000,29.308204650878906,-564.7381247934027,299792458,20,-16831.922492962145,340282346638528860000000000000000000000,1575420030,,,,0,,6,52.81098556518555,,,,,,C,
Raw,1697799126000,121306000000,,,-1381834222694002086,0.0,9.30210226889619,,,0,13,0.0,16392,471143903880960,1000000000,7.0,-1520.1200958230838,299792458,18,-8.903030635277403,340282346638528860000000000000000000000,1575420030,,,,0,,6,52.81098556518555,,,,,,C,
Raw,1697799126000,121306000000,,,-1381834222694002086,0.0,9.30210226889619,,,0,15,0.0,83976,471143916138224,1000000000,26.30682945251465,-1158.3841712304966,299792458,20,-100816.37431932996,340282346638528860000000000000000000000,1575420030,,,,0,,6,52.81098556518555,,,,,,C,
Raw,1697799126000,121306000000,,,-1381834222694002086,0.0,9.30210226889619,,,0,24,0.0,16392,471143909689784,1000000000,40.177703857421875,-1449.5722737472142,299792458,18,-2.7462919943884745,340282346638528860000000000000000000000,1575420030,,,,0,,6,52.81098556518555,,,,,,C,
Raw,1697799126000,121306000000,,,-1381834222694002086,0.0,9.30210226889619,,,0,31,0.0,83976,471143910047363,1000000000,26.435537338256836,-1080.2768602978676,299792458,20,-60171.28551360246,340282346638528860000000000000000000000,1575420030,,,,0,,6,52.81098556518555,,,,,,C,
Raw,1697799126000,121306000000,,,-1381834222694002086,0.0,9.30210226889619,,,0,3,0.0,84011,471143916326452,159,18.226255416870117,-1321.7784670570236,1.1319735723585245,20,55690.85872895291,340282346638528860000000000000000000000,1176450050,,,,1,,6,9.632434844970703,,,,,,Q,
Raw,1697799126000,121306000000,,,-1381834222694002086,0.0,9.30210226889619,,,0,9,0.0,84011,471143912477294,13,29.27140998840332,-564.5775818026013,0.007889906875789165,17,-9033.709719546488,0.003944953437894583,1176450050,,,,0,,6,9.632434844970703,,,,,,Q,
Raw,1697799126000,121306000000,,,-1381834222694002086,0.0,9.30210226889619,,,0,15,0.0,16392,471143916138268,1000000000,18.12051773071289,-1156.9779290743654,299792458,20,-104538.29126010275,340282346638528860000000000000000000000,1176450050,,,,0,,6,9.632434844970703,,,,,,Q,
Raw,1697799126000,121306000000,,,-1381834222694002086,0.0,9.30210226889619,,,0,31,0.0,84011,471143910047287,33,24.247522354125977,-1080.1813234428992,0.014069097116589544,17,-131217.36469734466,0.007034548558294773,1176450050,,,,0,,6,9.632434844970703,,,,,,Q,
Raw,1697799127000,122306000000,,,-1381834222694005374,0.0,9.384046998713394,,,0,3,0.0,16392,471144914578188,1000000000,7.0,-328.0473931022675,299792458,18,-9.143056761499242,340282346638528860000000000000000000000,1575420030,,,,0,,1,49.160926818847656,,,,,,C,
Raw,1697799127000,122306000000,,,-1381834222694005374,0.0,9.384046998713394,,,0,4,0.0,47,471144923311005,31,28.484352111816406,-443.9695644539763,0.6683374681940282,20,-54030.09143604539,340282346638528860000000000000000000000,1575420030,,,,0,,1,49.160926818847656,,,,,,C,
Raw,1697799127000,122306000000,,,-1381834222694005374,0.0,9.384046998713394,,,0,5,0.0,16392,471144916034873,1000000000,17.89769744873047,-1661.0301950815128,299792458,18,-1414.3071553512946,340282346638528860000000000000000000000,1575420030,,,,0,,1,49.160926818847656,,,,,,C,
Raw,1697799127000,122306000000,,,-1381834222694005374,0.0,9.384046998713394,,,0,6,0.0,47,471144928500113,16,36.2011833190918,-566.8256405187276,0.002814080566167832,17,-69543.46907988613,0.0014070402830839157,1575420030,,,,0,,1,49.160926818847656,,,,,,C,
Raw,1697799127000,122306000000,,,-1381834222694005374,0.0,9.384046998713394,,,0,7,0.0,47,471144929388190,19,34.615386962890625,-1244.841098530247,0.0033777407370507717,17,-151992.65930555318,0.0016888703685253859,1575420030,,,,0,,1,49.160926818847656,,,,,,C,
Raw,1697799127000,122306000000,,,-1381834222694005374,0.0,9.384046998713394,,,0,9,0.0,47,471144930457581,31,28.52349853515625,-675.1256620061758,0.006421620026230812,17,-82520.85888725548,0.09835764641229784,1575420030,,,,1,,1,49.160926818847656,,,,,,C,
Raw,1697799127000,122306000000,,,-1381834222694005374,0.0,9.384046998713394,,,0,11,0.0,47,471144927918836,29,29.35655975341797,-1059.1427238508913,0.0058343359269201756,17,-129634.09822460929,0.0029171679634600878,1575420030,,,,1,,1,49.160926818847656,,,,,,C,
Raw,1697799127000,122306000000,,,-1381834222694005374,0.0,9.384046998713394,,,0,16,0.0,47,471144918765684,32,27.983789443969727,-971.2191610387235,0.006833291612565517,17,-118105.55856064279,0.0034166458062827587,1575420030,,,,0,,1,49.160926818847656,,,,,,C,
Raw,1697799127000,122306000000,,,-1381834222694005374,0.0,9.384046998713394,,,0,20,0.0,47,471144925944835,22,32.26231002807617,-1527.8924684765807,0.004175455775111914,17,-186055.965464098,0.002087727887555957,1575420030,,,,0,,1,49.160926818847656,,,,,,C,
Raw,1697799127000,122306000000,,,-1381834222694005374,0.0,9.384046998713394,,,0,26,0.0,16392,471144915093850,1000000000,9.976539611816406,-611.5384499676998,299792458,20,-55736.370173551615,340282346638528860000000000000000000000,1575420030,,,,0,,1,49.160926818847656,,,,,,C,
Raw,1697799127000,122306000000,,,-1381834222694005374,0.0,9.384046998713394,,,0,29,0.0,16392,471144914051997,1000000000,8.372209548950195,-1098.5039535515275,299792458,18,-29.595309329546687,340282346638528860000000000000000000000,1575420030,,,,0,,1,49.160926818847656,,,,,,C,
Raw,1697799127000,122306000000,,,-1381834222694005374,0.0,9.384046998713394,,,0,30,0.0,47,471144924608265,21,33.21745300292969,-1572.920482748188,0.003967555705457926,17,-191676.80136220183,0.001983777852728963,1575420030,,,,0,,1,49.160926818847656,,,,,,C,
Raw,1697799127000,122306000000,,,-1381834222694005374,0.0,9.384046998713394,,,0,6,0.0,81929,471144928500053,36,28.730466842651367,-566.353053830823,0.6582032627623238,20,-138676.35607397207,340282346638528860000000000000000000000,1176450050,,,,1,,1,9.172757148742676,,,,,,Q,
Raw,1697799127000,122306000000,,,-1381834222694005374,0.0,9.384046998713394,,,0,9,0.0,81929,471144930457635,15,27.49026870727539,-675.1182513489912,0.009685653261840343,17,-152680.01567321023,0.004842826630920172,1176450050,,,,0,,1,9.172757148742676,,,,,,Q,
Raw,1697799127000,122306000000,,,-1381834222694005374,0.0,9.384046998713394,,,0,26,0.0,16392,471144915093669,1000000000,7.0,-611.3704916219554,299792458,20,-555511.1468421312,340282346638528860000000000000000000000,1176450050,,,,1,,1,9.172757148742676,,,,,,Q,
Raw,1697799127000,122306000000,,,-1381834222694005374,0.0,9.384046998713394,,,0,30,0.0,81929,471144924608213,9,37.39747619628906,-1572.8941218670225,0.003283559111878276,17,-379241.07617217815,0.001641779555939138,1176450050,,,,0,,1,9.172757148742676,,,,,,Q,
Raw,1697799127000,122306000000,,,-1381834222694005374,0.0,9.384046998713394,,,0,10,0.0,227,49926926482772,33,38.702301025390625,-1737.9512876595254,0.0020800952333956957,17,-216843.65225844496,0.0010400476166978478,1598062460,,,,0,,3,61.44657516479492,,,,,,C,
Raw,1697799127000,122306000000,,,-1381834222694005374,0.0,9.384046998713394,,,0,6,0.0,16491,922803291,108,21.620365142822266,-417.2334110223751,0.9769118417739122,20,-44328.36374645498,340282346638528860000000000000000000000,1599750020,,,,0,,3,61.44657516479492,,,,,,C,
Raw,1697799127000,122306000000,,,-1381834222694005374,0.0,9.384046998713394,,,0,22,0.0,227,49926924298396,81,25.18808364868164,-199.33729660968936,0.8167445325752638,20,-24922.09637236693,340282346638528860000000000000000000000,1600312450,,,,0,,3,61.44657516479492,,,,,,C,
Raw,1697799127000,122306000000,,,-1381834222694005374,0.0,9.384046998713394,,,0,9,0.0,227,49926931141274,41,33.6318473815918,-1220.3895940894145,0.0037225647829473023,17,-153058.51668043577,0.001861282391473651,1600875010,,,,0,,3,61.44657516479492,,,,,,C,
Raw,1697799127000,122306000000,,,-1381834222694005374,0.0,9.384046998713394,,,0,16,0.0,227,49926924923516,137,18.709253311157227,-493.9616775991781,1.1082026565490137,20,-61524.448736415645,340282346638528860000000000000000000000,1601437440,,,,0,,3,61.44657516479492,,,,,,C,
Raw,1697799127000,122306000000,,,-1381834222694005374,0.0,9.384046998713394,,,0,101,0.0,16392,49926918674896,1000000000,8.289873123168945,-1587.4508066628523,299792458,18,-56.95834714130454,340282346638528860000000000000000000000,1602562560,,,,0,,3,61.44657516479492,,,,,,C,
Raw,1697799127000,122306000000,,,-1381834222694005374,0.0,9.384046998713394,,,0,24,0.0,227,49926924357004,46,32.15267562866211,-1415.2807730615896,0.0041554169729352,17,-176765.51081529728,0.0020777084864676,1603124990,,,,0,,3,61.44657516479492,,,,,,C,
Raw,1697799127000,122306000000,,,-1381834222694005374,0.0,9.384046998713394,,,0,23,0.0,227,49926929963262,89,23.97698211669922,-710.7687925820355,0.010647483170032501,17,-86366.45344877976,0.005323741585016251,1603687550,,,,0,,3,61.44657516479492,,,,,,C,
Raw,1697799127000,122306000000,,,-1381834222694005374,0.0,9.384046998713394,,,0,7,0.0,227,49926933413695,54,30.073566436767578,-778.5124972988997,0.005273672752082348,17,-94749.73107057466,0.002636836376041174,1604812540,,,,1,,3,61.44657516479492,,,,,,C,
Raw,1697799127000,122306000000,,,-1381834222694005374,0.0,9.384046998713394,,,0,8,0.0,227,49926931962066,63,28.178264617919922,-1303.2863744432107,0.006557315122336149,17,-157460.3078096837,0.0032786575611680746,1605374980,,,,0,,3,61.44657516479492,,,,,,C,
Raw,1697799127000,122306000000,,,-1381834222694005374,0.0,9.384046998713394,,,0,5,0.0,809,471130867722016,16,36.362728118896484,-974.2712864135792,0.3137699178970268,20,-116673.24129277172,340282346638528860000000000000000000000,1561097980,,,,0,,5,61.93585968017578,,,,,,C,
Raw,1697799127000,122306000000,,,-1381834222694005374,0.0,9.384046998713394,,,0,9,0.0,16392,471130867340343,1000000000,20.116920471191406,-816.2355707313945,299792458,20,452395.074082807,340282346638528860000000000000000000000,1561097980,,,,1,,5,61.93585968017578,,,,,,C,
Raw,1697799127000,122306000000,,,-1381834222694005374,0.0,9.384046998713394,,,0,19,0.0,65583,471130926191528,8,35.479942321777344,-1133.6278857231373,0.0030857787933200598,17,-175597.62799545325,0.0015428893966600299,1561097980,,,,0,,5,61.93585968017578,,,,,,C,
Raw,1697799127000,122306000000,,,-1381834222694005374,0.0,9.384046998713394,,,0,20,0.0,65583,471130924181979,7,36.85639572143555,-665.3564442229837,0.002633552998304367,17,-81702.7986774995,0.0013167764991521835,1561097980,,,,0,,5,61.93585968017578,,,,,,C,
Raw,1697799127000,122306000000,,,-1381834222694005374,0.0,9.384046998713394,,,0,22,0.0,12,471130916145741,1000000000,17.937780380249023,-1485.183669269638,299792458,20,-229584.74686269273,340282346638528860000000000000000000000,1561097980,,,,0,,5,61.93585968017578,,,,,,C,
Raw,1697799127000,122306000000,,,-1381834222694005374,0.0,9.384046998713394,,,0,23,0.0,16392,471130908383697,1000000000,7.0,-437.2862673895054,299792458,20,-39439.382874864365,340282346638528860000000000000000000000,1561097980,,,,0,,5,61.93585968017578,,,,,,C,
Raw,1697799127000,122306000000,,,-1381834222694005374,0.0,9.384046998713394,,,0,29,0.0,16392,471130911029038,1000000000,7.0,-394.57048605227146,299792458,18,-8.544167307188832,340282346638528860000000000000000000000,1561097980,,,,0,,5,61.93585968017578,,,,,,C,
Raw,1697799127000,122306000000,,,-1381834222694005374,0.0,9.384046998713394,,,0,35,0.0,65583,471130917531807,28,21.03227996826172,-597.4307669041259,1.0060066769345584,20,471448.16944160423,340282346638528860000000000000000000000,1561097980,,,,1,,5,61.93585968017578,,,,,,C,
Raw,1697799127000,122306000000,,,-1381834222694005374,0.0,9.384046998713394,,,0,36,0.0,12,471130913101377,1000000000,7.677152633666992,-1645.255198244843,299792458,20,-248549.40140489905,340282346638528860000000000000000000000,1561097980,,,,1,,5,61.93585968017578,,,,,,C,
Raw,1697799127000,122306000000,,,-1381834222694005374,0.0,9.384046998713394,,,0,37,0.0,65583,471130919980011,23,23.514095306396484,-824.642349457311,0.8948426178129427,20,-123153.23174227391,340282346638528860000000000000000000000,1561097980,,,,0,,5,61.93585968017578,,,,,,C,
Raw,1697799127000,122306000000,,,-1381834222694005374,0.0,9.384046998713394,,,0,3,0.0,83976,471144916330941,1000000000,21.317012786865234,-1323.0452438010634,299792458,20,-104258.58091230184,340282346638528860000000000000000000000,1575420030,,,,1,,6,49.160926818847656,,,,,,C,
Raw,1697799127000,122306000000,,,-1381834222694005374,0.0,9.384046998713394,,,0,5,0.0,16392,471144922153931,1000000000,32.605979919433594,-915.4508968026435,299792458,18,-2.7251544182212366,340282346638528860000000000000000000000,1575420030,,,,0,,6,49.160926818847656,,,,,,C,
Raw,1697799127000,122306000000,,,-1381834222694005374,0.0,9.384046998713394,,,0,9,0.0,83976,471144912479232,1000000000,29.781784057617188,-564.549546561462,299792458,20,-17396.203748382402,340282346638528860000000000000000000000,1575420030,,,,0,,6,49.160926818847656,,,,,,C,
Raw,1697799127000,122306000000,,,-1381834222694005374,0.0,9.384046998713394,,,0,13,0.0,16392,471144903886035,1000000000,7.0,-1520.30577704622,299792458,18,-8.84413884604285,340282346638528860000000000000000000000,1575420030,,,,0,,6,49.160926818847656,,,,,,C,
Raw,1697799127000,122306000000,,,-1381834222694005374,0.0,9.384046998713394,,,0,15,0.0,83976,471144916142061,1000000000,25.58614730834961,-1158.11723743101,299792458,20,-101974.54752853705,340282346638528860000000000000000000000,1575420030,,,,0,,6,49.160926818847656,,,,,,C,
Raw,1697799127000,122306000000,,,-1381834222694005374,0.0,9.384046998713394,,,0,24,0.0,16392,471144909694621,1000000000,43.463539123535156,-1449.386592524078,299792458,18,-2.7801140560922066,340282346638528860000000000000000000000,1575420030,,,,0,,6,49.160926818847656,,,,,,C,
Raw,1697799127000,122306000000,,,-1381834222694005374,0.0,9.384046998713394,,,0,31,0.0,83976,471144910050950,1000000000,27.12775421142578,-1080.252116434432,299792458,20,-61251.815563368255,340282346638528860000000000000000000000,1575420030,,,,0,,6,49.160926818847656,,,,,,C,
Raw,1697799127000,122306000000,,,-1381834222694005374,0.0,9.384046998713394,,,0,3,0.0,84011,471144916330857,75,20.09506607055664,-1323.089550994543,1.0479360865333627,20,54368.06131162678,340282346638528860000000000000000000000,1176450050,,,,0,,6,9.172757148742676,,,,,,Q,
Raw,1697799127000,122306000000,,,-1381834222694005374,0.0,9.384046998713394,,,0,9,0.0,84011,471144912479180,26,25.366138458251953,-564.665408782017,0.01236902177333832,17,-9598.375128328506,0.006184510886669159,1176450050,,,,0,,6,9.172757148742676,,,,,,Q,
Raw,1697799127000,122306000000,,,-1381834222694005374,0.0,9.384046998713394,,,0,15,0.0,16392,471144916142135,1000000000,16.191131591796875,-1156.5949785928751,299792458,20,-105696.54407014056,340282346638528860000000000000000000000,1176450050,,,,0,,6,9.172757148742676,,,,,,Q,
Raw,1697799127000,122306000000,,,-1381834222694005374,0.0,9.384046998713394,,,0,31,0.0,84011,471144910050879,72,20.11432647705078,-1079.8259493980709,1.0459403323751393,20,-132298.4398012135,340282346638528860000000000000000000000,1176450050,,,,0,,6,9.172757148742676,,,,,,Q,
Raw,1697799128000,123306000000,,,-1381834222694008658,0.0,9.472968709233893,,,0,3,0.0,16392,471145914579284,1000000000,7.0,-328.2330743254038,299792458,18,-9.15334718277957,340282346638528860000000000000000000000,1575420030,,,,0,,1,49.046180725097656,,,,,,C,
Raw,1697799128000,123306000000,,,-1381834222694008658,0.0,9.472968709233893,,,0,4,0.0,47,471145923312490,28,29.47258949279785,-443.9570461491312,0.005756917409598827,17,-54474.04848219452,0.09802529510398185,1575420030,,,,1,,1,49.046180725097656,,,,,,C,
Raw,1697799128000,123306000000,,,-1381834222694008658,0.0,9.472968709233893,,,0,5,0.0,16392,471145916040414,1000000000,11.041728973388672,-1661.215739974823,299792458,18,-1414.3490878461569,340282346638528860000000000000000000000,1575420030,,,,0,,1,49.046180725097656,,,,,,C,
Raw,1697799128000,123306000000,,,-1381834222694008658,0.0,9.472968709233893,,,0,6,0.0,47,471145928502005,13,38.5564079284668,-566.8506169024768,0.002145731123164296,17,-70110.3196967886,0.001072865561582148,1575420030,,,,0,,1,49.046180725097656,,,,,,C,
Raw,1697799128000,123306000000,,,-1381834222694008658,0.0,9.472968709233893,,,0,7,0.0,47,471145929392325,19,34.37336730957031,-1244.9069663172413,0.0034731810446828604,17,-153237.56627187043,0.0017365905223414302,1575420030,,,,0,,1,49.046180725097656,,,,,,C,
Raw,1697799128000,123306000000,,,-1381834222694008658,0.0,9.472968709233893,,,0,9,0.0,47,471145930459821,28,29.637161254882812,-675.2182132455199,0.005648868158459663,17,-83196.077100501,0.09797127047841227,1575420030,,,,1,,1,49.046180725097656,,,,,,C,
Raw,1697799128000,123306000000,,,-1381834222694008658,0.0,9.472968709233893,,,0,11,0.0,47,471145927922410,28,29.38656997680664,-1059.2023457628384,0.005814212840050459,17,-130693.30057037213,0.0029071064200252295,1575420030,,,,1,,1,49.046180725097656,,,,,,C,
Raw,1697799128000,123306000000,,,-1381834222694008658,0.0,9.472968709233893,,,0,16,0.0,47,471145918768922,34,27.37565803527832,-971.2177098212123,0.00732886279001832,17,-119076.776270464,0.00366443139500916,1575420030,,,,0,,1,49.046180725097656,,,,,,C,
Raw,1697799128000,123306000000,,,-1381834222694008658,0.0,9.472968709233893,,,0,20,0.0,47,471145925949935,20,33.41608810424805,-1527.9921761678415,0.003877853276208043,17,-187583.95764026584,0.0019389266381040215,1575420030,,,,0,,1,49.046180725097656,,,,,,C,
Raw,1697799128000,123306000000,,,-1381834222694008658,0.0,9.472968709233893,,,0,26,0.0,16392,471145915095889,1000000000,9.295597076416016,-611.5384499676998,299792458,20,-56348.207500998586,340282346638528860000000000000000000000,1575420030,,,,0,,1,49.046180725097656,,,,,,C,
Raw,1697799128000,123306000000,,,-1381834222694008658,0.0,9.472968709233893,,,0,29,0.0,16392,471145914055664,1000000000,7.0,-1098.6895666097507,299792458,18,-29.623674976907104,340282346638528860000000000000000000000,1575420030,,,,0,,1,49.046180725097656,,,,,,C,
Raw,1697799128000,123306000000,,,-1381834222694008658,0.0,9.472968709233893,,,0,30,0.0,47,471145924613499,28,29.675832748413086,-1573.0719953186347,0.005623774137347937,17,-193249.87335752047,0.0028118870686739683,1575420030,,,,0,,1,49.046180725097656,,,,,,C,
Raw,1697799128000,123306000000,,,-1381834222694008658,0.0,9.472968709233893,,,0,6,0.0,81929,471145928501964,12,28.122724533081055,-566.848278714373,0.009005463682115078,17,-139243.20435268644,0.004502731841057539,1176450050,,,,1,,1,9.809704780578613,,,,,,Q,
Raw,1697799128000,123306000000,,,-1381834222694008658,0.0,9.472968709233893,,,0,9,0.0,81929,471145930459896,18,27.600833892822266,-675.2010068672826,0.009563141502439976,17,-153355.21668007752,0.004781570751219988,1176450050,,,,0,,1,9.809704780578613,,,,,,Q,
Raw,1697799128000,123306000000,,,-1381834222694008658,0.0,9.472968709233893,,,0,26,0.0,16392,471145915095713,1000000000,11.765256881713867,-612.5116404312521,299792458,20,-556124.5209320914,340282346638528860000000000000000000000,1176450050,,,,0,,1,9.809704780578613,,,,,,Q,
Raw,1697799128000,123306000000,,,-1381834222694008658,0.0,9.472968709233893,,,0,30,0.0,81929,471145924613467,9,36.558868408203125,-1572.9708227684023,0.0036163891199976206,17,-380814.04699494655,0.0018081945599988103,1176450050,,,,0,,1,9.809704780578613,,,,,,Q,
Raw,1697799128000,123306000000,,,-1381834222694008658,0.0,9.472968709233893,,,0,10,0.0,227,49927926488549,33,37.72920608520508,-1738.0254194886365,0.0023266873322427273,17,-218581.6776779336,0.0011633436661213636,1598062460,,,,0,,3,61.2220458984375,,,,,,C,
Raw,1697799128000,123306000000,,,-1381834222694008658,0.0,9.472968709233893,,,0,6,0.0,16491,1922804673,133,18.997756958007812,-417.76185951076127,1.0948477921104995,20,-44745.825677609544,340282346638528860000000000000000000000,1599750020,,,,0,,3,61.2220458984375,,,,,,C,
Raw,1697799128000,123306000000,,,-1381834222694008658,0.0,9.472968709233893,,,0,22,0.0,227,49927924299049,69,27.211448669433594,-199.3753166659335,0.007352560292929411,17,-25121.471689032864,0.0036762801464647055,1600312450,,,,0,,3,61.2220458984375,,,,,,C,
Raw,1697799128000,123306000000,,,-1381834222694008658,0.0,9.472968709233893,,,0,9,0.0,227,49927931145316,37,34.88995361328125,-1220.3758617549029,0.003220601473003626,17,-154278.89254219068,0.001610300736501813,1600875010,,,,0,,3,61.2220458984375,,,,,,C,
Raw,1697799128000,123306000000,,,-1381834222694008658,0.0,9.472968709233893,,,0,16,0.0,227,49927924925244,124,19.869352340698242,-493.6363946341244,1.056034597428106,20,-62019.33745716343,340282346638528860000000000000000000000,1601437440,,,,0,,3,61.2220458984375,,,,,,C,
Raw,1697799128000,123306000000,,,-1381834222694008658,0.0,9.472968709233893,,,0,101,0.0,16392,49927918680194,1000000000,7.0,-1587.7242842939913,299792458,18,-56.938403576235004,340282346638528860000000000000000000000,1602562560,,,,0,,3,61.2220458984375,,,,,,C,
Raw,1697799128000,123306000000,,,-1381834222694008658,0.0,9.472968709233893,,,0,24,0.0,227,49927924361744,52,30.70589828491211,-1415.2817865991092,0.0049085537903010845,17,-178180.7926018964,0.0024542768951505423,1603124990,,,,0,,3,61.2220458984375,,,,,,C,
Raw,1697799128000,123306000000,,,-1381834222694008658,0.0,9.472968709233893,,,0,23,0.0,227,49927929965636,91,23.70221710205078,-711.0272536700877,0.8845816682460441,20,-87077.24265137305,340282346638528860000000000000000000000,1603687550,,,,0,,3,61.2220458984375,,,,,,C,
Raw,1697799128000,123306000000,,,-1381834222694008658,0.0,9.472968709233893,,,0,7,0.0,227,49927933416488,61,28.67449951171875,-778.6019573561935,0.006195359397679568,17,-95528.33302793086,0.0030976796988397837,1604812540,,,,0,,3,61.2220458984375,,,,,,C,
Raw,1697799128000,123306000000,,,-1381834222694008658,0.0,9.472968709233893,,,0,8,0.0,227,49927931966401,65,27.868209838867188,-1303.3880775515572,0.0067956168204545975,17,-158763.69588723526,0.0033978084102272987,1605374980,,,,0,,3,61.2220458984375,,,,,,C,
Raw,1697799128000,123306000000,,,-1381834222694008658,0.0,9.472968709233893,,,0,5,0.0,809,471131867725262,16,36.642372131347656,-962.2144343443215,0.002544878050684929,17,-117635.45572711604,0.0972921821804807,1561097980,,,,0,,5,61.93585968017578,,,,,,C,
Raw,1697799128000,123306000000,,,-1381834222694008658,0.0,9.472968709233893,,,0,9,0.0,16393,471131867343208,30,20.32461166381836,-815.657941258246,1.0359971085210988,20,451578.5312915185,340282346638528860000000000000000000000,1561097980,,,,1,,5,61.93585968017578,,,,,,C,
Raw,1697799128000,123306000000,,,-1381834222694008658,0.0,9.472968709233893,,,0,19,0.0,65583,471131926195289,8,36.01668930053711,-1133.7180060209357,0.002900864696130156,17,-176731.3460014742,0.0014504323480650783,1561097980,,,,0,,5,61.93585968017578,,,,,,C,
Raw,1697799128000,123306000000,,,-1381834222694008658,0.0,9.472968709233893,,,0,20,0.0,65583,471131924184204,9,34.70664596557617,-665.450396081811,0.0033731032162904744,17,-82368.2490735813,0.001686551608145237,1561097980,,,,1,,5,61.93585968017578,,,,,,C,
Raw,1697799128000,123306000000,,,-1381834222694008658,0.0,9.472968709233893,,,0,22,0.0,65583,471131916150542,29,20.625442504882812,-1485.6706394084358,1.0240532710960886,20,-231070.25647372394,340282346638528860000000000000000000000,1561097980,,,,0,,5,61.93585968017578,,,,,,C,
Raw,1697799128000,123306000000,,,-1381834222694008658,0.0,9.472968709233893,,,0,23,0.0,16392,471131908385156,1000000000,7.0,-437.2862673895054,299792458,20,-39876.66911038914,340282346638528860000000000000000000000,1561097980,,,,0,,5,61.93585968017578,,,,,,C,
Raw,1697799128000,123306000000,,,-1381834222694008658,0.0,9.472968709233893,,,0,29,0.0,16392,471131911030359,1000000000,7.0,-394.9452567441963,299792458,18,-8.557535610350913,340282346638528860000000000000000000000,1561097980,,,,0,,5,61.93585968017578,,,,,,C,
Raw,1697799128000,123306000000,,,-1381834222694008658,0.0,9.472968709233893,,,0,35,0.0,65583,471131917533811,32,19.216835021972656,-597.3478783698624,1.0876454767473316,20,470851.20261910954,340282346638528860000000000000000000000,1561097980,,,,1,,5,61.93585968017578,,,,,,C,
Raw,1697799128000,123306000000,,,-1381834222694008658,0.0,9.472968709233893,,,0,36,0.0,12,471131913106815,1000000000,8.958864212036133,-1644.8832904792662,299792458,20,-250193.91298444662,340282346638528860000000000000000000000,1561097980,,,,1,,5,61.93585968017578,,,,,,C,
Raw,1697799128000,123306000000,,,-1381834222694008658,0.0,9.472968709233893,,,0,37,0.0,65583,471131919982717,32,19.210603713989258,-825.9369374858734,1.0883662008816528,20,-123977.31187336567,340282346638528860000000000000000000000,1561097980,,,,0,,5,61.93585968017578,,,,,,C,
Raw,1697799128000,123306000000,,,-1381834222694008658,0.0,9.472968709233893,,,0,3,0.0,83976,471145916335361,1000000000,20.22715187072754,-1323.0374730009762,299792458,20,-105581.35364531724,340282346638528860000000000000000000000,1575420030,,,,1,,6,49.046180725097656,,,,,,C,
Raw,1697799128000,123306000000,,,-1381834222694008658,0.0,9.472968709233893,,,0,5,0.0,16392,471145922156986,1000000000,34.029884338378906,-915.6365780257797,299792458,18,-2.746995360840542,340282346638528860000000000000000000000,1575420030,,,,0,,6,49.046180725097656,,,,,,C,
Raw,1697799128000,123306000000,,,-1381834222694008658,0.0,9.472968709233893,,,0,9,0.0,83976,471145912481151,1000000000,31.264118194580078,-564.6322646834428,299792458,20,-17961.029359726494,340282346638528860000000000000000000000,1575420030,,,,1,,6,49.046180725097656,,,,,,C,
Raw,1697799128000,123306000000,,,-1381834222694008658,0.0,9.472968709233893,,,0,13,0.0,16392,471145903891107,1000000000,12.436882019042969,-1520.4913219395303,299792458,18,-8.880355060732011,340282346638528860000000000000000000000,1575420030,,,,0,,6,49.046180725097656,,,,,,C,
Raw,1697799128000,123306000000,,,-1381834222694008658,0.0,9.472968709233893,,,0,15,0.0,83976,471145916145930,1000000000,24.391845703125,-1157.2818082567228,299792458,20,-103132.78810810084,340282346638528860000000000000000000000,1575420030,,,,0,,6,49.046180725097656,,,,,,C,
Raw,1697799128000,123306000000,,,-1381834222694008658,0.0,9.472968709233893,,,0,24,0.0,16392,471145909699461,1000000000,41.10655212402344,-1449.7579549703505,299792458,18,-2.72379852638787,340282346638528860000000000000000000000,1575420030,,,,0,,6,49.046180725097656,,,,,,C,
Raw,1697799128000,123306000000,,,-1381834222694008658,0.0,9.472968709233893,,,0,31,0.0,83976,471145910054540,1000000000,25.77594757080078,-1080.6771246672715,299792458,20,-62332.23934754,340282346638528860000000000000000000000,1575420030,,,,1,,6,49.046180725097656,,,,,,C,
Raw,1697799128000,123306000000,,,-1381834222694008658,0.0,9.472968709233893,,,0,3,0.0,84011,471145916335287,44,22.642253875732422,-1322.7951253178908,0.016925035044550896,17,53045.26618630889,0.008462517522275448,1176450050,,,,0,,6,9.809704780578613,,,,,,Q,
Raw,1697799128000,123306000000,,,-1381834222694008658,0.0,9.472968709233893,,,0,9,0.0,84011,471145912481064,53,21.538867950439453,-564.815986849062,0.019217589870095253,17,-10163.191115177568,0.009608794935047626,1176450050,,,,0,,6,9.809704780578613,,,,,,Q,
Raw,1697799128000,123306000000,,,-1381834222694008658,0.0,9.472968709233893,,,0,15,0.0,16392,471145916146002,1000000000,15.910751342773438,-1157.7134284861277,299792458,20,-106854.75185124725,340282346638528860000000000000000000000,1176450050,,,,0,,6,9.809704780578613,,,,,,Q,
Raw,1697799128000,123306000000,,,-1381834222694008658,0.0,9.472968709233893,,,0,31,0.0,84011,471145910054502,40,23.008832931518555,-1080.0346021969035,0.9157783658377601,20,-133379.80544057567,340282346638528860000000000000000000000,1176450050,,,,0,,6,9.809704780578613,,,,,,Q,
Raw,1697799129000,124306000000,,,-1381834222694011943,0.0,9.449419709392886,,,0,3,0.0,16392,471146914580376,1000000000,17.614452362060547,-328.2330743254038,299792458,18,-9.161047665194694,340282346638528860000000000000000000000,1575420030,,,,0,,1,52.76594161987305,,,,,,C,
Raw,1697799129000,124306000000,,,-1381834222694011943,0.0,9.449419709392886,,,0,4,0.0,47,471146923313953,23,32.108028411865234,-443.8728331699822,0.004250285215675831,17,-54917.9213153645,0.09727197900702035,1575420030,,,,1,,1,52.76594161987305,,,,,,C,
Raw,1697799129000,124306000000,,,-1381834222694011943,0.0,9.449419709392886,,,0,5,0.0,16392,471146916045951,1000000000,10.430946350097656,-1661.215739974823,299792458,18,-1414.3880606485084,340282346638528860000000000000000000000,1575420030,,,,0,,1,52.76594161987305,,,,,,C,
Raw,1697799129000,124306000000,,,-1381834222694011943,0.0,9.449419709392886,,,0,6,0.0,47,471146928503908,13,38.98091506958008,-566.675296591493,0.002043383661657572,17,-70676.9949933801,0.001021691830828786,1575420030,,,,0,,1,52.76594161987305,,,,,,C,
Raw,1697799129000,124306000000,,,-1381834222694011943,0.0,9.449419709392886,,,0,7,0.0,47,471146929396458,17,35.81306076049805,-1244.7595109597896,0.0029426778201013803,17,-154482.32578283022,0.0014713389100506902,1575420030,,,,0,,1,52.76594161987305,,,,,,C,
Raw,1697799129000,124306000000,,,-1381834222694011943,0.0,9.449419709392886,,,0,9,0.0,47,471146930462115,21,33.195579528808594,-675.0618345495022,0.003977560438215733,17,-83871.1389350505,0.0971356166182903,1575420030,,,,0,,1,52.76594161987305,,,,,,C,
Raw,1697799129000,124306000000,,,-1381834222694011943,0.0,9.449419709392886,,,0,11,0.0,47,471146927925943,29,29.23596954345703,-1059.0232660735055,0.005915903020650148,17,-131752.32383644563,0.002957951510325074,1575420030,,,,0,,1,52.76594161987305,,,,,,C,
Raw,1697799129000,124306000000,,,-1381834222694011943,0.0,9.449419709392886,,,0,16,0.0,47,471146918772163,31,28.180070877075195,-970.9815327546094,0.006680607795715332,17,-120047.75780321861,0.003340303897857666,1575420030,,,,0,,1,52.76594161987305,,,,,,C,
Raw,1697799129000,124306000000,,,-1381834222694011943,0.0,9.449419709392886,,,0,20,0.0,47,471146925955060,21,33.21001052856445,-1527.9058074386849,0.0039709568955004215,17,-189111.86344770453,0.0019854784477502108,1575420030,,,,1,,1,52.76594161987305,,,,,,C,
Raw,1697799129000,124306000000,,,-1381834222694011943,0.0,9.449419709392886,,,0,26,0.0,16392,471146915097924,1000000000,9.186992645263672,-611.5384499676998,299792458,20,-56960.16134338586,340282346638528860000000000000000000000,1575420030,,,,0,,1,52.76594161987305,,,,,,C,
Raw,1697799129000,124306000000,,,-1381834222694011943,0.0,9.449419709392886,,,0,29,0.0,16392,471146914059321,1000000000,7.0,-1098.5039535515275,299792458,18,-29.646852034831923,340282346638528860000000000000000000000,1575420030,,,,0,,1,52.76594161987305,,,,,,C,
Raw,1697799129000,124306000000,,,-1381834222694011943,0.0,9.449419709392886,,,0,30,0.0,47,471146924618744,19,34.03954315185547,-1572.9212480875722,0.003609263338148594,17,-194822.79460560804,0.001804631669074297,1575420030,,,,0,,1,52.76594161987305,,,,,,C,
Raw,1697799129000,124306000000,,,-1381834222694011943,0.0,9.449419709392886,,,0,6,0.0,81929,471146928503868,20,28.037254333496094,-566.6586370466684,0.009094515815377235,17,-139809.8629897331,0.004547257907688618,1176450050,,,,0,,1,9.172757148742676,,,,,,Q,
Raw,1697799129000,124306000000,,,-1381834222694011943,0.0,9.449419709392886,,,0,9,0.0,81929,471146930462140,13,28.0230770111084,-675.0824206841935,0.009109373204410076,17,-154030.2991007617,0.004554686602205038,1176450050,,,,0,,1,9.172757148742676,,,,,,Q,
Raw,1697799129000,124306000000,,,-1381834222694011943,0.0,9.449419709392886,,,0,26,0.0,16392,471146915097750,1000000000,9.343244552612305,-611.5501743327436,299792458,20,-556735.4428491847,340282346638528860000000000000000000000,1176450050,,,,0,,1,9.172757148742676,,,,,,Q,
Raw,1697799129000,124306000000,,,-1381834222694011943,0.0,9.449419709392886,,,0,30,0.0,81929,471146924618714,8,35.122615814208984,-1572.8816696507856,0.004266657400876284,17,-382386.92866459733,0.002133328700438142,1176450050,,,,0,,1,9.172757148742676,,,,,,Q,
Raw,1697799129000,124306000000,,,-1381834222694011943,0.0,9.449419709392886,,,0,10,0.0,227,49928926494349,38,34.516239166259766,-1737.93609514102,0.0031754851806908846,17,-220319.6137730746,0.0015877425903454423,1598062460,,,,0,,3,61.47423553466797,,,,,,C,
Raw,1697799129000,124306000000,,,-1381834222694011943,0.0,9.449419709392886,,,0,6,0.0,16491,922806065,190,14.614845275878906,-417.315413412769,1.2919426441440383,20,-45164.11616746835,340282346638528860000000000000000000000,1599750020,,,,0,,3,61.47423553466797,,,,,,C,
Raw,1697799129000,124306000000,,,-1381834222694011943,0.0,9.449419709392886,,,0,22,0.0,227,49928924299681,90,23.91288185119629,-199.54554041904373,0.8740891310497649,20,-25320.848940019383,340282346638528860000000000000000000000,1600312450,,,,0,,3,61.47423553466797,,,,,,C,
Raw,1697799129000,124306000000,,,-1381834222694011943,0.0,9.449419709392886,,,0,9,0.0,227,49928931149351,36,35.2519645690918,-1220.1541707217693,0.003089131321758032,17,-155499.04671291244,0.001544565660879016,1600875010,,,,0,,3,61.47423553466797,,,,,,C,
Raw,1697799129000,124306000000,,,-1381834222694011943,0.0,9.449419709392886,,,0,16,0.0,227,49928924927062,77,25.846263885498047,-492.77468788585816,0.7872599458854359,20,-62512.58650809353,340282346638528860000000000000000000000,1601437440,,,,0,,3,61.47423553466797,,,,,,C,
Raw,1697799129000,124306000000,,,-1381834222694011943,0.0,9.449419709392886,,,0,101,0.0,16392,49928918685492,1000000000,7.0,-1587.7242842939913,299792458,18,-56.91354683661972,340282346638528860000000000000000000000,1602562560,,,,0,,3,61.47423553466797,,,,,,C,
Raw,1697799129000,124306000000,,,-1381834222694011943,0.0,9.449419709392886,,,0,24,0.0,227,49928924366419,60,28.913406372070312,-1415.1204732897168,0.006033621728420258,17,-179595.9130751861,0.003016810864210129,1603124990,,,,0,,3,61.47423553466797,,,,,,C,
Raw,1697799129000,124306000000,,,-1381834222694011943,0.0,9.449419709392886,,,0,23,0.0,227,49928929967981,93,23.390703201293945,-710.1293854354508,0.8985904898190897,20,-87787.82697596645,340282346638528860000000000000000000000,1603687550,,,,0,,3,61.47423553466797,,,,,,C,
Raw,1697799129000,124306000000,,,-1381834222694011943,0.0,9.449419709392886,,,0,7,0.0,227,49928933419067,77,25.731773376464844,-778.6289882041256,0.7939359801914372,20,-96306.76848773476,340282346638528860000000000000000000000,1604812540,,,,0,,3,61.47423553466797,,,,,,C,
Raw,1697799129000,124306000000,,,-1381834222694011943,0.0,9.449419709392886,,,0,8,0.0,227,49928931970799,75,26.048603057861328,-1302.7280098186857,0.7794280370187665,20,-160067.01709097697,340282346638528860000000000000000000000,1605374980,,,,0,,3,61.47423553466797,,,,,,C,
Raw,1697799129000,124306000000,,,-1381834222694011943,0.0,9.449419709392886,,,0,5,0.0,809,471132867728512,15,37.47895812988281,-986.4667444504303,0.002311201300472021,17,-118621.92247156647,0.09717534380537425,1561097980,,,,0,,5,62.02272033691406,,,,,,C,
Raw,1697799129000,124306000000,,,-1381834222694011943,0.0,9.449419709392886,,,0,9,0.0,16393,471132867346011,33,18.92444610595703,-815.7751167437714,1.0989613848512878,20,450762.4914640539,340282346638528860000000000000000000000,1561097980,,,,1,,5,62.02272033691406,,,,,,C,
Raw,1697799129000,124306000000,,,-1381834222694011943,0.0,9.449419709392886,,,0,19,0.0,65583,471132926199088,9,35.009521484375,-1133.5715410971898,0.0032575102522969246,17,-177864.91754257138,0.0016287551261484623,1561097980,,,,0,,5,62.02272033691406,,,,,,C,
Raw,1697799129000,124306000000,,,-1381834222694011943,0.0,9.449419709392886,,,0,20,0.0,65583,471132924186453,9,34.26198959350586,-665.3292471883469,0.0035502784885466094,17,-83033.57832076965,0.001775139244273305,1561097980,,,,1,,5,62.02272033691406,,,,,,C,
Raw,1697799129000,124306000000,,,-1381834222694011943,0.0,9.449419709392886,,,0,22,0.0,65583,471132916155487,33,18.995386123657227,-1484.8627488590191,1.0973559147606293,20,-232554.6957019654,340282346638528860000000000000000000000,1561097980,,,,0,,5,62.02272033691406,,,,,,C,
Raw,1697799129000,124306000000,,,-1381834222694011943,0.0,9.449419709392886,,,0,29,0.0,16392,471132911031674,1000000000,7.0,-394.9452567441963,299792458,18,-8.56680118811455,340282346638528860000000000000000000000,1561097980,,,,0,,5,62.02272033691406,,,,,,C,
Raw,1697799129000,124306000000,,,-1381834222694011943,0.0,9.449419709392886,,,0,35,0.0,65583,471132917535833,30,20.088214874267578,-597.0198688082869,1.0484609031099756,20,470254.334738477,340282346638528860000000000000000000000,1561097980,,,,0,,5,62.02272033691406,,,,,,C,
Raw,1697799129000,124306000000,,,-1381834222694011943,0.0,9.449419709392886,,,0,36,0.0,65583,471132913112316,50,13.83183479309082,-1645.2776926661481,1.3290075818817861,20,-251838.14645200764,340282346638528860000000000000000000000,1561097980,,,,1,,5,62.02272033691406,,,,,,C,
Raw,1697799129000,124306000000,,,-1381834222694011943,0.0,9.449419709392886,,,0,37,0.0,65583,471132919985435,46,14.878453254699707,-826.740260986116,1.2831786599722275,20,-124803.79309769043,340282346638528860000000000000000000000,1561097980,,,,1,,5,62.02272033691406,,,,,,C,
Raw,1697799129000,124306000000,,,-1381834222694011943,0.0,9.449419709392886,,,0,3,0.0,83976,471146916339774,1000000000,19.16372299194336,-1322.7734021278375,299792458,20,-106904.76161685638,340282346638528860000000000000000000000,1575420030,,,,1,,6,52.76594161987305,,,,,,C,
Raw,1697799129000,124306000000,,,-1381834222694011943,0.0,9.449419709392886,,,0,5,0.0,16392,471146922160037,1000000000,33.76443099975586,-915.6365780257797,299792458,18,-2.768476569896217,340282346638528860000000000000000000000,1575420030,,,,0,,6,52.76594161987305,,,,,,C,
Raw,1697799129000,124306000000,,,-1381834222694011943,0.0,9.449419709392886,,,0,9,0.0,83976,471146912482946,1000000000,29.508821487426758,-564.7598694006642,299792458,20,-18525.65836105658,340282346638528860000000000000000000000,1575420030,,,,1,,6,52.76594161987305,,,,,,C,
Raw,1697799129000,124306000000,,,-1381834222694011943,0.0,9.449419709392886,,,0,13,0.0,16392,471146903896174,1000000000,7.0,-1520.4913219395303,299792458,18,-8.91602640875811,340282346638528860000000000000000000000,1575420030,,,,0,,6,52.76594161987305,,,,,,C,
Raw,1697799129000,124306000000,,,-1381834222694011943,0.0,9.449419709392886,,,0,15,0.0,83976,471146916149806,1000000000,23.638580322265625,-1156.1230047349472,299792458,20,-104290.35310660399,340282346638528860000000000000000000000,1575420030,,,,0,,6,52.76594161987305,,,,,,C,
Raw,1697799129000,124306000000,,,-1381834222694011943,0.0,9.449419709392886,,,0,24,0.0,16392,471146909704290,1000000000,39.155174255371094,-1449.5722737472142,299792458,18,-2.7576278478893426,340282346638528860000000000000000000000,1575420030,,,,0,,6,52.76594161987305,,,,,,C,
Raw,1697799129000,124306000000,,,-1381834222694011943,0.0,9.449419709392886,,,0,31,0.0,83976,471146910058189,1000000000,27.493072509765625,-1079.320983722229,299792458,20,-63412.2008953969,340282346638528860000000000000000000000,1575420030,,,,0,,6,52.76594161987305,,,,,,C,
Raw,1697799129000,124306000000,,,-1381834222694011943,0.0,9.449419709392886,,,0,3,0.0,84011,471146916339707,37,22.968976974487305,-1322.7512091159151,0.016300221905112267,17,51722.51497719297,0.008150110952556133,1176450050,,,,0,,6,9.172757148742676,,,,,,Q,
Raw,1697799129000,124306000000,,,-1381834222694011943,0.0,9.449419709392886,,,0,9,0.0,84011,471146912482947,38,22.873706817626953,-564.6994755440719,0.016479991376399994,17,-10727.89059072164,0.008239995688199997,1176450050,,,,0,,6,9.172757148742676,,,,,,Q,
Raw,1697799129000,124306000000,,,-1381834222694011943,0.0,9.449419709392886,,,0,15,0.0,16392,471146916149855,1000000000,17.973976135253906,-1158.4557443891945,299792458,20,-108011.64322825451,340282346638528860000000000000000000000,1176450050,,,,0,,6,9.172757148742676,,,,,,Q,
Raw,1697799129000,124306000000,,,-1381834222694011943,0.0,9.449419709392886,,,0,31,0.0,84011,471146910058093,32,24.351015090942383,-1080.1521866719072,0.8554225290756303,20,-134460.13836346328,340282346638528860000000000000000000000,1176450050,,,,0,,6,9.172757148742676,,,,,,Q,
Raw,1697799130000,125306000000,,,-1381834222694015226,0.0,9.181735235566153,,,0,3,0.0,16392,471147914581472,1000000000,7.0,-328.2330743254038,299792458,18,-9.148213527832153,340282346638528860000000000000000000000,1575420030,,,,0,,1,52.81098556518555,,,,,,C,
Raw,1697799130000,125306000000,,,-1381834222694015226,0.0,9.181735235566153,,,0,4,0.0,47,471147923315428,19,34.322391510009766,-443.4682691129492,0.003493624273687601,17,-55361.38958447745,0.09689364853602624,1575420030,,,,0,,1,52.81098556518555,,,,,,C,
Raw,1697799130000,125306000000,,,-1381834222694015226,0.0,9.181735235566153,,,0,5,0.0,16392,471147916051492,1000000000,13.563373565673828,-1661.215739974823,299792458,18,-1414.3231059779669,340282346638528860000000000000000000000,1575420030,,,,0,,1,52.81098556518555,,,,,,C,
Raw,1697799130000,125306000000,,,-1381834222694015226,0.0,9.181735235566153,,,0,6,0.0,47,471147928505801,15,37.43700408935547,-566.1891304586898,0.002440874697640538,17,-71243.18412383879,0.001220437348820269,1575420030,,,,0,,1,52.81098556518555,,,,,,C,
Raw,1697799130000,125306000000,,,-1381834222694015226,0.0,9.181735235566153,,,0,7,0.0,47,471147929400611,18,35.03953170776367,-1244.253566482541,0.003216763725504279,17,-155726.57934931276,0.0016083818627521396,1575420030,,,,0,,1,52.81098556518555,,,,,,C,
Raw,1697799130000,125306000000,,,-1381834222694015226,0.0,9.181735235566153,,,0,9,0.0,47,471147930464358,20,33.679019927978516,-674.632502933382,0.0037622242234647274,17,-84545.77143798389,0.0970279485109148,1575420030,,,,0,,1,52.81098556518555,,,,,,C,
Raw,1697799130000,125306000000,,,-1381834222694015226,0.0,9.181735235566153,,,0,11,0.0,47,471147927929493,27,30.191608428955078,-1058.4731391863606,0.005299550946801901,17,-132810.796975632,0.0026497754734009504,1575420030,,,,1,,1,52.81098556518555,,,,,,C,
Raw,1697799130000,125306000000,,,-1381834222694015226,0.0,9.181735235566153,,,0,16,0.0,47,471147918775392,33,27.55959701538086,-970.52390973203,0.007175291888415813,17,-121018.28171295064,0.0035876459442079067,1575420030,,,,0,,1,52.81098556518555,,,,,,C,
Raw,1697799130000,125306000000,,,-1381834222694015226,0.0,9.181735235566153,,,0,20,0.0,47,471147925960191,20,33.6577033996582,-1527.4566812335688,0.003771468997001648,17,-190639.3201289381,0.001885734498500824,1575420030,,,,0,,1,52.81098556518555,,,,,,C,
Raw,1697799130000,125306000000,,,-1381834222694015226,0.0,9.181735235566153,,,0,26,0.0,16392,471147915099962,1000000000,16.045076370239258,-611.3526324147374,299792458,18,-539.6833889859076,340282346638528860000000000000000000000,1575420030,,,,0,,1,52.81098556518555,,,,,,C,
Raw,1697799130000,125306000000,,,-1381834222694015226,0.0,9.181735235566153,,,0,29,0.0,16392,471147914062982,1000000000,7.0,-1098.3182723283912,299792458,18,-29.601308389605663,340282346638528860000000000000000000000,1575420030,,,,0,,1,52.81098556518555,,,,,,C,
Raw,1697799130000,125306000000,,,-1381834222694015226,0.0,9.181735235566153,,,0,30,0.0,47,471147924624001,21,32.898799896240234,-1572.4170605758554,0.004115813411772251,17,-196395.2116661839,0.0020579067058861256,1575420030,,,,0,,1,52.81098556518555,,,,,,C,
Raw,1697799130000,125306000000,,,-1381834222694015226,0.0,9.181735235566153,,,0,6,0.0,81929,471147928505758,14,28.697866439819336,-566.1873851612036,0.008428473956882954,17,-140376.05037489432,0.004214236978441477,1176450050,,,,0,,1,8.884800910949707,,,,,,Q,
Raw,1697799130000,125306000000,,,-1381834222694015226,0.0,9.181735235566153,,,0,9,0.0,81929,471147930464394,10,28.69842529296875,-674.637800675264,0.008427932858467102,17,-154704.93690143697,0.004213966429233551,1176450050,,,,0,,1,8.884800910949707,,,,,,Q,
Raw,1697799130000,125306000000,,,-1381834222694015226,0.0,9.181735235566153,,,0,30,0.0,81929,471147924623968,13,33.786773681640625,-1572.4086212466937,0.00497599458321929,17,-383959.337285844,0.002487997291609645,1176450050,,,,0,,1,8.884800910949707,,,,,,Q,
Raw,1697799130000,125306000000,,,-1381834222694015226,0.0,9.181735235566153,,,0,10,0.0,227,49929926500148,47,31.859792709350586,-1737.442440321407,0.004311539698392153,17,-222057.05621339602,0.0021557698491960764,1598062460,,,,0,,3,61.37702941894531,,,,,,C,
Raw,1697799130000,125306000000,,,-1381834222694015226,0.0,9.181735235566153,,,0,96,0.0,16491,1922807638,215,13.07390022277832,-416.16737994725463,1.3612374705041477,20,-45581.563618884895,340282346638528860000000000000000000000,1599750020,,,,0,,3,61.37702941894531,,,,,,C,
Raw,1697799130000,125306000000,,,-1381834222694015226,0.0,9.181735235566153,,,0,22,0.0,227,49929924300256,109,21.45195770263672,-199.6250718313397,0.9847541351390534,20,-25519.459917884353,340282346638528860000000000000000000000,1600312450,,,,0,,3,61.37702941894531,,,,,,C,
Raw,1697799130000,125306000000,,,-1381834222694015226,0.0,9.181735235566153,,,0,9,0.0,227,49929931153381,36,35.27362060546875,-1219.6018556573254,0.003081439295783639,17,-156718.64856856977,0.0015407196478918195,1600875010,,,,0,,3,61.37702941894531,,,,,,C,
Raw,1697799130000,125306000000,,,-1381834222694015226,0.0,9.181735235566153,,,0,16,0.0,227,49929924928558,64,28.020000457763672,-492.36409653212786,0.6895097963955683,20,-63005.277394337485,340282346638528860000000000000000000000,1601437440,,,,0,,3,61.37702941894531,,,,,,C,
Raw,1697799130000,125306000000,,,-1381834222694015226,0.0,9.181735235566153,,,0,101,0.0,16392,49929918690782,1000000000,7.0,-1587.8154889476464,299792458,18,-56.9897569390189,340282346638528860000000000000000000000,1602562560,,,,0,,3,61.37702941894531,,,,,,C,
Raw,1697799130000,125306000000,,,-1381834222694015226,0.0,9.181735235566153,,,0,24,0.0,227,49929924371134,63,28.168846130371094,-1414.5540570726153,0.00657364446669817,17,-181010.46713225872,0.003286822233349085,1603124990,,,,0,,3,61.37702941894531,,,,,,C,
Raw,1697799130000,125306000000,,,-1381834222694015226,0.0,9.181735235566153,,,0,23,0.0,227,49929929970228,107,21.72952651977539,-709.7538649294825,0.9732921118162152,20,-88497.94872631716,340282346638528860000000000000000000000,1603687550,,,,0,,3,61.37702941894531,,,,,,C,
Raw,1697799130000,125306000000,,,-1381834222694015226,0.0,9.181735235566153,,,0,7,0.0,227,49929933421529,110,21.3972110748291,-777.9308431647123,0.9888567442756888,20,-97085.43468465885,340282346638528860000000000000000000000,1604812540,,,,0,,3,61.37702941894531,,,,,,C,
Raw,1697799130000,125306000000,,,-1381834222694015226,0.0,9.181735235566153,,,0,8,0.0,227,49929931975061,72,26.650400161743164,-1302.426584573198,0.752366633106953,20,-161369.8316627753,340282346638528860000000000000000000000,1605374980,,,,0,,3,61.37702941894531,,,,,,C,
Raw,1697799130000,125306000000,,,-1381834222694015226,0.0,9.181735235566153,,,0,5,0.0,809,471133867731761,16,36.192138671875,-985.6516624715296,0.002680271165445447,17,-119607.574134038,0.09735987873786096,1561097980,,,,0,,5,62.08014678955078,,,,,,C,
Raw,1697799130000,125306000000,,,-1381834222694015226,0.0,9.181735235566153,,,0,9,0.0,16393,471133867348787,28,20.776737213134766,-816.0415052239537,1.0156663906668593,20,449946.7940773174,340282346638528860000000000000000000000,1561097980,,,,1,,5,62.08014678955078,,,,,,C,
Raw,1697799130000,125306000000,,,-1381834222694015226,0.0,9.181735235566153,,,0,19,0.0,65583,471133926202861,9,35.28852081298828,-1133.1667329920747,0.0031545390374958515,17,-178998.08427556345,0.0015772695187479258,1561097980,,,,0,,5,62.08014678955078,,,,,,C,
Raw,1697799130000,125306000000,,,-1381834222694015226,0.0,9.181735235566153,,,0,20,0.0,65583,471133924188676,10,33.15013885498047,-664.9153673231776,0.004035105928778648,17,-83698.49368809283,0.002017552964389324,1561097980,,,,1,,5,62.08014678955078,,,,,,C,
Raw,1697799130000,125306000000,,,-1381834222694015226,0.0,9.181735235566153,,,0,22,0.0,12,471133916160484,1000000000,19.110774993896484,-1484.9081466911075,299792458,20,-234039.8757660233,340282346638528860000000000000000000000,1561097980,,,,1,,5,62.08014678955078,,,,,,C,
Raw,1697799130000,125306000000,,,-1381834222694015226,0.0,9.181735235566153,,,0,29,0.0,16392,471133911032991,1000000000,7.0,-395.31995927120806,299792458,18,-8.555463211884344,340282346638528860000000000000000000000,1561097980,,,,0,,5,62.08014678955078,,,,,,C,
Raw,1697799130000,125306000000,,,-1381834222694015226,0.0,9.181735235566153,,,0,35,0.0,65583,471133917537806,31,19.87203598022461,-596.4483741773124,1.0581826575639157,20,469657.9494718888,340282346638528860000000000000000000000,1561097980,,,,0,,5,62.08014678955078,,,,,,C,
Raw,1697799130000,125306000000,,,-1381834222694015226,0.0,9.181735235566153,,,0,36,0.0,12,471133913118099,1000000000,12.730264663696289,-1644.9089204865713,299792458,20,-253483.40638098586,340282346638528860000000000000000000000,1561097980,,,,0,,5,62.08014678955078,,,,,,C,
Raw,1697799130000,125306000000,,,-1381834222694015226,0.0,9.181735235566153,,,0,37,0.0,65583,471133919988062,44,15.5765962600708,-824.6485524643981,1.251784324073058,20,-125630.80874178487,340282346638528860000000000000000000000,1561097980,,,,1,,5,62.08014678955078,,,,,,C,
Raw,1697799130000,125306000000,,,-1381834222694015226,0.0,9.181735235566153,,,0,3,0.0,83976,471147916344170,1000000000,21.125263214111328,-1321.9993213752914,299792458,20,-108227.49479238306,340282346638528860000000000000000000000,1575420030,,,,1,,6,52.81098556518555,,,,,,C,
Raw,1697799130000,125306000000,,,-1381834222694015226,0.0,9.181735235566153,,,0,5,0.0,16392,471147922163092,1000000000,35.772560119628906,-915.6365780257797,299792458,18,-2.732674554835366,340282346638528860000000000000000000000,1575420030,,,,0,,6,52.81098556518555,,,,,,C,
Raw,1697799130000,125306000000,,,-1381834222694015226,0.0,9.181735235566153,,,0,9,0.0,83976,471147912484821,1000000000,28.27349090576172,-564.6728568891615,299792458,20,-19090.032372385424,340282346638528860000000000000000000000,1575420030,,,,1,,6,52.81098556518555,,,,,,C,
Raw,1697799130000,125306000000,,,-1381834222694015226,0.0,9.181735235566153,,,0,13,0.0,16392,471147903901244,1000000000,7.0,-1520.30577704622,299792458,18,-8.85602784535816,340282346638528860000000000000000000000,1575420030,,,,0,,6,52.81098556518555,,,,,,C,
Raw,1697799130000,125306000000,,,-1381834222694015226,0.0,9.181735235566153,,,0,15,0.0,83976,471147916153684,1000000000,23.1367244720459,-1159.4110074806158,299792458,20,-105449.54977630868,340282346638528860000000000000000000000,1575420030,,,,0,,6,52.81098556518555,,,,,,C,
Raw,1697799130000,125306000000,,,-1381834222694015226,0.0,9.181735235566153,,,0,24,0.0,85034,471147909709098,17,35.858367919921875,-1448.9124373889326,0.3364480982279239,20,-1162.12037910539,340282346638528860000000000000000000000,1575420030,,,,0,,6,52.81098556518555,,,,,,C,
Raw,1697799130000,125306000000,,,-1381834222694015226,0.0,9.181735235566153,,,0,31,0.0,83976,471147910061813,1000000000,26.324323654174805,-1080.2709981153457,299792458,20,-64492.06901465811,340282346638528860000000000000000000000,1575420030,,,,0,,6,52.81098556518555,,,,,,C,
Raw,1697799130000,125306000000,,,-1381834222694015226,0.0,9.181735235566153,,,0,3,0.0,84011,471147916344105,45,22.703142166137695,-1322.3133533160144,0.01680680736899376,17,50400.20162387696,0.00840340368449688,1176450050,,,,0,,6,8.884800910949707,,,,,,Q,
Raw,1697799130000,125306000000,,,-1381834222694015226,0.0,9.181735235566153,,,0,9,0.0,84011,471147912484829,34,22.956390380859375,-564.3630342536271,0.016323858872056007,17,-11292.253624975267,0.008161929436028004,1176450050,,,,0,,6,8.884800910949707,,,,,,Q,
Raw,1697799130000,125306000000,,,-1381834222694015226,0.0,9.181735235566153,,,0,15,0.0,84011,471147916153721,83,19.224607467651367,-1157.2966682077667,1.0870477024122245,20,-109169.2499807708,340282346638528860000000000000000000000,1176450050,,,,0,,6,8.884800910949707,,,,,,Q,
Raw,1697799130000,125306000000,,,-1381834222694015226,0.0,9.181735235566153,,,0,24,0.0,16392,471147909709059,1000000000,27.0822811126709,-1452.4917769729582,299792458,22,-147549.47982260102,340282346638528860000000000000000000000,1176450050,,,,0,,6,8.884800910949707,,,,,,Q,
Raw,1697799130000,125306000000,,,-1381834222694015226,0.0,9.181735235566153,,,0,31,0.0,84011,471147910061708,29,24.678667068481445,-1079.8380747587653,0.013387793675065039,17,-135539.97643822205,0.00669389683753252,1176450050,,,,0,,6,8.884800910949707,,,,,,Q,
Raw,1697799131000,126306000000,,,-1381834222694018508,0.0,9.057521438795808,,,0,3,0.0,16392,471148914582560,1000000000,9.023237228393555,-328.0473931022675,299792458,18,-9.153318263555484,340282346638528860000000000000000000000,1575420030,,,,0,,1,52.855796813964844,,,,,,C,
Raw,1697799131000,126306000000,,,-1381834222694018508,0.0,9.057521438795808,,,0,4,0.0,47,471148923316920,19,34.33295822143555,-442.81442584448814,0.0034893767442554235,17,-55804.20401032194,0.09689152477131015,1575420030,,,,0,,1,52.855796813964844,,,,,,C,
Raw,1697799131000,126306000000,,,-1381834222694018508,0.0,9.057521438795808,,,0,5,0.0,16392,471148916057028,1000000000,15.221538543701172,-1661.0301950815128,299792458,18,-1414.3591132836957,340282346638528860000000000000000000000,1575420030,,,,0,,1,52.855796813964844,,,,,,C,
Raw,1697799131000,126306000000,,,-1381834222694018508,0.0,9.057521438795808,,,0,6,0.0,47,471148928507698,15,36.76155471801758,-565.4421342783171,0.0026382622309029102,17,-71808.6262581171,0.0013191311154514551,1575420030,,,,0,,1,52.855796813964844,,,,,,C,
Raw,1697799131000,126306000000,,,-1381834222694018508,0.0,9.057521438795808,,,0,7,0.0,47,471148929404746,22,32.374881744384766,-1243.485109477071,0.004371712449938059,17,-156970.06445878983,0.0021858562249690294,1575420030,,,,0,,1,52.855796813964844,,,,,,C,
Raw,1697799131000,126306000000,,,-1381834222694018508,0.0,9.057521438795808,,,0,9,0.0,47,471148930466576,22,32.468936920166016,-673.9446749103518,0.004324629437178373,17,-85219.71611289424,0.09730915111777162,1575420030,,,,1,,1,52.855796813964844,,,,,,C,
Raw,1697799131000,126306000000,,,-1381834222694018508,0.0,9.057521438795808,,,0,11,0.0,47,471148927933018,25,30.81856346130371,-1057.722611942154,0.004930504132062197,17,-133868.51958757415,0.0024652520660310984,1575420030,,,,1,,1,52.855796813964844,,,,,,C,
Raw,1697799131000,126306000000,,,-1381834222694018508,0.0,9.057521438795808,,,0,16,0.0,47,471148918778612,32,27.80732536315918,-969.7826310206437,0.006973538082093,17,-121988.06434397129,0.0034867690410465,1575420030,,,,0,,1,52.855796813964844,,,,,,C,
Raw,1697799131000,126306000000,,,-1381834222694018508,0.0,9.057521438795808,,,0,20,0.0,47,471148925965306,21,33.06221389770508,-1526.760834186396,0.004039103630930185,17,-192166.0809631245,0.0020195518154650927,1575420030,,,,1,,1,52.855796813964844,,,,,,C,
Raw,1697799131000,126306000000,,,-1381834222694018508,0.0,9.057521438795808,,,0,26,0.0,16392,471148915101996,1000000000,7.0,-610.9813381333779,299792458,18,-539.6921692890563,340282346638528860000000000000000000000,1575420030,,,,0,,1,52.855796813964844,,,,,,C,
Raw,1697799131000,126306000000,,,-1381834222694018508,0.0,9.057521438795808,,,0,29,0.0,16392,471148914066643,1000000000,7.0,-1097.9469780470317,299792458,18,-29.621883893016147,340282346638528860000000000000000000000,1575420030,,,,0,,1,52.855796813964844,,,,,,C,
Raw,1697799131000,126306000000,,,-1381834222694018508,0.0,9.057521438795808,,,0,30,0.0,47,471148924629222,23,32.113182067871094,-1571.7558347582526,0.004247763659805059,17,-197966.96750094215,0.0021238818299025297,1575420030,,,,0,,1,52.855796813964844,,,,,,C,
Raw,1697799131000,126306000000,,,-1381834222694018508,0.0,9.057521438795808,,,0,6,0.0,81929,471148928507643,8,30.667438507080078,-565.4590386492491,0.006718470249325037,17,-140941.50941354356,0.0033592351246625185,1176450050,,,,0,,1,10.1537446975708,,,,,,Q,
Raw,1697799131000,126306000000,,,-1381834222694018508,0.0,9.057521438795808,,,0,9,0.0,81929,471148930466648,19,27.31348419189453,-673.9277423280582,0.009884804487228394,17,-155378.86464376503,0.004942402243614197,1176450050,,,,0,,1,10.1537446975708,,,,,,Q,
Raw,1697799131000,126306000000,,,-1381834222694018508,0.0,9.057521438795808,,,0,30,0.0,81929,471148924629214,8,31.89345932006836,-1571.7020435876912,0.005834039766341448,17,-385531.0393294317,0.002917019883170724,1176450050,,,,1,,1,10.1537446975708,,,,,,Q,
Raw,1697799131000,126306000000,,,-1381834222694018508,0.0,9.057521438795808,,,0,10,0.0,227,49930926505993,42,33.31572341918945,-1736.751189610659,0.0038673384115099907,17,-223793.80740300668,0.0019336692057549953,1598062460,,,,0,,3,61.30692672729492,,,,,,C,
Raw,1697799131000,126306000000,,,-1381834222694018508,0.0,9.057521438795808,,,0,96,0.0,16491,922808955,202,13.884763717651367,-414.1264202032992,1.3247741680047849,20,-45996.82020298292,340282346638528860000000000000000000000,1599750020,,,,0,,3,61.30692672729492,,,,,,C,
Raw,1697799131000,126306000000,,,-1381834222694018508,0.0,9.057521438795808,,,0,22,0.0,227,49930924300938,109,21.49849510192871,-199.2207175671531,0.9826615921296891,20,-25718.819960468958,340282346638528860000000000000000000000,1600312450,,,,0,,3,61.30692672729492,,,,,,C,
Raw,1697799131000,126306000000,,,-1381834222694018508,0.0,9.057521438795808,,,0,9,0.0,227,49930931157484,39,34.03105545043945,-1218.843832718645,0.0035553465131670232,17,-157937.49240128841,0.0017776732565835118,1600875010,,,,0,,3,61.30692672729492,,,,,,C,
Raw,1697799131000,126306000000,,,-1381834222694018508,0.0,9.057521438795808,,,0,16,0.0,227,49930924929944,68,27.37872314453125,-491.9033024499513,0.0072072516195476055,17,-63497.180696787436,0.0036036258097738028,1601437440,,,,0,,3,61.30692672729492,,,,,,C,
Raw,1697799131000,126306000000,,,-1381834222694018508,0.0,9.057521438795808,,,0,101,0.0,16392,49930918696078,1000000000,15.571138381958008,-1587.4508066628523,299792458,18,-56.95834714132425,340282346638528860000000000000000000000,1602562560,,,,0,,3,61.30692672729492,,,,,,C,
Raw,1697799131000,126306000000,,,-1381834222694018508,0.0,9.057521438795808,,,0,24,0.0,227,49930924375887,58,29.30792808532715,-1413.7797376685194,0.005765699781477451,17,-182424.24686992724,0.0028828498907387257,1603124990,,,,0,,3,61.30692672729492,,,,,,C,
Raw,1697799131000,126306000000,,,-1381834222694018508,0.0,9.057521438795808,,,0,23,0.0,227,49930929972471,90,23.85116958618164,-708.9564036117617,0.8778845986739077,20,-89208.02827259224,340282346638528860000000000000000000000,1603687550,,,,0,,3,61.30692672729492,,,,,,C,
Raw,1697799131000,126306000000,,,-1381834222694018508,0.0,9.057521438795808,,,0,7,0.0,227,49930933423917,121,20.202659606933594,-777.2926832487792,1.0425748894954054,20,-97863.89859527038,340282346638528860000000000000000000000,1604812540,,,,1,,3,61.30692672729492,,,,,,C,
Raw,1697799131000,126306000000,,,-1381834222694018508,0.0,9.057521438795808,,,0,8,0.0,227,49930931979338,60,28.868396759033203,-1301.806556524135,0.6526265873810768,20,-162671.99158150924,340282346638528860000000000000000000000,1605374980,,,,0,,3,61.30692672729492,,,,,,C,
Raw,1697799131000,126306000000,,,-1381834222694018508,0.0,9.057521438795808,,,0,5,0.0,809,471134867735008,18,35.034027099609375,-984.8755702811759,0.0030625576619058847,17,-120592.44970431918,0.09755102198609118,1561097980,,,,0,,5,61.87746810913086,,,,,,C,
Raw,1697799131000,126306000000,,,-1381834222694018508,0.0,9.057521438795808,,,0,9,0.0,16393,471134867351473,23,23.455886840820312,-814.7568011077828,0.8951886346274067,20,449131.7476468743,340282346638528860000000000000000000000,1561097980,,,,1,,5,61.87746810913086,,,,,,C,
Raw,1697799131000,126306000000,,,-1381834222694018508,0.0,9.057521438795808,,,0,19,0.0,65583,471134926206637,8,36.00285339355469,-1132.491001601331,0.0029054891783744097,17,-180130.57527716478,0.0014527445891872048,1561097980,,,,0,,5,61.87746810913086,,,,,,C,
Raw,1697799131000,126306000000,,,-1381834222694018508,0.0,9.057521438795808,,,0,20,0.0,65583,471134924190901,14,29.545745849609375,-663.4692754872885,0.6207660141274429,20,-84362.53773293663,340282346638528860000000000000000000000,1561097980,,,,1,,5,61.87746810913086,,,,,,C,
Raw,1697799131000,126306000000,,,-1381834222694018508,0.0,9.057521438795808,,,0,22,0.0,12,471134916165423,1000000000,18.142948150634766,-1485.0579731699818,299792458,20,-235524.3294850806,340282346638528860000000000000000000000,1561097980,,,,1,,5,61.87746810913086,,,,,,C,
Raw,1697799131000,126306000000,,,-1381834222694018508,0.0,9.057521438795808,,,0,29,0.0,16392,471134911034305,1000000000,7.0,-394.9452567441963,299792458,18,-8.560624136270501,340282346638528860000000000000000000000,1561097980,,,,0,,5,61.87746810913086,,,,,,C,
Raw,1697799131000,126306000000,,,-1381834222694018508,0.0,9.057521438795808,,,0,35,0.0,65583,471134917539713,30,20.016826629638672,-595.5023133491522,1.0516719098585905,20,469062.2359634446,340282346638528860000000000000000000000,1561097980,,,,1,,5,61.87746810913086,,,,,,C,
Raw,1697799131000,126306000000,,,-1381834222694018508,0.0,9.057521438795808,,,0,36,0.0,12,471134913123309,1000000000,7.678773880004883,-1645.5199507671123,299792458,20,-255128.08741710705,340282346638528860000000000000000000000,1561097980,,,,1,,5,61.87746810913086,,,,,,C,
Raw,1697799131000,126306000000,,,-1381834222694018508,0.0,9.057521438795808,,,0,37,0.0,65583,471134919990704,27,21.618526458740234,-821.0776653295902,0.9800861699413863,20,-126454.23043581711,340282346638528860000000000000000000000,1561097980,,,,1,,5,61.87746810913086,,,,,,C,
Raw,1697799131000,126306000000,,,-1381834222694018508,0.0,9.057521438795808,,,0,3,0.0,83976,471148916348652,1000000000,21.19965362548828,-1321.843223724417,299792458,20,-109550.47555687948,340282346638528860000000000000000000000,1575420030,,,,1,,6,52.855796813964844,,,,,,C,
Raw,1697799131000,126306000000,,,-1381834222694018508,0.0,9.057521438795808,,,0,5,0.0,16392,471148922166138,1000000000,37.44642639160156,-915.2652837444202,299792458,18,-2.7534248012084492,340282346638528860000000000000000000000,1575420030,,,,0,,6,52.855796813964844,,,,,,C,
Raw,1697799131000,126306000000,,,-1381834222694018508,0.0,9.057521438795808,,,0,9,0.0,83976,471148912486806,1000000000,27.711341857910156,-564.2420887211697,299792458,20,-19654.68468471796,340282346638528860000000000000000000000,1575420030,,,,1,,6,52.855796813964844,,,,,,C,
Raw,1697799131000,126306000000,,,-1381834222694018508,0.0,9.057521438795808,,,0,13,0.0,16392,471148903906310,1000000000,7.0,-1520.1200958230838,299792458,18,-8.89114308887629,340282346638528860000000000000000000000,1575420030,,,,0,,6,52.855796813964844,,,,,,C,
Raw,1697799131000,126306000000,,,-1381834222694018508,0.0,9.057521438795808,,,0,15,0.0,83976,471148916157472,1000000000,21.22323989868164,-1158.5660352185023,299792458,20,-106607.37271366197,340282346638528860000000000000000000000,1575420030,,,,0,,6,52.855796813964844,,,,,,C,
Raw,1697799131000,126306000000,,,-1381834222694018508,0.0,9.057521438795808,,,0,24,0.0,85034,471148909713920,18,35.22035217285156,-1448.5220587486967,0.002572364639490843,17,-2610.6424378540864,0.09643301871892786,1575420030,,,,0,,6,52.855796813964844,,,,,,C,
Raw,1697799131000,126306000000,,,-1381834222694018508,0.0,9.057521438795808,,,0,31,0.0,83976,471148910065474,1000000000,22.954893112182617,-1079.6957544141537,299792458,20,-65572.21287433167,340282346638528860000000000000000000000,1575420030,,,,0,,6,52.855796813964844,,,,,,C,
Raw,1697799131000,126306000000,,,-1381834222694018508,0.0,9.057521438795808,,,0,3,0.0,84011,471148916348519,46,22.041675567626953,-1321.6331589908805,0.018136711791157722,17,49078.56846488608,0.009068355895578861,1176450050,,,,0,,6,10.1537446975708,,,,,,Q,
Raw,1697799131000,126306000000,,,-1381834222694018508,0.0,9.057521438795808,,,0,9,0.0,84011,471148912486703,67,20.45914077758789,-563.7898967287765,0.021761318668723106,17,-11856.043521704043,0.010880659334361553,1176450050,,,,0,,6,10.1537446975708,,,,,,Q,
Raw,1697799131000,126306000000,,,-1381834222694018508,0.0,9.057521438795808,,,0,15,0.0,84011,471148916157584,77,19.590435028076172,-1156.2282513606897,1.0705975251888389,20,-110326.1127742087,340282346638528860000000000000000000000,1176450050,,,,0,,6,10.1537446975708,,,,,,Q,
Raw,1697799131000,126306000000,,,-1381834222694018508,0.0,9.057521438795808,,,0,24,0.0,16392,471148909713895,1000000000,30.625022888183594,-1449.3889101311215,299792458,20,-148996.5813073855,340282346638528860000000000000000000000,1176450050,,,,0,,6,10.1537446975708,,,,,,Q,
Raw,1697799131000,126306000000,,,-1381834222694018508,0.0,9.057521438795808,,,0,31,0.0,84011,471148910065308,22,25.62164306640625,-1079.1497174606484,0.012010474689304829,17,-136619.1261556827,0.006005237344652414,1176450050,,,,0,,6,10.1537446975708,,,,,,Q,
Raw,1697799132000,127306000000,,,-1381834222694021788,0.0,9.110963377275281,,,0,3,0.0,16392,471149914583649,1000000000,7.0,-327.3048045395485,299792458,18,-9.130138289291315,340282346638528860000000000000000000000,1575420030,,,,0,,1,52.840885162353516,,,,,,C,
Raw,1697799132000,127306000000,,,-1381834222694021788,0.0,9.110963377275281,,,0,4,0.0,47,471149923318379,19,34.25148391723633,-442.1499284165402,0.003522260580211878,17,-56246.35393873848,0.09690796668928837,1575420030,,,,0,,1,52.840885162353516,,,,,,C,
Raw,1697799132000,127306000000,,,-1381834222694021788,0.0,9.110963377275281,,,0,5,0.0,16392,471149916062562,1000000000,7.0,-1660.2876065187938,299792458,18,-1414.2823270632814,340282346638528860000000000000000000000,1575420030,,,,0,,1,52.840885162353516,,,,,,C,
Raw,1697799132000,127306000000,,,-1381834222694021788,0.0,9.110963377275281,,,0,6,0.0,47,471149928509590,18,35.12703323364258,-564.6818837959581,0.0031845204066485162,17,-72373.30814191306,0.0015922602033242583,1575420030,,,,0,,1,52.840885162353516,,,,,,C,
Raw,1697799132000,127306000000,,,-1381834222694021788,0.0,9.110963377275281,,,0,7,0.0,47,471149929408880,24,31.267780303955078,-1242.7920028961962,0.004681989084929229,17,-158212.85646168602,0.002340994542464614,1575420030,,,,1,,1,52.840885162353516,,,,,,C,
Raw,1697799132000,127306000000,,,-1381834222694021788,0.0,9.110963377275281,,,0,9,0.0,47,471149930468823,21,32.80964279174805,-673.2323801361199,0.0041582779958844185,17,-85892.94849303036,0.09722597539712464,1575420030,,,,0,,1,52.840885162353516,,,,,,C,
Raw,1697799132000,127306000000,,,-1381834222694021788,0.0,9.110963377275281,,,0,11,0.0,47,471149927936562,28,29.462814331054688,-1056.9550456447469,0.005763399880379438,17,-134925.4746332189,0.002881699940189719,1575420030,,,,1,,1,52.840885162353516,,,,,,C,
Raw,1697799132000,127306000000,,,-1381834222694021788,0.0,9.110963377275281,,,0,16,0.0,47,471149918781807,29,29.317712783813477,-968.9587142510281,0.00586048886179924,17,-122957.02305822232,0.00293024443089962,1575420030,,,,0,,1,52.840885162353516,,,,,,C,
Raw,1697799132000,127306000000,,,-1381834222694021788,0.0,9.110963377275281,,,0,20,0.0,47,471149925970416,24,31.540203094482422,-1526.0930695119896,0.004537423141300678,17,-193692.17403263648,0.002268711570650339,1575420030,,,,0,,1,52.840885162353516,,,,,,C,
Raw,1697799132000,127306000000,,,-1381834222694021788,0.0,9.110963377275281,,,0,26,0.0,16392,471149915104025,1000000000,7.0,-610.2387495706589,299792458,18,-539.6571830638784,340282346638528860000000000000000000000,1575420030,,,,0,,1,52.840885162353516,,,,,,C,
Raw,1697799132000,127306000000,,,-1381834222694021788,0.0,9.110963377275281,,,0,29,0.0,16392,471149914070299,1000000000,7.0,-1097.2043894843127,299792458,18,-29.568601172172393,340282346638528860000000000000000000000,1575420030,,,,0,,1,52.840885162353516,,,,,,C,
Raw,1697799132000,127306000000,,,-1381834222694021788,0.0,9.110963377275281,,,0,30,0.0,47,471149924634441,22,32.29666519165039,-1570.9880050178908,0.0041589741595089436,17,-199537.95550596004,0.0020794870797544718,1575420030,,,,0,,1,52.840885162353516,,,,,,C,
Raw,1697799132000,127306000000,,,-1381834222694021788,0.0,9.110963377275281,,,0,6,0.0,81929,471149928509527,9,31.336915969848633,-564.6878161373315,0.006220088340342045,17,-141506.1972296809,0.0031100441701710224,1176450050,,,,0,,1,9.451472282409668,,,,,,Q,
Raw,1697799132000,127306000000,,,-1381834222694021788,0.0,9.110963377275281,,,0,9,0.0,81929,471149930468897,19,27.246944427490234,-673.2274463440407,0.009960819967091084,17,-156052.09209010907,0.004980409983545542,1176450050,,,,0,,1,9.451472282409668,,,,,,Q,
Raw,1697799132000,127306000000,,,-1381834222694021788,0.0,9.110963377275281,,,0,30,0.0,16392,471149924634455,1000000000,29.690980911254883,-1571.0522489936557,0.007517843507230282,17,-387102.0915784254,0.003758921753615141,1176450050,,,,1,,1,9.451472282409668,,,,,,Q,
Raw,1697799132000,127306000000,,,-1381834222694021788,0.0,9.110963377275281,,,0,10,0.0,227,49931926511754,36,35.15962219238281,-1736.0497959764325,0.0031276436056941743,17,-225529.8571989831,0.0015638218028470874,1598062460,,,,0,,3,61.37702941894531,,,,,,C,
Raw,1697799132000,127306000000,,,-1381834222694021788,0.0,9.110963377275281,,,0,96,0.0,16491,1922810185,215,13.093530654907227,-414.181429288127,1.3603551875378326,20,-46410.97378683289,340282346638528860000000000000000000000,1599750020,,,,1,,3,61.37702941894531,,,,,,C,
Raw,1697799132000,127306000000,,,-1381834222694021788,0.0,9.110963377275281,,,0,22,0.0,227,49931924301672,109,21.5362548828125,-197.659911470691,0.9809637266295508,20,-25918.242342814592,340282346638528860000000000000000000000,1600312450,,,,0,,3,61.37702941894531,,,,,,C,
Raw,1697799132000,127306000000,,,-1381834222694021788,0.0,9.110963377275281,,,0,9,0.0,227,49931931161569,42,33.30525588989258,-1218.0051637915312,0.0038651986978948116,17,-159155.49756507995,0.0019325993489474058,1600875010,,,,0,,3,61.37702941894531,,,,,,C,
Raw,1697799132000,127306000000,,,-1381834222694021788,0.0,9.110963377275281,,,0,16,0.0,227,49931924931583,67,27.44349479675293,-491.18332207958883,0.007153705693781376,17,-63988.364018867025,0.003576852846890688,1601437440,,,,0,,3,61.37702941894531,,,,,,C,
Raw,1697799132000,127306000000,,,-1381834222694021788,0.0,9.110963377275281,,,0,101,0.0,16392,49931918701366,1000000000,15.895018577575684,-1586.8127830767453,299792458,18,-56.92203986669544,340282346638528860000000000000000000000,1602562560,,,,0,,3,61.37702941894531,,,,,,C,
Raw,1697799132000,127306000000,,,-1381834222694021788,0.0,9.110963377275281,,,0,24,0.0,227,49931924380584,60,28.872207641601562,-1412.8720119037998,0.6510883502612934,20,-183837.3020844693,340282346638528860000000000000000000000,1603124990,,,,0,,3,61.37702941894531,,,,,,C,
Raw,1697799132000,127306000000,,,-1381834222694021788,0.0,9.110963377275281,,,0,23,0.0,227,49931929974847,87,24.20743751525879,-708.2236307965213,0.8618641133584415,20,-89916.42659636533,340282346638528860000000000000000000000,1603687550,,,,0,,3,61.37702941894531,,,,,,C,
Raw,1697799132000,127306000000,,,-1381834222694021788,0.0,9.110963377275281,,,0,7,0.0,227,49931933426250,100,22.620704650878906,-776.5017657627109,0.9338385397280611,20,-98642.09614396855,340282346638528860000000000000000000000,1604812540,,,,1,,3,61.37702941894531,,,,,,C,
Raw,1697799132000,127306000000,,,-1381834222694021788,0.0,9.110963377275281,,,0,8,0.0,227,49931931983701,58,29.340686798095703,-1301.466360762599,0.005735944956541061,17,-163973.45794227184,0.0028679724782705307,1605374980,,,,0,,3,61.37702941894531,,,,,,C,
Raw,1697799132000,127306000000,,,-1381834222694021788,0.0,9.110963377275281,,,0,5,0.0,809,471135867738253,18,35.01393508911133,-984.7243993635493,0.0030696496833115816,17,-121577.17410368273,0.09755456799679403,1561097980,,,,0,,5,61.87746810913086,,,,,,C,
Raw,1697799132000,127306000000,,,-1381834222694021788,0.0,9.110963377275281,,,0,9,0.0,16393,471135867354188,21,24.640398025512695,-814.2365664914187,0.84192294733149,20,448317.3585965735,340282346638528860000000000000000000000,1561097980,,,,0,,5,61.87746810913086,,,,,,C,
Raw,1697799132000,127306000000,,,-1381834222694021788,0.0,9.110963377275281,,,0,19,0.0,65583,471135926210407,8,35.87138366699219,-1131.762523471727,0.0029498005751520395,17,-181262.3378006365,0.0014749002875760198,1561097980,,,,0,,5,61.87746810913086,,,,,,C,
Raw,1697799132000,127306000000,,,-1381834222694021788,0.0,9.110963377275281,,,0,20,0.0,12,471135924193122,1000000000,24.588863372802734,-663.3615749246765,299792458,20,-85024.94922146805,340282346638528860000000000000000000000,1561097980,,,,1,,5,61.87746810913086,,,,,,C,
Raw,1697799132000,127306000000,,,-1381834222694021788,0.0,9.110963377275281,,,0,22,0.0,12,471135916170397,1000000000,18.257585525512695,-1484.8720192871933,299792458,20,-237008.25963163894,340282346638528860000000000000000000000,1561097980,,,,0,,5,61.87746810913086,,,,,,C,
Raw,1697799132000,127306000000,,,-1381834222694021788,0.0,9.110963377275281,,,0,29,0.0,16392,471135911035616,1000000000,7.0,-394.1957835252597,299792458,18,-8.53698291911215,340282346638528860000000000000000000000,1561097980,,,,0,,5,61.87746810913086,,,,,,C,
Raw,1697799132000,127306000000,,,-1381834222694021788,0.0,9.110963377275281,,,0,35,0.0,65583,471135917541646,28,21.077449798583984,-594.1927290397198,1.0039771731563016,20,468467.27362812916,340282346638528860000000000000000000000,1561097980,,,,1,,5,61.87746810913086,,,,,,C,
Raw,1697799132000,127306000000,,,-1381834222694021788,0.0,9.110963377275281,,,0,36,0.0,12,471135913128841,1000000000,7.0,-1643.396477395915,299792458,20,-256773.3935614725,340282346638528860000000000000000000000,1561097980,,,,1,,5,61.87746810913086,,,,,,C,
Raw,1697799132000,127306000000,,,-1381834222694021788,0.0,9.110963377275281,,,0,37,0.0,65583,471135919993455,21,24.303722381591797,-821.4854960043422,0.8593362867881345,20,-127275.94104925384,340282346638528860000000000000000000000,1561097980,,,,1,,5,61.87746810913086,,,,,,C,
Raw,1697799132000,127306000000,,,-1381834222694021788,0.0,9.110963377275281,,,0,3,0.0,83976,471149916353019,1000000000,22.10348892211914,-1321.6231873851057,299792458,20,-110873.19402603975,340282346638528860000000000000000000000,1575420030,,,,0,,6,52.840885162353516,,,,,,C,
Raw,1697799132000,127306000000,,,-1381834222694021788,0.0,9.110963377275281,,,0,5,0.0,16392,471149922169186,1000000000,36.47023391723633,-914.5226951817012,299792458,18,-2.773417832439951,340282346638528860000000000000000000000,1575420030,,,,0,,6,52.840885162353516,,,,,,C,
Raw,1697799132000,127306000000,,,-1381834222694021788,0.0,9.110963377275281,,,0,9,0.0,83976,471149912488688,1000000000,29.029491424560547,-564.102861886274,299792458,20,-20218.093988796038,340282346638528860000000000000000000000,1575420030,,,,1,,6,52.840885162353516,,,,,,C,
Raw,1697799132000,127306000000,,,-1381834222694021788,0.0,9.110963377275281,,,0,13,0.0,16392,471149903911371,1000000000,15.170416831970215,-1519.3775072603648,299792458,18,-8.924583102595417,340282346638528860000000000000000000000,1575420030,,,,0,,6,52.840885162353516,,,,,,C,
Raw,1697799132000,127306000000,,,-1381834222694021788,0.0,9.110963377275281,,,0,15,0.0,83976,471149916161374,1000000000,19.751340866088867,-1158.0035383560498,299792458,20,-107765.970253731,340282346638528860000000000000000000000,1575420030,,,,0,,6,52.840885162353516,,,,,,C,
Raw,1697799132000,127306000000,,,-1381834222694021788,0.0,9.110963377275281,,,0,24,0.0,85034,471149909718745,15,36.89948272705078,-1447.8832907431495,0.0025966987013816833,17,-4058.525728597236,0.0012983493506908417,1575420030,,,,0,,6,52.840885162353516,,,,,,C,
Raw,1697799132000,127306000000,,,-1381834222694021788,0.0,9.110963377275281,,,0,31,0.0,83976,471149910068920,1000000000,19.668642044067383,-1079.2600442899661,299792458,20,-66652.31096876413,340282346638528860000000000000000000000,1575420030,,,,0,,6,52.840885162353516,,,,,,C,
Raw,1697799132000,127306000000,,,-1381834222694021788,0.0,9.110963377275281,,,0,3,0.0,84011,471149916352936,55,21.412059783935547,-1321.0024938621937,0.019500210881233215,17,47757.56597102388,0.009750105440616608,1176450050,,,,0,,6,9.451472282409668,,,,,,Q,
Raw,1697799132000,127306000000,,,-1381834222694021788,0.0,9.110963377275281,,,0,9,0.0,16426,471149912488593,1000000000,17.934663772583008,-562.8234064684077,299792458,20,-12417.15086364601,340282346638528860000000000000000000000,1176450050,,,,0,,6,9.451472282409668,,,,,,Q,
Raw,1697799132000,127306000000,,,-1381834222694021788,0.0,9.110963377275281,,,0,15,0.0,84011,471149916161430,43,22.077388763427734,-1155.7914505978933,0.9587628005409199,20,-111482.2333853682,340282346638528860000000000000000000000,1176450050,,,,0,,6,9.451472282409668,,,,,,Q,
Raw,1697799132000,127306000000,,,-1381834222694021788,0.0,9.110963377275281,,,0,24,0.0,16392,471149909718736,1000000000,28.817001342773438,-1448.1023655622985,299792458,20,-150444.89479785366,340282346638528860000000000000000000000,1176450050,,,,1,,6,9.451472282409668,,,,,,Q,
Raw,1697799132000,127306000000,,,-1381834222694021788,0.0,9.110963377275281,,,0,31,0.0,84011,471149910068908,23,25.449485778808594,-1078.408198051009,0.012250901199877262,17,-137697.5343537337,0.006125450599938631,1176450050,,,,0,,6,9.451472282409668,,,,,,Q,
Raw,1697799133000,128306000000,,,-1381834222694025069,0.0,8.990613044799543,,,0,3,0.0,16392,471150914584736,1000000000,7.810642242431641,-326.74782903505275,299792458,18,-9.130039317805942,340282346638528860000000000000000000000,1575420030,,,,0,,1,49.160926818847656,,,,,,C,
Raw,1697799133000,128306000000,,,-1381834222694025069,0.0,8.990613044799543,,,0,4,0.0,47,471150923319855,20,33.4130973815918,-442.02544737046264,0.0038791880942881107,17,-56688.37938610894,0.0019395940471440554,1575420030,,,,0,,1,49.160926818847656,,,,,,C,
Raw,1697799133000,128306000000,,,-1381834222694025069,0.0,8.990613044799543,,,0,5,0.0,16392,471150916068036,1000000000,18.748737335205078,-1659.730562849385,299792458,18,-1414.312382511945,340282346638528860000000000000000000000,1575420030,,,,0,,1,49.160926818847656,,,,,,C,
Raw,1697799133000,128306000000,,,-1381834222694025069,0.0,8.990613044799543,,,0,6,0.0,47,471150928511458,15,37.23367691040039,-564.4649108962913,0.0024986872449517254,17,-72937.77305280935,0.0012493436224758625,1575420030,,,,0,,1,49.160926818847656,,,,,,C,
Raw,1697799133000,128306000000,,,-1381834222694025069,0.0,8.990613044799543,,,0,7,0.0,47,471150929413040,21,32.93209457397461,-1242.5021761231765,0.004100066609680653,17,-159455.3586378092,0.0020500333048403263,1575420030,,,,0,,1,49.160926818847656,,,,,,C,
Raw,1697799133000,128306000000,,,-1381834222694025069,0.0,8.990613044799543,,,0,9,0.0,47,471150930471107,22,32.38642883300781,-673.0782381288009,0.004365905188024044,17,-86566.02673115916,0.002182952594012022,1575420030,,,,0,,1,49.160926818847656,,,,,,C,
Raw,1697799133000,128306000000,,,-1381834222694025069,0.0,8.990613044799543,,,0,11,0.0,47,471150927940096,32,27.85733413696289,-1056.6577213507553,0.006933503318578005,17,-135982.13235456965,0.0034667516592890024,1575420030,,,,1,,1,49.160926818847656,,,,,,C,
Raw,1697799133000,128306000000,,,-1381834222694025069,0.0,8.990613044799543,,,0,16,0.0,47,471150918785081,36,26.510635375976562,-968.6481718310678,0.008096321485936642,17,-123925.67123005338,0.004048160742968321,1575420030,,,,0,,1,49.160926818847656,,,,,,C,
Raw,1697799133000,128306000000,,,-1381834222694025069,0.0,8.990613044799543,,,0,20,0.0,47,471150925975524,30,28.94167709350586,-1525.8660348905833,0.006119777914136648,17,-195218.04006752706,0.003059888957068324,1575420030,,,,1,,1,49.160926818847656,,,,,,C,
Raw,1697799133000,128306000000,,,-1381834222694025069,0.0,8.990613044799543,,,0,26,0.0,16392,471150915106055,1000000000,11.977773666381836,-609.6817740661631,299792458,18,-539.6631643483397,340282346638528860000000000000000000000,1575420030,,,,0,,1,49.160926818847656,,,,,,C,
Raw,1697799133000,128306000000,,,-1381834222694025069,0.0,8.990613044799543,,,0,29,0.0,16392,471150914073951,1000000000,7.0,-1096.64748214473,299792458,18,-29.58656521299097,340282346638528860000000000000000000000,1575420030,,,,0,,1,49.160926818847656,,,,,,C,
Raw,1697799133000,128306000000,,,-1381834222694025069,0.0,8.990613044799543,,,0,30,0.0,47,471150924639708,14,37.85768127441406,-1570.8672769742843,0.0023254752159118652,17,-201108.82278293432,0.0011627376079559326,1575420030,,,,0,,1,49.160926818847656,,,,,,C,
Raw,1697799133000,128306000000,,,-1381834222694025069,0.0,8.990613044799543,,,0,6,0.0,81929,471150928511414,14,30.42156219482422,-564.455653175828,0.006911371368914843,17,-142070.65288285672,0.0034556856844574213,1176450050,,,,0,,1,20.0,,,,,,Q,
Raw,1697799133000,128306000000,,,-1381834222694025069,0.0,8.990613044799543,,,0,9,0.0,81929,471150930471130,26,25.446548461914062,-673.0089542825299,0.012255044654011726,17,-156725.1010443916,0.006127522327005863,1176450050,,,,0,,1,20.0,,,,,,Q,
Raw,1697799133000,128306000000,,,-1381834222694025069,0.0,8.990613044799543,,,0,30,0.0,81929,471150924639682,11,31.977252960205078,-1570.7833124749013,0.005778028629720211,17,-388672.8748909003,0.0028890143148601055,1176450050,,,,0,,1,20.0,,,,,,Q,
Raw,1697799133000,128306000000,,,-1381834222694025069,0.0,8.990613044799543,,,0,10,0.0,227,49932926517528,40,33.68387985229492,-1735.8351726496767,0.003706844290718436,17,-227265.6923716328,0.0018534221453592181,1598062460,,,,0,,3,61.30692672729492,,,,,,C,
Raw,1697799133000,128306000000,,,-1381834222694025069,0.0,8.990613044799543,,,0,96,0.0,16491,922811531,191,14.5726957321167,-413.8001147645498,1.2938390133265028,20,-46826.38674834908,340282346638528860000000000000000000000,1599750020,,,,0,,3,61.30692672729492,,,,,,C,
Raw,1697799133000,128306000000,,,-1381834222694025069,0.0,8.990613044799543,,,0,22,0.0,227,49932924302302,81,25.174091339111328,-197.37653288593208,0.8173744589152547,20,-26114.91699035213,340282346638528860000000000000000000000,1600312450,,,,0,,3,61.30692672729492,,,,,,C,
Raw,1697799133000,128306000000,,,-1381834222694025069,0.0,8.990613044799543,,,0,9,0.0,227,49932931165600,35,35.309776306152344,-1217.644122594007,0.003068639198318124,17,-160373.14168767395,0.001534319599159062,1600875010,,,,0,,3,61.30692672729492,,,,,,C,
Raw,1697799133000,128306000000,,,-1381834222694025069,0.0,8.990613044799543,,,0,16,0.0,227,49932924933420,60,28.955493927001953,-490.8590755362311,0.006010784767568111,17,-64479.223094403256,0.0030053923837840557,1601437440,,,,0,,3,61.30692672729492,,,,,,C,
Raw,1697799133000,128306000000,,,-1381834222694025069,0.0,8.990613044799543,,,0,101,0.0,16392,49932918706654,1000000000,7.0,-1586.2658278144672,299792458,18,-56.887385981829524,340282346638528860000000000000000000000,1602562560,,,,0,,3,61.30692672729492,,,,,,C,
Raw,1697799133000,128306000000,,,-1381834222694025069,0.0,8.990613044799543,,,0,24,0.0,227,49932924385145,61,28.65109634399414,-1412.711264450656,0.006218614522367716,17,-185250.01334891995,0.003109307261183858,1603124990,,,,0,,3,61.30692672729492,,,,,,C,
Raw,1697799133000,128306000000,,,-1381834222694025069,0.0,8.990613044799543,,,0,23,0.0,227,49932929977164,101,22.477680206298828,-707.7775596055508,0.939649731699796,20,-90624.96889623337,340282346638528860000000000000000000000,1603687550,,,,0,,3,61.30692672729492,,,,,,C,
Raw,1697799133000,128306000000,,,-1381834222694025069,0.0,8.990613044799543,,,0,7,0.0,227,49932933428894,80,25.370540618896484,-775.8894403488221,0.8101819289448775,20,-99417.22811870054,340282346638528860000000000000000000000,1604812540,,,,0,,3,61.30692672729492,,,,,,C,
Raw,1697799133000,128306000000,,,-1381834222694025069,0.0,8.990613044799543,,,0,8,0.0,227,49932931988110,57,29.56486701965332,-1301.254773608991,0.005589796230196953,17,-165274.71271588083,0.0027948981150984764,1605374980,,,,0,,3,61.30692672729492,,,,,,C,
Raw,1697799133000,128306000000,,,-1381834222694025069,0.0,8.990613044799543,,,0,5,0.0,809,471136867741498,18,34.92633819580078,-972.398728087303,0.3783662246697348,20,-122538.04315062793,340282346638528860000000000000000000000,1561097980,,,,0,,5,61.96491241455078,,,,,,C,
Raw,1697799133000,128306000000,,,-1381834222694025069,0.0,8.990613044799543,,,0,9,0.0,16393,471136867356902,20,24.784996032714844,-813.8114900936662,0.835420986509487,20,447503.1683330076,340282346638528860000000000000000000000,1561097980,,,,0,,5,61.96491241455078,,,,,,C,
Raw,1697799133000,128306000000,,,-1381834222694025069,0.0,8.990613044799543,,,0,19,0.0,65583,471136926214214,9,35.035396575927734,-1131.5208598499012,0.0032478212378919125,17,-182393.8586604864,0.0016239106189459562,1561097980,,,,0,,5,61.96491241455078,,,,,,C,
Raw,1697799133000,128306000000,,,-1381834222694025069,0.0,8.990613044799543,,,0,20,0.0,65583,471136924195331,15,28.912656784057617,-663.4033447205002,0.006196591071784496,17,-85688.35256618855,0.09911803869103049,1561097980,,,,0,,5,61.96491241455078,,,,,,C,
Raw,1697799133000,128306000000,,,-1381834222694025069,0.0,8.990613044799543,,,0,22,0.0,12,471136916175343,1000000000,17.984384536743164,-1484.4149053803094,299792458,20,-238491.940162417,340282346638528860000000000000000000000,1561097980,,,,0,,5,61.96491241455078,,,,,,C,
Raw,1697799133000,128306000000,,,-1381834222694025069,0.0,8.990613044799543,,,0,29,0.0,16392,471136911036926,1000000000,8.701675415039062,-393.8210809982479,299792458,18,-8.542123330204376,340282346638528860000000000000000000000,1561097980,,,,0,,5,61.96491241455078,,,,,,C,
Raw,1697799133000,128306000000,,,-1381834222694025069,0.0,8.990613044799543,,,0,35,0.0,65583,471136917543584,22,24.108043670654297,-594.7790547091864,0.010774161666631699,17,467872.49457342,0.10140682398845409,1561097980,,,,1,,5,61.96491241455078,,,,,,C,
Raw,1697799133000,128306000000,,,-1381834222694025069,0.0,8.990613044799543,,,0,36,0.0,65583,471136913134335,53,13.137453079223633,-1643.3388098794785,1.3602370971513649,20,-258417.21036561741,340282346638528860000000000000000000000,1561097980,,,,1,,5,61.96491241455078,,,,,,C,
Raw,1697799133000,128306000000,,,-1381834222694025069,0.0,8.990613044799543,,,0,37,0.0,65583,471136919996185,20,25.16951560974121,-821.4107338652539,0.009534762240946291,17,-128097.3517831191,0.10078712427561139,1561097980,,,,0,,5,61.96491241455078,,,,,,C,
Raw,1697799133000,128306000000,,,-1381834222694025069,0.0,8.990613044799543,,,0,3,0.0,83976,471150916357412,1000000000,24.179988861083984,-1320.8878243031695,299792458,20,-112192.79093044627,340282346638528860000000000000000000000,1575420030,,,,0,,6,49.160926818847656,,,,,,C,
Raw,1697799133000,128306000000,,,-1381834222694025069,0.0,8.990613044799543,,,0,5,0.0,16392,471150922172231,1000000000,29.539451599121094,-913.9657196772055,299792458,18,-2.736571578027481,340282346638528860000000000000000000000,1575420030,,,,0,,6,49.160926818847656,,,,,,C,
Raw,1697799133000,128306000000,,,-1381834222694025069,0.0,8.990613044799543,,,0,9,0.0,83976,471150912490457,1000000000,26.421552658081055,-562.6829185826207,299792458,20,-20781.702561838956,340282346638528860000000000000000000000,1575420030,,,,1,,6,49.160926818847656,,,,,,C,
Raw,1697799133000,128306000000,,,-1381834222694025069,0.0,8.990613044799543,,,0,13,0.0,16392,471150903916436,1000000000,7.0,-1518.820463590956,299792458,18,-8.863528941166923,340282346638528860000000000000000000000,1575420030,,,,0,,6,49.160926818847656,,,,,,C,
Raw,1697799133000,128306000000,,,-1381834222694025069,0.0,8.990613044799543,,,0,15,0.0,83976,471150916165266,1000000000,18.42699432373047,-1157.7501012093462,299792458,20,-108922.76555073903,340282346638528860000000000000000000000,1575420030,,,,0,,6,49.160926818847656,,,,,,C,
Raw,1697799133000,128306000000,,,-1381834222694025069,0.0,8.990613044799543,,,0,24,0.0,85034,471150909723587,17,35.4854621887207,-1447.662197498917,0.003055783687159419,17,-5506.187926096153,0.0015278918435797095,1575420030,,,,0,,6,49.160926818847656,,,,,,C,
Raw,1697799133000,128306000000,,,-1381834222694025069,0.0,8.990613044799543,,,0,31,0.0,83976,471150910072639,1000000000,21.916229248046875,-1079.3848542457526,299792458,20,-67731.29137765313,340282346638528860000000000000000000000,1575420030,,,,1,,6,49.160926818847656,,,,,,C,
Raw,1697799133000,128306000000,,,-1381834222694025069,0.0,8.990613044799543,,,0,3,0.0,84011,471150916357326,48,21.597148895263672,-1320.7893801553291,0.019089072942733765,17,46436.776590868554,0.009544536471366882,1176450050,,,,0,,6,20.0,,,,,,Q,
Raw,1697799133000,128306000000,,,-1381834222694025069,0.0,8.990613044799543,,,0,9,0.0,84011,471150912490459,50,22.278278350830078,-562.7968221523199,0.9490686715156067,20,-12974.92996863429,340282346638528860000000000000000000000,1176450050,,,,1,,6,20.0,,,,,,Q,
Raw,1697799133000,128306000000,,,-1381834222694025069,0.0,8.990613044799543,,,0,15,0.0,84011,471150916165292,53,21.316051483154297,-1156.385575979999,0.9929999594640408,20,-112638.14374751279,340282346638528860000000000000000000000,1176450050,,,,0,,6,20.0,,,,,,Q,
Raw,1697799133000,128306000000,,,-1381834222694025069,0.0,8.990613044799543,,,0,24,0.0,16392,471150909723541,1000000000,33.50421142578125,-1447.950766795685,299792458,20,-151893.06293572602,340282346638528860000000000000000000000,1176450050,,,,0,,6,20.0,,,,,,Q,
Raw,1697799133000,128306000000,,,-1381834222694025069,0.0,8.990613044799543,,,0,31,0.0,84011,471150910072486,27,25.840755462646484,-1078.1176038128906,0.011711286380887033,17,-138775.6519575466,0.005855643190443516,1176450050,,,,0,,6,20.0,,,,,,Q,
Raw,1697799134000,129306000000,,,-1381834222694028350,0.0,8.830011267625796,,,0,3,0.0,16392,471151914585823,1000000000,7.0,-326.37653475369325,299792458,18,-9.132510985729295,340282346638528860000000000000000000000,1575420030,,,,0,,1,52.795997619628906,,,,,,C,
Raw,1697799134000,129306000000,,,-1381834222694028350,0.0,8.830011267625796,,,0,4,0.0,47,471151923321363,25,31.118602752685547,-441.935439429777,0.004763096105307341,17,-57130.31482553872,0.0023815480526536703,1575420030,,,,0,,1,52.795997619628906,,,,,,C,
Raw,1697799134000,129306000000,,,-1381834222694028350,0.0,8.830011267625796,,,0,5,0.0,16392,471151916073629,1000000000,7.0,-1659.5450179560748,299792458,18,-1414.3483535225544,340282346638528860000000000000000000000,1575420030,,,,0,,1,52.795997619628906,,,,,,C,
Raw,1697799134000,129306000000,,,-1381834222694028350,0.0,8.830011267625796,,,0,6,0.0,47,471151928513335,12,39.32977294921875,-564.3990403607022,0.001962940441444516,17,-73502.17209317005,0.000981470220722258,1575420030,,,,0,,1,52.795997619628906,,,,,,C,
Raw,1697799134000,129306000000,,,-1381834222694028350,0.0,8.830011267625796,,,0,7,0.0,47,471151929417200,16,36.088623046875,-1242.5047127735452,0.0028507853858172894,17,-160697.86335058275,0.0014253926929086447,1575420030,,,,0,,1,52.795997619628906,,,,,,C,
Raw,1697799134000,129306000000,,,-1381834222694028350,0.0,8.830011267625796,,,0,9,0.0,47,471151930473411,21,32.95649337768555,-672.9439268804272,0.004088566638529301,17,-87238.97065803959,0.0020442833192646503,1575420030,,,,1,,1,52.795997619628906,,,,,,C,
Raw,1697799134000,129306000000,,,-1381834222694028350,0.0,8.830011267625796,,,0,11,0.0,47,471151927943628,24,31.337549209594727,-1056.652950886375,0.004644532222300768,17,-137038.78530545603,0.002322266111150384,1575420030,,,,0,,1,52.795997619628906,,,,,,C,
Raw,1697799134000,129306000000,,,-1381834222694028350,0.0,8.830011267625796,,,0,16,0.0,47,471151918788321,41,24.973949432373047,-968.5927401674007,0.8289802676015485,20,-124894.19931847614,340282346638528860000000000000000000000,1575420030,,,,0,,1,52.795997619628906,,,,,,C,
Raw,1697799134000,129306000000,,,-1381834222694028350,0.0,8.830011267625796,,,0,20,0.0,47,471151925980623,37,26.11773681640625,-1525.8821898883034,0.008470959961414337,17,-196743.92225741537,0.004235479980707169,1575420030,,,,0,,1,52.795997619628906,,,,,,C,
Raw,1697799134000,129306000000,,,-1381834222694028350,0.0,8.830011267625796,,,0,26,0.0,16392,471151915108084,1000000000,7.0,-609.1247985616674,299792458,18,-539.6691185855536,340282346638528860000000000000000000000,1575420030,,,,0,,1,52.795997619628906,,,,,,C,
Raw,1697799134000,129306000000,,,-1381834222694028350,0.0,8.830011267625796,,,0,29,0.0,16392,471151914077607,1000000000,7.0,-1096.0905066402343,299792458,18,-29.604501416699243,340282346638528860000000000000000000000,1575420030,,,,0,,1,52.795997619628906,,,,,,C,
Raw,1697799134000,129306000000,,,-1381834222694028350,0.0,8.830011267625796,,,0,30,0.0,47,471151924644958,13,38.760223388671875,-1570.849953508994,0.0020959675312042236,17,-202679.67273644332,0.0010479837656021118,1575420030,,,,0,,1,52.795997619628906,,,,,,C,
Raw,1697799134000,129306000000,,,-1381834222694028350,0.0,8.830011267625796,,,0,6,0.0,81929,471151928513299,13,31.311294555664062,-564.3887518224656,0.006238462403416634,17,-142635.0416346792,0.003119231201708317,1176450050,,,,0,,1,9.172757148742676,,,,,,Q,
Raw,1697799134000,129306000000,,,-1381834222694028350,0.0,8.830011267625796,,,0,9,0.0,81929,471151930473386,26,24.14437484741211,-673.2927937659451,0.8647896129663799,20,-157398.06126632128,340282346638528860000000000000000000000,1176450050,,,,0,,1,9.172757148742676,,,,,,Q,
Raw,1697799134000,129306000000,,,-1381834222694028350,0.0,8.830011267625796,,,0,30,0.0,81929,471151924644913,13,34.05964660644531,-1570.742929618282,0.004822100978344679,17,-390243.61782051856,0.0024110504891723394,1176450050,,,,0,,1,9.172757148742676,,,,,,Q,
Raw,1697799134000,129306000000,,,-1381834222694028350,0.0,8.830011267625796,,,0,10,0.0,227,49933926523336,40,33.73826217651367,-1735.8868844909593,0.003683707909658551,17,-229001.57925612375,0.0018418539548292756,1598062460,,,,0,,3,64.00746154785156,,,,,,C,
Raw,1697799134000,129306000000,,,-1381834222694028350,0.0,8.830011267625796,,,0,96,0.0,16491,1922812975,140,18.41291046142578,-415.2918698040967,1.1211491971822332,20,-47240.09441733483,340282346638528860000000000000000000000,1599750020,,,,0,,3,64.00746154785156,,,,,,C,
Raw,1697799134000,129306000000,,,-1381834222694028350,0.0,8.830011267625796,,,0,22,0.0,227,49933924302968,72,26.595216751098633,-197.53585132894796,0.75346812218524,20,-26312.319765241115,340282346638528860000000000000000000000,1600312450,,,,0,,3,64.00746154785156,,,,,,C,
Raw,1697799134000,129306000000,,,-1381834222694028350,0.0,8.830011267625796,,,0,9,0.0,227,49933931169717,33,36.12153625488281,-1217.541914383648,0.002794845961034298,17,-161590.6836020576,0.001397422980517149,1600875010,,,,0,,3,64.00746154785156,,,,,,C,
Raw,1697799134000,129306000000,,,-1381834222694028350,0.0,8.830011267625796,,,0,16,0.0,227,49933924935047,61,28.57319450378418,-490.7697421972189,0.0062812515534460545,17,-64969.992836600475,0.0031406257767230272,1601437440,,,,0,,3,64.00746154785156,,,,,,C,
Raw,1697799134000,129306000000,,,-1381834222694028350,0.0,8.830011267625796,,,0,101,0.0,16392,49933918711943,1000000000,11.102106094360352,-1585.9923501833282,299792458,18,-56.95697024454476,340282346638528860000000000000000000000,1602562560,,,,0,,3,64.00746154785156,,,,,,C,
Raw,1697799134000,129306000000,,,-1381834222694028350,0.0,8.830011267625796,,,0,24,0.0,227,49933924390054,48,31.475006103515625,-1412.7134994186054,0.004492604173719883,17,-186662.72684833856,0.0022463020868599415,1603124990,,,,0,,3,64.00746154785156,,,,,,C,
Raw,1697799134000,129306000000,,,-1381834222694028350,0.0,8.830011267625796,,,0,23,0.0,227,49933929979724,100,22.502267837524414,-706.9886870668738,0.9385445814201248,20,-91332.12646396179,340282346638528860000000000000000000000,1603687550,,,,0,,3,64.00746154785156,,,,,,C,
Raw,1697799134000,129306000000,,,-1381834222694028350,0.0,8.830011267625796,,,0,7,0.0,227,49933933431679,66,27.727737426757812,-776.1712340993527,0.7041820276594466,20,-100193.60274978017,340282346638528860000000000000000000000,1604812540,,,,0,,3,64.00746154785156,,,,,,C,
Raw,1697799134000,129306000000,,,-1381834222694028350,0.0,8.830011267625796,,,0,8,0.0,227,49933931992457,65,27.941051483154297,-1301.3316848317045,0.006738865748047829,17,-166576.04440071253,0.0033694328740239143,1605374980,,,,0,,3,64.00746154785156,,,,,,C,
Raw,1697799134000,129306000000,,,-1381834222694028350,0.0,8.830011267625796,,,0,5,0.0,809,471137867744744,17,35.4218635559082,-961.4986453239108,0.0029288188088685274,17,-123499.54179595184,0.0974841525595725,1561097980,,,,0,,5,62.02272033691406,,,,,,C,
Raw,1697799134000,129306000000,,,-1381834222694028350,0.0,8.830011267625796,,,0,9,0.0,16393,471137867359620,20,24.842702865600586,-814.3733734719012,0.832826526073986,20,446688.82946536376,340282346638528860000000000000000000000,1561097980,,,,0,,5,62.02272033691406,,,,,,C,
Raw,1697799134000,129306000000,,,-1381834222694028350,0.0,8.830011267625796,,,0,19,0.0,65583,471137926217998,9,34.80647277832031,-1131.508199558244,0.0033345576375722885,17,-183525.36686004465,0.0016672788187861443,1561097980,,,,0,,5,62.02272033691406,,,,,,C,
Raw,1697799134000,129306000000,,,-1381834222694028350,0.0,8.830011267625796,,,0,20,0.0,65583,471137924197458,11,32.42853927612305,-663.3166108238074,0.004384650383144617,17,-86351.66917701236,0.09821206834671055,1561097980,,,,1,,5,62.02272033691406,,,,,,C,
Raw,1697799134000,129306000000,,,-1381834222694028350,0.0,8.830011267625796,,,0,22,0.0,12,471137916180281,1000000000,15.466310501098633,-1483.6086507888058,299792458,20,-239975.73697500225,340282346638528860000000000000000000000,1561097980,,,,0,,5,62.02272033691406,,,,,,C,
Raw,1697799134000,129306000000,,,-1381834222694028350,0.0,8.830011267625796,,,0,29,0.0,16392,471137911038239,1000000000,7.0,-393.44637847123613,299792458,18,-8.54724582503519,340282346638528860000000000000000000000,1561097980,,,,0,,5,62.02272033691406,,,,,,C,
Raw,1697799134000,129306000000,,,-1381834222694028350,0.0,8.830011267625796,,,0,35,0.0,65583,471137917545609,21,24.555511474609375,-594.8234826555708,0.010233167558908464,17,467277.6710907644,0.10113632693459247,1561097980,,,,1,,5,62.02272033691406,,,,,,C,
Raw,1697799134000,129306000000,,,-1381834222694028350,0.0,8.830011267625796,,,0,36,0.0,65583,471137913139846,48,14.326495170593262,-1643.2537400679976,1.3067682464622692,20,-260058.75667978518,340282346638528860000000000000000000000,1561097980,,,,1,,5,62.02272033691406,,,,,,C,
Raw,1697799134000,129306000000,,,-1381834222694028350,0.0,8.830011267625796,,,0,37,0.0,65583,471137919999188,23,23.227184295654297,-821.7907384849605,0.9077481529906581,20,-128918.83738401947,340282346638528860000000000000000000000,1561097980,,,,1,,5,62.02272033691406,,,,,,C,
Raw,1697799134000,129306000000,,,-1381834222694028350,0.0,8.830011267625796,,,0,3,0.0,83976,471151916361830,1000000000,23.807992935180664,-1321.2722744127468,299792458,20,-113513.47734679069,340282346638528860000000000000000000000,1575420030,,,,0,,6,52.795997619628906,,,,,,C,
Raw,1697799134000,129306000000,,,-1381834222694028350,0.0,8.830011267625796,,,0,5,0.0,16392,471151922175277,1000000000,30.598426818847656,-913.594425395846,299792458,18,-2.757279722452234,340282346638528860000000000000000000000,1575420030,,,,0,,6,52.795997619628906,,,,,,C,
Raw,1697799134000,129306000000,,,-1381834222694028350,0.0,8.830011267625796,,,0,9,0.0,83976,471151912492395,1000000000,25.99024772644043,-562.149153231017,299792458,20,-21344.782462638916,340282346638528860000000000000000000000,1575420030,,,,1,,6,52.795997619628906,,,,,,C,
Raw,1697799134000,129306000000,,,-1381834222694028350,0.0,8.830011267625796,,,0,13,0.0,16392,471151903921498,1000000000,16.52812385559082,-1518.4491011446835,299792458,18,-8.898055404550462,340282346638528860000000000000000000000,1575420030,,,,0,,6,52.795997619628906,,,,,,C,
Raw,1697799134000,129306000000,,,-1381834222694028350,0.0,8.830011267625796,,,0,15,0.0,83976,471151916169224,1000000000,20.31503677368164,-1156.6106565228756,299792458,20,-110078.38567080733,340282346638528860000000000000000000000,1575420030,,,,0,,6,52.795997619628906,,,,,,C,
Raw,1697799134000,129306000000,,,-1381834222694028350,0.0,8.830011267625796,,,0,24,0.0,85034,471151909728401,13,39.10219955444336,-1447.71020230446,0.0020150498021394014,17,-6953.898128400613,0.0010075249010697007,1575420030,,,,0,,6,52.795997619628906,,,,,,C,
Raw,1697799134000,129306000000,,,-1381834222694028350,0.0,8.830011267625796,,,0,31,0.0,83976,471151910076190,1000000000,22.170255661010742,-1078.7610771264722,299792458,20,-68809.66602953903,340282346638528860000000000000000000000,1575420030,,,,1,,6,52.795997619628906,,,,,,C,
Raw,1697799134000,129306000000,,,-1381834222694028350,0.0,8.830011267625796,,,0,3,0.0,84011,471151916361748,73,20.376544952392578,-1320.7976615333464,0.02196924388408661,17,45115.97892933521,0.010984621942043304,1176450050,,,,0,,6,9.172757148742676,,,,,,Q,
Raw,1697799134000,129306000000,,,-1381834222694028350,0.0,8.830011267625796,,,0,9,0.0,84011,471151912492343,20,25.340145111083984,-562.9584021256233,0.012406094931066036,17,-13537.888370759913,0.006203047465533018,1176450050,,,,0,,6,9.172757148742676,,,,,,Q,
Raw,1697799134000,129306000000,,,-1381834222694028350,0.0,8.830011267625796,,,0,15,0.0,84011,471151916169158,61,20.984783172607422,-1155.5272433949285,1.0078973878967017,20,-113793.94760360627,340282346638528860000000000000000000000,1176450050,,,,0,,6,9.172757148742676,,,,,,Q,
Raw,1697799134000,129306000000,,,-1381834222694028350,0.0,8.830011267625796,,,0,24,0.0,84011,471151909728346,68,35.34029769897461,-1447.7026613556955,0.004161057528108358,17,-153340.7655970817,0.002080528764054179,1176450050,,,,0,,6,9.172757148742676,,,,,,Q,
Raw,1697799134000,129306000000,,,-1381834222694028350,0.0,8.830011267625796,,,0,31,0.0,84011,471151910076074,36,24.46333122253418,-1078.1413113618619,0.013723842799663544,17,-139853.79326890846,0.006861921399831772,1176450050,,,,0,,6,9.172757148742676,,,,,,Q,
Raw,1697799135000,130306000000,,,-1381834222694031632,0.0,8.76109638527727,,,0,3,0.0,16392,471152914586912,1000000000,7.0,-326.74782903505275,299792458,18,-9.124928892277662,340282346638528860000000000000000000000,1575420030,,,,0,,1,52.90037536621094,,,,,,C,
Raw,1697799135000,130306000000,,,-1381834222694031632,0.0,8.76109638527727,,,0,4,0.0,47,471152923322808,27,29.91770362854004,-442.1506246582794,0.0054693324491381645,17,-57572.465450197,0.0027346662245690823,1575420030,,,,1,,1,52.90037536621094,,,,,,C,
Raw,1697799135000,130306000000,,,-1381834222694031632,0.0,8.76109638527727,,,0,5,0.0,16392,471152916079166,1000000000,7.0,-1659.730562849385,299792458,18,-1414.2864238731622,340282346638528860000000000000000000000,1575420030,,,,0,,1,52.90037536621094,,,,,,C,
Raw,1697799135000,130306000000,,,-1381834222694031632,0.0,8.76109638527727,,,0,6,0.0,47,471152928515208,15,37.31370544433594,-564.6551531849545,0.0024757711216807365,17,-74066.82724635501,0.0012378855608403683,1575420030,,,,0,,1,52.90037536621094,,,,,,C,
Raw,1697799135000,130306000000,,,-1381834222694031632,0.0,8.76109638527727,,,0,7,0.0,47,471152929421374,15,37.539466857910156,-1242.586747261259,0.002412250032648444,17,-161940.450097844,0.001206125016324222,1575420030,,,,0,,1,52.90037536621094,,,,,,C,
Raw,1697799135000,130306000000,,,-1381834222694031632,0.0,8.76109638527727,,,0,9,0.0,47,471152930475633,21,32.97865295410156,-673.0341286652256,0.004078148398548365,17,-87912.00478670481,0.0020390741992741823,1575420030,,,,0,,1,52.90037536621094,,,,,,C,
Raw,1697799135000,130306000000,,,-1381834222694031632,0.0,8.76109638527727,,,0,11,0.0,47,471152927947141,28,29.564006805419922,-1056.6790001139452,0.0056966450065374374,17,-138095.46430556997,0.0028483225032687187,1575420030,,,,1,,1,52.90037536621094,,,,,,C,
Raw,1697799135000,130306000000,,,-1381834222694031632,0.0,8.76109638527727,,,0,16,0.0,47,471152918791555,35,26.73282814025879,-968.6811500596209,0.7498860027508543,20,-125862.48944060103,340282346638528860000000000000000000000,1575420030,,,,0,,1,52.90037536621094,,,,,,C,
Raw,1697799135000,130306000000,,,-1381834222694031632,0.0,8.76109638527727,,,0,20,0.0,47,471152925985700,41,24.91388702392578,-1526.6280727312014,0.8293782734756694,20,-198269.99289252984,340282346638528860000000000000000000000,1575420030,,,,0,,1,52.90037536621094,,,,,,C,
Raw,1697799135000,130306000000,,,-1381834222694031632,0.0,8.76109638527727,,,0,26,0.0,16392,471152915110116,1000000000,17.08127212524414,-609.3104797848036,299792458,18,-539.6480780925875,340282346638528860000000000000000000000,1575420030,,,,0,,1,52.90037536621094,,,,,,C,
Raw,1697799135000,130306000000,,,-1381834222694031632,0.0,8.76109638527727,,,0,29,0.0,16392,471152914081262,1000000000,9.315486907958984,-1096.2761878633705,299792458,18,-29.564233468827815,340282346638528860000000000000000000000,1575420030,,,,0,,1,52.90037536621094,,,,,,C,
Raw,1697799135000,130306000000,,,-1381834222694031632,0.0,8.76109638527727,,,0,30,0.0,47,471152924650212,14,37.91600036621094,-1571.1309713542578,0.0023099135141819715,17,-204250.80370779758,0.0011549567570909858,1575420030,,,,0,,1,52.90037536621094,,,,,,C,
Raw,1697799135000,130306000000,,,-1381834222694031632,0.0,8.76109638527727,,,0,6,0.0,81929,471152928515186,11,31.867521286010742,-564.6769739811134,0.0058514876291155815,17,-143199.7186086603,0.0029257438145577908,1176450050,,,,0,,1,9.809704780578613,,,,,,Q,
Raw,1697799135000,130306000000,,,-1381834222694031632,0.0,8.76109638527727,,,0,9,0.0,81929,471152930475626,12,28.281381607055664,-672.8734875184891,0.008842463605105877,17,-158070.93475383977,0.0044212318025529385,1176450050,,,,0,,1,9.809704780578613,,,,,,Q,
Raw,1697799135000,130306000000,,,-1381834222694031632,0.0,8.76109638527727,,,0,30,0.0,81929,471152924650173,21,32.7396240234375,-1570.8778713540705,0.47722352145821056,20,-391814.6069136607,340282346638528860000000000000000000000,1176450050,,,,1,,1,9.809704780578613,,,,,,Q,
Raw,1697799135000,130306000000,,,-1381834222694031632,0.0,8.76109638527727,,,0,10,0.0,227,49934926529118,44,32.58431625366211,-1735.8056050644718,0.48454552482299573,20,-230737.52518010576,340282346638528860000000000000000000000,1598062460,,,,0,,3,63.99714279174805,,,,,,C,
Raw,1697799135000,130306000000,,,-1381834222694031632,0.0,8.76109638527727,,,0,96,0.0,16491,922814540,121,20.198057174682617,-414.82459932516895,1.0408734293611808,20,-47655.06202935706,340282346638528860000000000000000000000,1599750020,,,,0,,3,63.99714279174805,,,,,,C,
Raw,1697799135000,130306000000,,,-1381834222694031632,0.0,8.76109638527727,,,0,22,0.0,227,49934924303632,47,31.811723709106445,-197.72933537181962,0.004329371266067028,17,-26510.049100612934,0.002164685633033514,1600312450,,,,0,,3,63.99714279174805,,,,,,C,
Raw,1697799135000,130306000000,,,-1381834222694031632,0.0,8.76109638527727,,,0,9,0.0,227,49934931173797,33,37.154083251953125,-1217.4545181040885,0.0024815925862640142,17,-162808.1381201617,0.0012407962931320071,1600875010,,,,0,,3,63.99714279174805,,,,,,C,
Raw,1697799135000,130306000000,,,-1381834222694031632,0.0,8.76109638527727,,,0,16,0.0,227,49934924936678,70,26.86848258972168,-490.9428921775832,0.7412936956403176,20,-65460.76421565958,340282346638528860000000000000000000000,1601437440,,,,0,,3,63.99714279174805,,,,,,C,
Raw,1697799135000,130306000000,,,-1381834222694031632,0.0,8.76109638527727,,,0,101,0.0,16392,49934918717234,1000000000,19.071359634399414,-1586.3568961382962,299792458,18,-56.93869005645989,340282346638528860000000000000000000000,1602562560,,,,0,,3,63.99714279174805,,,,,,C,
Raw,1697799135000,130306000000,,,-1381834222694031632,0.0,8.76109638527727,,,0,24,0.0,227,49934924394803,61,28.720123291015625,-1412.8158440154502,0.6579299374371623,20,-188075.63379852998,340282346638528860000000000000000000000,1603124990,,,,1,,3,63.99714279174805,,,,,,C,
Raw,1697799135000,130306000000,,,-1381834222694031632,0.0,8.76109638527727,,,0,23,0.0,227,49934929982132,96,23.105548858642578,-708.0589443666031,0.9114161442393298,20,-92038.99904238823,340282346638528860000000000000000000000,1603687550,,,,0,,3,63.99714279174805,,,,,,C,
Raw,1697799135000,130306000000,,,-1381834222694031632,0.0,8.76109638527727,,,0,7,0.0,227,49934933434405,56,29.712080001831055,-776.5484536711301,0.0054977815598249435,17,-100970.1512034513,0.0027488907799124718,1604812540,,,,0,,3,63.99714279174805,,,,,,C,
Raw,1697799135000,130306000000,,,-1381834222694031632,0.0,8.76109638527727,,,0,8,0.0,227,49934931996805,90,23.92001724243164,-1301.5668886898666,0.875152743335549,20,-167877.65397268694,340282346638528860000000000000000000000,1605374980,,,,0,,3,63.99714279174805,,,,,,C,
Raw,1697799135000,130306000000,,,-1381834222694031632,0.0,8.76109638527727,,,0,5,0.0,809,471138867747987,21,33.20338821411133,-962.2912048283179,0.003781083505600691,17,-124461.83300078016,0.09791028490793859,1561097980,,,,0,,5,62.02272033691406,,,,,,C,
Raw,1697799135000,130306000000,,,-1381834222694031632,0.0,8.76109638527727,,,0,9,0.0,16392,471138867362262,1000000000,22.787288665771484,-814.945277092354,299792458,20,445874.5544575851,340282346638528860000000000000000000000,1561097980,,,,1,,5,62.02272033691406,,,,,,C,
Raw,1697799135000,130306000000,,,-1381834222694031632,0.0,8.76109638527727,,,0,19,0.0,65583,471138926221767,8,35.7150764465332,-1131.6234362629475,0.003003364894539118,17,-184656.9902963076,0.001501682447269559,1561097980,,,,0,,5,62.02272033691406,,,,,,C,
Raw,1697799135000,130306000000,,,-1381834222694031632,0.0,8.76109638527727,,,0,20,0.0,65583,471138924199696,7,37.73966979980469,-663.4158981687215,0.002378911944106221,17,-87015.08507518108,0.0011894559720531106,1561097980,,,,0,,5,62.02272033691406,,,,,,C,
Raw,1697799135000,130306000000,,,-1381834222694031632,0.0,8.76109638527727,,,0,22,0.0,12,471138916185285,1000000000,19.677139282226562,-1483.8829463989014,299792458,20,-241459.7611660827,340282346638528860000000000000000000000,1561097980,,,,0,,5,62.02272033691406,,,,,,C,
Raw,1697799135000,130306000000,,,-1381834222694031632,0.0,8.76109638527727,,,0,29,0.0,16392,471138911039552,1000000000,9.27595329284668,-393.8210809982479,299792458,18,-8.535963860793133,340282346638528860000000000000000000000,1561097980,,,,0,,5,62.02272033691406,,,,,,C,
Raw,1697799135000,130306000000,,,-1381834222694031632,0.0,8.76109638527727,,,0,35,0.0,65583,471138917547592,21,24.334537506103516,-595.2338799215786,0.8575107452106314,20,466682.8784829277,340282346638528860000000000000000000000,1561097980,,,,1,,5,62.02272033691406,,,,,,C,
Raw,1697799135000,130306000000,,,-1381834222694031632,0.0,8.76109638527727,,,0,36,0.0,65583,471138913145339,31,19.608535766601562,-1643.6992659396637,1.0692417490325887,20,-261702.75342069077,340282346638528860000000000000000000000,1561097980,,,,1,,5,62.02272033691406,,,,,,C,
Raw,1697799135000,130306000000,,,-1381834222694031632,0.0,8.76109638527727,,,0,37,0.0,65583,471138920001673,19,25.623340606689453,-822.0822798180566,0.7999961338573036,20,-129740.33227700523,340282346638528860000000000000000000000,1561097980,,,,1,,5,62.02272033691406,,,,,,C,
Raw,1697799135000,130306000000,,,-1381834222694031632,0.0,8.76109638527727,,,0,3,0.0,83976,471152916366185,1000000000,23.091360092163086,-1321.2432361597894,299792458,20,-114835.44594372195,340282346638528860000000000000000000000,1575420030,,,,1,,6,52.90037536621094,,,,,,C,
Raw,1697799135000,130306000000,,,-1381834222694031632,0.0,8.76109638527727,,,0,5,0.0,16392,471152922178325,1000000000,30.149749755859375,-913.7800384540692,299792458,18,-2.7219171707537417,340282346638528860000000000000000000000,1575420030,,,,0,,6,52.90037536621094,,,,,,C,
Raw,1697799135000,130306000000,,,-1381834222694031632,0.0,8.76109638527727,,,0,9,0.0,83976,471152912494257,1000000000,27.932767868041992,-562.4203814200255,299792458,20,-21907.35460744247,340282346638528860000000000000000000000,1575420030,,,,0,,6,52.90037536621094,,,,,,C,
Raw,1697799135000,130306000000,,,-1381834222694031632,0.0,8.76109638527727,,,0,13,0.0,16392,471152903926562,1000000000,18.4631404876709,-1518.6347823678198,299792458,18,-8.839228589858237,340282346638528860000000000000000000000,1575420030,,,,0,,6,52.90037536621094,,,,,,C,
Raw,1697799135000,130306000000,,,-1381834222694031632,0.0,8.76109638527727,,,0,15,0.0,83976,471152916173119,1000000000,19.283788681030273,-1156.4567401492186,299792458,20,-111234.34895739432,340282346638528860000000000000000000000,1575420030,,,,1,,6,52.90037536621094,,,,,,C,
Raw,1697799135000,130306000000,,,-1381834222694031632,0.0,8.76109638527727,,,0,24,0.0,85034,471152909733231,15,37.459205627441406,-1447.784568521389,0.0024346436839550734,17,-8401.682696922002,0.0012173218419775367,1575420030,,,,0,,6,52.90037536621094,,,,,,C,
Raw,1697799135000,130306000000,,,-1381834222694031632,0.0,8.76109638527727,,,0,31,0.0,83976,471152910079711,1000000000,25.218334197998047,-1078.568238587466,299792458,20,-69888.84117141197,340282346638528860000000000000000000000,1575420030,,,,1,,6,52.90037536621094,,,,,,C,
Raw,1697799135000,130306000000,,,-1381834222694031632,0.0,8.76109638527727,,,0,3,0.0,16392,471152916366144,1000000000,16.537931442260742,-1319.9355604679222,299792458,20,43794.63578763793,340282346638528860000000000000000000000,1176450050,,,,0,,6,9.809704780578613,,,,,,Q,
Raw,1697799135000,130306000000,,,-1381834222694031632,0.0,8.76109638527727,,,0,9,0.0,84011,471152912494225,48,21.730548858642578,-563.1165496769604,0.9737001027850205,20,-14101.108589083633,340282346638528860000000000000000000000,1176450050,,,,0,,6,9.809704780578613,,,,,,Q,
Raw,1697799135000,130306000000,,,-1381834222694031632,0.0,8.76109638527727,,,0,15,0.0,84011,471152916173010,117,17.708637237548828,-1155.2817133781382,1.1552226005525297,20,-114949.84326371383,340282346638528860000000000000000000000,1176450050,,,,0,,6,9.809704780578613,,,,,,Q,
Raw,1697799135000,130306000000,,,-1381834222694031632,0.0,8.76109638527727,,,0,24,0.0,84011,471152909733189,11,35.96759033203125,-1447.7808682588218,0.003871141467243433,17,-154788.54646534054,0.0019355707336217165,1176450050,,,,0,,6,9.809704780578613,,,,,,Q,
Raw,1697799135000,130306000000,,,-1381834222694031632,0.0,8.76109638527727,,,0,31,0.0,84011,471152910079673,39,23.019214630126953,-1078.366402279938,0.9153159893865737,20,-140930.80789539637,340282346638528860000000000000000000000,1176450050,,,,1,,6,9.809704780578613,,,,,,Q,
Raw,1697799136000,131306000000,,,-1381834222694034913,0.0,8.383859078918782,,,0,3,0.0,16392,471153914588004,1000000000,14.204423904418945,-326.74782903505275,299792458,18,-9.13259453059226,340282346638528860000000000000000000000,1575420030,,,,0,,1,52.88554382324219,,,,,,C,
Raw,1697799136000,131306000000,,,-1381834222694034913,0.0,8.383859078918782,,,0,4,0.0,47,471153923324332,33,27.677003860473633,-442.2634126802732,0.007078956346958876,17,-58014.72886287727,0.003539478173479438,1575420030,,,,1,,1,52.88554382324219,,,,,,C,
Raw,1697799136000,131306000000,,,-1381834222694034913,0.0,8.383859078918782,,,0,5,0.0,16392,471153916084703,1000000000,16.473342895507812,-1659.730562849385,299792458,18,-1414.3253618313577,340282346638528860000000000000000000000,1575420030,,,,0,,1,52.88554382324219,,,,,,C,
Raw,1697799136000,131306000000,,,-1381834222694034913,0.0,8.383859078918782,,,0,6,0.0,47,471153928517108,15,37.506752014160156,-564.54154649681,0.0024213530123233795,17,-74631.36879285182,0.0012106765061616898,1575420030,,,,0,,1,52.88554382324219,,,,,,C,
Raw,1697799136000,131306000000,,,-1381834222694034913,0.0,8.383859078918782,,,0,7,0.0,47,471153929425531,12,39.86094665527344,-1242.6185307835112,0.0018464961322024465,17,-163183.06862862752,0.0009232480661012232,1575420030,,,,0,,1,52.88554382324219,,,,,,C,
Raw,1697799136000,131306000000,,,-1381834222694034913,0.0,8.383859078918782,,,0,9,0.0,47,471153930477906,15,36.75652313232422,-673.2645632030617,0.002639791229739785,17,-88585.26934990787,0.0013198956148698926,1575420030,,,,0,,1,52.88554382324219,,,,,,C,
Raw,1697799136000,131306000000,,,-1381834222694034913,0.0,8.383859078918782,,,0,11,0.0,46,471153927950601,1000000000,27.082353591918945,-1056.7069865445665,0.007580569479614496,17,-139152.17129211454,0.003790284739807248,1575420030,,,,1,,1,52.88554382324219,,,,,,C,
Raw,1697799136000,131306000000,,,-1381834222694034913,0.0,8.383859078918782,,,0,16,0.0,46,471153918794777,1000000000,23.80463981628418,-968.7016676984476,299792458,20,-126831.12285057307,340282346638528860000000000000000000000,1575420030,,,,0,,1,52.88554382324219,,,,,,C,
Raw,1697799136000,131306000000,,,-1381834222694034913,0.0,8.383859078918782,,,0,20,0.0,47,471153925990863,56,22.499698638916016,-1527.2286056151333,299.79354788170554,20,-199795.89377502288,340282346638528860000000000000000000000,1575420030,,,,0,,1,52.88554382324219,,,,,,C,
Raw,1697799136000,131306000000,,,-1381834222694034913,0.0,8.383859078918782,,,0,26,0.0,16392,471153915112147,1000000000,7.0,-609.1247985616674,299792458,18,-539.6595917076455,340282346638528860000000000000000000000,1575420030,,,,0,,1,52.88554382324219,,,,,,C,
Raw,1697799136000,131306000000,,,-1381834222694034913,0.0,8.383859078918782,,,0,29,0.0,16392,471153914084920,1000000000,7.0,-1096.2761878633705,299792458,18,-29.589952556761794,340282346638528860000000000000000000000,1575420030,,,,0,,1,52.88554382324219,,,,,,C,
Raw,1697799136000,131306000000,,,-1381834222694034913,0.0,8.383859078918782,,,0,30,0.0,47,471153924655423,12,39.509033203125,-1570.9815996481047,0.0019228438613936305,17,-205821.78530744568,0.0009614219306968153,1575420030,,,,0,,1,52.88554382324219,,,,,,C,
Raw,1697799136000,131306000000,,,-1381834222694034913,0.0,8.383859078918782,,,0,6,0.0,81929,471153928517067,8,34.80308532714844,-564.4969081161835,0.004426539409905672,17,-143764.2155167765,0.002213269704952836,1176450050,,,,0,,1,9.809704780578613,,,,,,Q,
Raw,1697799136000,131306000000,,,-1381834222694034913,0.0,8.383859078918782,,,0,9,0.0,81929,471153930477874,11,30.633974075317383,-673.3057014394435,0.006744404789060354,17,-158744.2404552792,0.003372202394530177,1176450050,,,,0,,1,9.809704780578613,,,,,,Q,
Raw,1697799136000,131306000000,,,-1381834222694034913,0.0,8.383859078918782,,,0,30,0.0,81929,471153924655398,13,36.032737731933594,-1571.0154130813316,0.003842215053737163,17,-393385.62232674204,0.0019211075268685818,1176450050,,,,0,,1,9.809704780578613,,,,,,Q,
Raw,1697799136000,131306000000,,,-1381834222694034913,0.0,8.383859078918782,,,0,10,0.0,227,49935926534909,44,32.715293884277344,-1736.0200656735105,0.0039071254432201385,17,-232473.54524577927,0.0019535627216100693,1598062460,,,,0,,3,63.99714279174805,,,,,,C,
Raw,1697799136000,131306000000,,,-1381834222694034913,0.0,8.383859078918782,,,0,96,0.0,16392,49935922815792,1000000000,24.19668197631836,-414.9806969760434,299792458,18,-1517.2605535838097,340282346638528860000000000000000000000,1599750020,,,,0,,3,63.99714279174805,,,,,,C,
Raw,1697799136000,131306000000,,,-1381834222694034913,0.0,8.383859078918782,,,0,22,0.0,227,49935924304263,40,33.8431396484375,-197.529003547872,0.0036343794781714678,17,-26707.578104160806,0.0018171897390857339,1600312450,,,,0,,3,63.99714279174805,,,,,,C,
Raw,1697799136000,131306000000,,,-1381834222694034913,0.0,8.383859078918782,,,0,9,0.0,227,49935931177788,33,38.432518005371094,-1217.588010318461,0.002141947392374277,17,-164025.72613048015,0.0010709736961871386,1600875010,,,,0,,3,63.99714279174805,,,,,,C,
Raw,1697799136000,131306000000,,,-1381834222694034913,0.0,8.383859078918782,,,0,16,0.0,227,49935924938398,74,26.208127975463867,-490.79723097787064,0.008247064426541328,17,-65951.56144663745,0.004123532213270664,1601437440,,,,0,,3,63.99714279174805,,,,,,C,
Raw,1697799136000,131306000000,,,-1381834222694034913,0.0,8.383859078918782,,,0,101,0.0,16392,49935918722524,1000000000,7.0,-1586.3568961382962,299792458,18,-56.913854724785416,340282346638528860000000000000000000000,1602562560,,,,0,,3,63.99714279174805,,,,,,C,
Raw,1697799136000,131306000000,,,-1381834222694034913,0.0,8.383859078918782,,,0,24,0.0,227,49935924399591,74,26.24789810180664,-1412.9283161219755,0.7691040482207603,20,-189487.4681745665,340282346638528860000000000000000000000,1603124990,,,,1,,3,63.99714279174805,,,,,,C,
Raw,1697799136000,131306000000,,,-1381834222694034913,0.0,8.383859078918782,,,0,23,0.0,227,49935929984112,89,24.002037048339844,-708.4971084276604,0.8711025226623579,20,-92746.75079846171,340282346638528860000000000000000000000,1603687550,,,,0,,3,63.99714279174805,,,,,,C,
Raw,1697799136000,131306000000,,,-1381834222694034913,0.0,8.383859078918782,,,0,7,0.0,227,49935933437046,40,33.85421371459961,-776.6271809784521,0.003619571216404438,17,-101746.77838442975,0.001809785608202219,1604812540,,,,0,,3,63.99714279174805,,,,,,C,
Raw,1697799136000,131306000000,,,-1381834222694034913,0.0,8.383859078918782,,,0,8,0.0,227,49935932001597,101,22.426679611206055,-1302.1341570962322,0.9423072979337026,20,-169179.20871113995,340282346638528860000000000000000000000,1605374980,,,,0,,3,63.99714279174805,,,,,,C,
Raw,1697799136000,131306000000,,,-1381834222694034913,0.0,8.383859078918782,,,0,5,0.0,809,471139867751229,25,30.924896240234375,-972.7258515050089,0.5583083482178923,20,-125424.84690497785,340282346638528860000000000000000000000,1561097980,,,,0,,5,61.93585968017578,,,,,,C,
Raw,1697799136000,131306000000,,,-1381834222694034913,0.0,8.383859078918782,,,0,9,0.0,16393,471139867364851,27,21.360511779785156,-815.0531139847922,0.9894177068950594,20,445060.05505766836,340282346638528860000000000000000000000,1561097980,,,,1,,5,61.93585968017578,,,,,,C,
Raw,1697799136000,131306000000,,,-1381834222694034913,0.0,8.383859078918782,,,0,19,0.0,65583,471139926225510,9,34.26517868041992,-1131.870463915082,0.0035489751026034355,17,-185788.86076022268,0.0017744875513017178,1561097980,,,,0,,5,61.93585968017578,,,,,,C,
Raw,1697799136000,131306000000,,,-1381834222694034913,0.0,8.383859078918782,,,0,20,0.0,65583,471139924201887,7,37.585262298583984,-663.5978576280759,0.0024215795565396547,17,-87678.68293280916,0.0012107897782698274,1561097980,,,,0,,5,61.93585968017578,,,,,,C,
Raw,1697799136000,131306000000,,,-1381834222694034913,0.0,8.383859078918782,,,0,22,0.0,12,471139916189838,1000000000,22.757633209228516,-1483.761203864202,299792458,20,-242943.74175648091,340282346638528860000000000000000000000,1561097980,,,,0,,5,61.93585968017578,,,,,,C,
Raw,1697799136000,131306000000,,,-1381834222694034913,0.0,8.383859078918782,,,0,29,0.0,16392,471139911040867,1000000000,7.0,-393.8210809982479,299792458,18,-8.545203064901182,340282346638528860000000000000000000000,1561097980,,,,0,,5,61.93585968017578,,,,,,C,
Raw,1697799136000,131306000000,,,-1381834222694034913,0.0,8.383859078918782,,,0,35,0.0,65583,471139917549645,23,23.212072372436523,-594.5182846644257,0.9079871295901052,20,466088.0159557752,340282346638528860000000000000000000000,1561097980,,,,1,,5,61.93585968017578,,,,,,C,
Raw,1697799136000,131306000000,,,-1381834222694034913,0.0,8.383859078918782,,,0,36,0.0,65583,471139913150933,39,16.795574188232422,-1644.351058838206,1.195738520147808,20,-263346.2923098482,340282346638528860000000000000000000000,1561097980,,,,1,,5,61.93585968017578,,,,,,C,
Raw,1697799136000,131306000000,,,-1381834222694034913,0.0,8.383859078918782,,,0,37,0.0,65583,471139920004386,25,22.339445114135742,-822.1512627100587,0.947669693183022,20,-130561.89557592681,340282346638528860000000000000000000000,1561097980,,,,1,,5,61.93585968017578,,,,,,C,
Raw,1697799136000,131306000000,,,-1381834222694034913,0.0,8.383859078918782,,,0,3,0.0,83976,471153916370608,1000000000,23.649715423583984,-1321.4796320782316,299792458,20,-116156.38886216554,340282346638528860000000000000000000000,1575420030,,,,1,,6,52.88554382324219,,,,,,C,
Raw,1697799136000,131306000000,,,-1381834222694034913,0.0,8.383859078918782,,,0,5,0.0,85034,471153922181375,76,33.69306182861328,-913.9943489406846,0.4339044862321759,20,-733.9900528580491,340282346638528860000000000000000000000,1575420030,,,,0,,6,52.88554382324219,,,,,,C,
Raw,1697799136000,131306000000,,,-1381834222694034913,0.0,8.383859078918782,,,0,9,0.0,83976,471153912496126,1000000000,26.002952575683594,-562.7902101557545,299792458,20,-22470.415016107898,340282346638528860000000000000000000000,1575420030,,,,0,,6,52.88554382324219,,,,,,C,
Raw,1697799136000,131306000000,,,-1381834222694034913,0.0,8.383859078918782,,,0,13,0.0,16392,471153903931629,1000000000,8.400467872619629,-1518.6347823678198,299792458,18,-8.8748563849269,340282346638528860000000000000000000000,1575420030,,,,0,,6,52.88554382324219,,,,,,C,
Raw,1697799136000,131306000000,,,-1381834222694034913,0.0,8.383859078918782,,,0,15,0.0,83976,471153916176882,1000000000,18.328378677368164,-1156.8662749467967,299792458,20,-112390.44545920577,340282346638528860000000000000000000000,1575420030,,,,1,,6,52.88554382324219,,,,,,C,
Raw,1697799136000,131306000000,,,-1381834222694034913,0.0,8.383859078918782,,,0,24,0.0,85034,471153909738050,16,36.62483596801758,-1448.038909068784,0.002680117730051279,17,-9849.721605990786,0.0013400588650256395,1575420030,,,,0,,6,52.88554382324219,,,,,,C,
Raw,1697799136000,131306000000,,,-1381834222694034913,0.0,8.383859078918782,,,0,31,0.0,83976,471153910083334,1000000000,22.88286590576172,-1078.375468213373,299792458,20,-70966.51718284977,340282346638528860000000000000000000000,1575420030,,,,1,,6,52.88554382324219,,,,,,C,
Raw,1697799136000,131306000000,,,-1381834222694034913,0.0,8.383859078918782,,,0,3,0.0,16392,471153916370575,1000000000,17.382991790771484,-1318.2263934382163,299792458,20,42475.460736387555,340282346638528860000000000000000000000,1176450050,,,,0,,6,9.809704780578613,,,,,,Q,
Raw,1697799136000,131306000000,,,-1381834222694034913,0.0,8.383859078918782,,,0,5,0.0,16392,471153922181356,1000000000,37.058616638183594,-915.4042038372072,299792458,22,-841.3502219414632,340282346638528860000000000000000000000,1176450050,,,,0,,6,9.809704780578613,,,,,,Q,
Raw,1697799136000,131306000000,,,-1381834222694034913,0.0,8.383859078918782,,,0,9,0.0,84011,471153912496109,18,26.630468368530273,-563.2470518939444,0.010693476535379887,17,-14664.355640977577,0.005346738267689943,1176450050,,,,0,,6,9.809704780578613,,,,,,Q,
Raw,1697799136000,131306000000,,,-1381834222694034913,0.0,8.383859078918782,,,0,15,0.0,84011,471153916176847,131,17.403484344482422,-1155.13202322909,1.1689457152830052,20,-116105.9012944014,340282346638528860000000000000000000000,1176450050,,,,0,,6,9.809704780578613,,,,,,Q,
Raw,1697799136000,131306000000,,,-1381834222694034913,0.0,8.383859078918782,,,0,24,0.0,84011,471153909738015,8,33.54995346069336,-1447.8541089489863,0.4416991174120235,20,-156236.3725168689,340282346638528860000000000000000000000,1176450050,,,,0,,6,9.809704780578613,,,,,,Q,
Raw,1697799136000,131306000000,,,-1381834222694034913,0.0,8.383859078918782,,,0,31,0.0,84011,471153910083280,21,26.07648468017578,-1078.3595857886335,0.7778346156090272,20,-142008.0312056802,340282346638528860000000000000000000000,1176450050,,,,0,,6,9.809704780578613,,,,,,Q,
Raw,1697799137000,132306000000,,,-1381834222694038194,0.0,8.189434095394763,,,0,3,0.0,16392,471154914589093,1000000000,17.288955688476562,-326.74782903505275,299792458,18,-9.140260168898958,340282346638528860000000000000000000000,1575420030,,,,0,,1,52.97417449951172,,,,,,C,
Raw,1697799137000,132306000000,,,-1381834222694038194,0.0,8.189434095394763,,,0,4,0.0,47,471154923325795,38,25.790311813354492,-442.18470028833326,0.7894880199133167,20,-58456.94651271464,340282346638528860000000000000000000000,1575420030,,,,0,,1,52.97417449951172,,,,,,C,
Raw,1697799137000,132306000000,,,-1381834222694038194,0.0,8.189434095394763,,,0,5,0.0,16392,471154916090240,1000000000,14.295149803161621,-1659.730562849385,299792458,18,-1414.364299789557,340282346638528860000000000000000000000,1575420030,,,,0,,1,52.97417449951172,,,,,,C,
Raw,1697799137000,132306000000,,,-1381834222694038194,0.0,8.189434095394763,,,0,6,0.0,47,471154928518964,16,36.66324234008789,-564.4919216466224,0.002668293658643961,17,-75195.86071449844,0.0013341468293219805,1575420030,,,,0,,1,52.97417449951172,,,,,,C,
Raw,1697799137000,132306000000,,,-1381834222694038194,0.0,8.189434095394763,,,0,7,0.0,47,471154929429669,12,42.06771469116211,-1242.6402167640335,0.0015096934512257576,17,-164425.70884539155,0.0007548467256128788,1575420030,,,,0,,1,52.97417449951172,,,,,,C,
Raw,1697799137000,132306000000,,,-1381834222694038194,0.0,8.189434095394763,,,0,9,0.0,47,471154930480127,15,37.3417854309082,-673.331025417312,0.002467780141159892,17,-89258.60037532519,0.001233890070579946,1575420030,,,,0,,1,52.97417449951172,,,,,,C,
Raw,1697799137000,132306000000,,,-1381834222694038194,0.0,8.189434095394763,,,0,11,0.0,47,471154927954175,31,28.41752815246582,-1056.6508431503607,0.006500444374978542,17,-140208.8221352649,0.003250222187489271,1575420030,,,,1,,1,52.97417449951172,,,,,,C,
Raw,1697799137000,132306000000,,,-1381834222694038194,0.0,8.189434095394763,,,0,16,0.0,47,471154918798039,36,26.489498138427734,-968.7996486729826,0.008116046898066998,17,-127799.92249924605,0.09920485984821593,1575420030,,,,0,,1,52.97417449951172,,,,,,C,
Raw,1697799137000,132306000000,,,-1381834222694038194,0.0,8.189434095394763,,,0,20,0.0,47,471154925995940,64,19.405166625976562,-1527.9283866124597,1.0771010836259913,20,-201322.60084352613,340282346638528860000000000000000000000,1575420030,,,,0,,1,52.97417449951172,,,,,,C,
Raw,1697799137000,132306000000,,,-1381834222694038194,0.0,8.189434095394763,,,0,26,0.0,16392,471154915114179,1000000000,7.0,-609.1247985616674,299792458,18,-539.6738820245132,340282346638528860000000000000000000000,1575420030,,,,0,,1,52.97417449951172,,,,,,C,
Raw,1697799137000,132306000000,,,-1381834222694038194,0.0,8.189434095394763,,,0,29,0.0,16392,471154914088574,1000000000,7.0,-1096.0905066402343,299792458,18,-29.613072994094548,340282346638528860000000000000000000000,1575420030,,,,0,,1,52.97417449951172,,,,,,C,
Raw,1697799137000,132306000000,,,-1381834222694038194,0.0,8.189434095394763,,,0,30,0.0,47,471154924660670,12,41.950233459472656,-1571.0299683365447,0.001530251232907176,17,-207392.81527578222,0.000765125616453588,1575420030,,,,0,,1,52.97417449951172,,,,,,C,
Raw,1697799137000,132306000000,,,-1381834222694038194,0.0,8.189434095394763,,,0,6,0.0,81929,471154928518953,9,33.8684196472168,-564.5012809262262,0.004929440561681986,17,-144328.7167977027,0.002464720280840993,1176450050,,,,0,,1,9.809704780578613,,,,,,Q,
Raw,1697799137000,132306000000,,,-1381834222694038194,0.0,8.189434095394763,,,0,9,0.0,81929,471154930480114,9,30.846813201904297,-673.2972180947836,0.006581148132681847,17,-159417.537673374,0.0032905740663409233,1176450050,,,,0,,1,9.809704780578613,,,,,,Q,
Raw,1697799137000,132306000000,,,-1381834222694038194,0.0,8.189434095394763,,,0,30,0.0,81929,471154924660629,16,38.8589973449707,-1571.0395085982746,0.002775036497041583,17,-394956.6618353403,0.0013875182485207915,1176450050,,,,1,,1,9.809704780578613,,,,,,Q,
Raw,1697799137000,132306000000,,,-1381834222694038194,0.0,8.189434095394763,,,0,10,0.0,227,49936926540624,48,31.579601287841797,-1736.0482158806699,0.0044528902508318416,17,-234209.59346165994,0.002226445125415921,1598062460,,,,0,,3,63.93495178222656,,,,,,C,
Raw,1697799137000,132306000000,,,-1381834222694038194,0.0,8.189434095394763,,,0,96,0.0,16392,49936922817176,1000000000,17.74700164794922,-414.9806969760434,299792458,18,-1517.254056821646,340282346638528860000000000000000000000,1599750020,,,,0,,3,63.93495178222656,,,,,,C,
Raw,1697799137000,132306000000,,,-1381834222694038194,0.0,8.189434095394763,,,0,22,0.0,227,49936924304926,45,32.394500732421875,-197.60904240561283,0.004294002894312143,17,-26905.18714656642,0.0021470014471560717,1600312450,,,,0,,3,63.93495178222656,,,,,,C,
Raw,1697799137000,132306000000,,,-1381834222694038194,0.0,8.189434095394763,,,0,9,0.0,227,49936931181915,33,37.961753845214844,-1217.5876398878172,0.0022612414322793484,17,-165243.31377036797,0.0011306207161396742,1600875010,,,,0,,3,63.93495178222656,,,,,,C,
Raw,1697799137000,132306000000,,,-1381834222694038194,0.0,8.189434095394763,,,0,16,0.0,227,49936924940144,101,22.39861488342285,-490.8887010717119,0.9422991767233593,20,-66442.25665048086,340282346638528860000000000000000000000,1601437440,,,,0,,3,63.93495178222656,,,,,,C,
Raw,1697799137000,132306000000,,,-1381834222694038194,0.0,8.189434095394763,,,0,101,0.0,16392,49936918727813,1000000000,7.0,-1586.2658278144672,299792458,18,-56.88738598182971,340282346638528860000000000000000000000,1602562560,,,,0,,3,63.93495178222656,,,,,,C,
Raw,1697799137000,132306000000,,,-1381834222694038194,0.0,8.189434095394763,,,0,24,0.0,227,49936924404360,65,27.861095428466797,-1412.5138734506581,0.6965612036944058,20,-190899.9024683579,340282346638528860000000000000000000000,1603124990,,,,0,,3,63.93495178222656,,,,,,C,
Raw,1697799137000,132306000000,,,-1381834222694038194,0.0,8.189434095394763,,,0,23,0.0,227,49936929986828,83,24.784503936767578,-708.1755063679111,0.8359162472058341,20,-93454.70097812818,340282346638528860000000000000000000000,1603687550,,,,1,,3,63.93495178222656,,,,,,C,
Raw,1697799137000,132306000000,,,-1381834222694038194,0.0,8.189434095394763,,,0,7,0.0,227,49936933439624,51,30.93959617614746,-776.67543420312,0.004773222841322421,17,-102523.45381863287,0.002386611420661211,1604812540,,,,1,,3,63.93495178222656,,,,,,C,
Raw,1697799137000,132306000000,,,-1381834222694038194,0.0,8.189434095394763,,,0,8,0.0,227,49936932005653,123,21.287872314453125,-1303.0673347558268,299.79460443785774,20,-170480.74891617626,340282346638528860000000000000000000000,1605374980,,,,0,,3,63.93495178222656,,,,,,C,
Raw,1697799137000,132306000000,,,-1381834222694038194,0.0,8.189434095394763,,,0,5,0.0,809,471140867754471,25,30.802648544311523,-973.5541233634262,0.5638063077693771,20,-126387.5787264672,340282346638528860000000000000000000000,1561097980,,,,0,,5,61.99386215209961,,,,,,C,
Raw,1697799137000,132306000000,,,-1381834222694038194,0.0,8.189434095394763,,,0,9,0.0,16393,471140867367453,21,24.684410095214844,-814.6819188839872,0.0100824274122715,17,444245.3731387844,0.10106095686127399,1561097980,,,,1,,5,61.99386215209961,,,,,,C,
Raw,1697799137000,132306000000,,,-1381834222694038194,0.0,8.189434095394763,,,0,19,0.0,65583,471140926229300,9,34.52144241333008,-1131.8963938390953,0.003445798298344016,17,-186920.75715406178,0.001722899149172008,1561097980,,,,0,,5,61.99386215209961,,,,,,C,
Raw,1697799137000,132306000000,,,-1381834222694038194,0.0,8.189434095394763,,,0,20,0.0,65583,471140924204163,7,37.32847213745117,-663.719143416587,0.0024942404124885798,17,-88342.40207622574,0.0012471202062442899,1561097980,,,,0,,5,61.99386215209961,,,,,,C,
Raw,1697799137000,132306000000,,,-1381834222694038194,0.0,8.189434095394763,,,0,22,0.0,65583,471140916195038,19,25.938079833984375,-1483.3812526388856,0.7851578837524724,20,-244427.4913075689,340282346638528860000000000000000000000,1561097980,,,,0,,5,61.99386215209961,,,,,,C,
Raw,1697799137000,132306000000,,,-1381834222694038194,0.0,8.189434095394763,,,0,29,0.0,16392,471140911042179,1000000000,7.0,-393.8210809982479,299792458,18,-8.554442269026634,340282346638528860000000000000000000000,1561097980,,,,0,,5,61.99386215209961,,,,,,C,
Raw,1697799137000,132306000000,,,-1381834222694038194,0.0,8.189434095394763,,,0,35,0.0,65583,471140917551688,30,20.016502380371094,-594.6177372725592,1.0516885516830645,20,465492.84287625836,340282346638528860000000000000000000000,1561097980,,,,1,,5,61.99386215209961,,,,,,C,
Raw,1697799137000,132306000000,,,-1381834222694038194,0.0,8.189434095394763,,,0,36,0.0,65583,471140913156319,39,16.920198440551758,-1643.653186458445,1.1901352844147004,20,-264989.86951549625,340282346638528860000000000000000000000,1561097980,,,,1,,5,61.99386215209961,,,,,,C,
Raw,1697799137000,132306000000,,,-1381834222694038194,0.0,8.189434095394763,,,0,37,0.0,12,471140920007123,1000000000,23.01405906677246,-821.4514817127324,299792458,20,-131383.30969019333,340282346638528860000000000000000000000,1561097980,,,,1,,5,61.99386215209961,,,,,,C,
Raw,1697799137000,132306000000,,,-1381834222694038194,0.0,8.189434095394763,,,0,3,0.0,83976,471154916374979,1000000000,23.12708282470703,-1321.9132972550278,299792458,20,-117477.98107820377,340282346638528860000000000000000000000,1575420030,,,,0,,6,52.97417449951172,,,,,,C,
Raw,1697799137000,132306000000,,,-1381834222694038194,0.0,8.189434095394763,,,0,5,0.0,85034,471154922184402,22,32.562313079833984,-914.0308874545177,0.003493288531899452,17,-1648.0209403125668,0.09689348066513216,1575420030,,,,0,,6,52.97417449951172,,,,,,C,
Raw,1697799137000,132306000000,,,-1381834222694038194,0.0,8.189434095394763,,,0,9,0.0,83976,471154912497931,1000000000,25.150856018066406,-563.0600068815891,299792458,20,-23033.09095753273,340282346638528860000000000000000000000,1575420030,,,,1,,6,52.97417449951172,,,,,,C,
Raw,1697799137000,132306000000,,,-1381834222694038194,0.0,8.189434095394763,,,0,13,0.0,16392,471154903936696,1000000000,7.0,-1518.6347823678198,299792458,18,-8.910484180040463,340282346638528860000000000000000000000,1575420030,,,,0,,6,52.97417449951172,,,,,,C,
Raw,1697799137000,132306000000,,,-1381834222694038194,0.0,8.189434095394763,,,0,15,0.0,83976,471154916180363,1000000000,18.614116668701172,-1155.8438012511124,299792458,20,-113545.85723550495,340282346638528860000000000000000000000,1575420030,,,,1,,6,52.97417449951172,,,,,,C,
Raw,1697799137000,132306000000,,,-1381834222694038194,0.0,8.189434095394763,,,0,24,0.0,85034,471154909742879,17,35.42366409301758,-1448.074383816569,0.0030776020139455795,17,-11297.795989807355,0.0015388010069727898,1575420030,,,,0,,6,52.97417449951172,,,,,,C,
Raw,1697799137000,132306000000,,,-1381834222694038194,0.0,8.189434095394763,,,0,31,0.0,83976,471154910086931,1000000000,20.81715202331543,-1077.7007037391345,299792458,20,-72045.2042074149,340282346638528860000000000000000000000,1575420030,,,,1,,6,52.97417449951172,,,,,,C,
Raw,1697799137000,132306000000,,,-1381834222694038194,0.0,8.189434095394763,,,0,3,0.0,84011,471154916374992,110,17.98846435546875,-1321.4004244492726,1.142675463706687,20,41153.81262714346,340282346638528860000000000000000000000,1176450050,,,,0,,6,9.809704780578613,,,,,,Q,
Raw,1697799137000,132306000000,,,-1381834222694038194,0.0,8.189434095394763,,,0,5,0.0,16392,471154922184410,1000000000,38.21228790283203,-914.7828124898833,299792458,20,-1756.2108977719747,340282346638528860000000000000000000000,1176450050,,,,0,,6,9.809704780578613,,,,,,Q,
Raw,1697799137000,132306000000,,,-1381834222694038194,0.0,8.189434095394763,,,0,9,0.0,84011,471154912497983,13,28.204973220825195,-563.4115902941667,0.008920593187212944,17,-15227.767231271744,0.004460296593606472,1176450050,,,,0,,6,9.809704780578613,,,,,,Q,
Raw,1697799137000,132306000000,,,-1381834222694038194,0.0,8.189434095394763,,,0,15,0.0,16392,471154916180708,1000000000,12.071701049804688,-1155.0102806943905,299792458,20,-117262.21864543315,340282346638528860000000000000000000000,1176450050,,,,0,,6,9.809704780578613,,,,,,Q,
Raw,1697799137000,132306000000,,,-1381834222694038194,0.0,8.189434095394763,,,0,24,0.0,84011,471154909742844,8,34.19319152832031,-1448.0851204787032,0.004748528357595205,17,-157684.4576373476,0.0023742641787976027,1176450050,,,,0,,6,9.809704780578613,,,,,,Q,
Raw,1697799137000,132306000000,,,-1381834222694038194,0.0,8.189434095394763,,,0,31,0.0,84011,471154910086887,45,23.112464904785156,-1078.2314656442904,0.01603315956890583,17,-143086.26267132448,0.008016579784452915,1176450050,,,,0,,6,9.809704780578613,,,,,,Q,
Raw,1697799138000,133306000000,,,-1381834222694041480,0.0,8.214921984892056,,,0,3,0.0,16392,471155914590182,1000000000,7.0,-327.11912331641224,299792458,18,-9.132666034805581,340282346638528860000000000000000000000,1575420030,,,,0,,1,49.160926818847656,,,,,,C,
Raw,1697799138000,133306000000,,,-1381834222694041480,0.0,8.214921984892056,,,0,4,0.0,47,471155923327280,26,30.58935546875,-442.57802942030685,0.005062343552708626,17,-58899.52454213495,0.09767800817553675,1575420030,,,,0,,1,49.160926818847656,,,,,,C,
Raw,1697799138000,133306000000,,,-1381834222694041480,0.0,8.214921984892056,,,0,5,0.0,16392,471155916095773,1000000000,16.045076370239258,-1659.9162440725213,299792458,18,-1414.302366284289,340282346638528860000000000000000000000,1575420030,,,,0,,1,49.160926818847656,,,,,,C,
Raw,1697799138000,133306000000,,,-1381834222694041480,0.0,8.214921984892056,,,0,6,0.0,47,471155928520852,12,39.49151611328125,-564.6662876201444,0.0019267260795459151,17,-75760.52700211859,0.0009633630397729576,1575420030,,,,0,,1,49.160926818847656,,,,,,C,
Raw,1697799138000,133306000000,,,-1381834222694041480,0.0,8.214921984892056,,,0,7,0.0,47,471155929433793,15,40.01399230957031,-1242.770117851178,0.0019123832462355492,17,-165668.47896324273,0.0009561916231177747,1575420030,,,,0,,1,49.160926818847656,,,,,,C,
Raw,1697799138000,133306000000,,,-1381834222694041480,0.0,8.214921984892056,,,0,9,0.0,47,471155930482379,17,35.678001403808594,-673.470669556191,0.0029887922573834658,17,-89932.07104488138,0.0014943961286917329,1575420030,,,,0,,1,49.160926818847656,,,,,,C,
Raw,1697799138000,133306000000,,,-1381834222694041480,0.0,8.214921984892056,,,0,11,0.0,47,471155927957735,28,29.73665428161621,-1056.7471676798305,0.0055845314636826515,17,-141265.56930294473,0.0027922657318413258,1575420030,,,,1,,1,49.160926818847656,,,,,,C,
Raw,1697799138000,133306000000,,,-1381834222694041480,0.0,8.214921984892056,,,0,16,0.0,47,471155918801245,34,27.0937442779541,-968.7926297434606,0.007570634130388498,17,-128768.71512898951,0.09893215346437668,1575420030,,,,0,,1,49.160926818847656,,,,,,C,
Raw,1697799138000,133306000000,,,-1381834222694041480,0.0,8.214921984892056,,,0,20,0.0,47,471155926000918,63,19.603343963623047,-1527.881080162806,1.068190052293128,20,-202849.34756926703,340282346638528860000000000000000000000,1575420030,,,,1,,1,49.160926818847656,,,,,,C,
Raw,1697799138000,133306000000,,,-1381834222694041480,0.0,8.214921984892056,,,0,26,0.0,16392,471155915116211,1000000000,7.0,-609.3104797848036,299792458,18,-539.6528429839597,340282346638528860000000000000000000000,1575420030,,,,0,,1,49.160926818847656,,,,,,C,
Raw,1697799138000,133306000000,,,-1381834222694041480,0.0,8.214921984892056,,,0,29,0.0,16392,471155914092229,1000000000,7.0,-1096.2761878633705,299792458,18,-29.572806498145184,340282346638528860000000000000000000000,1575420030,,,,0,,1,49.160926818847656,,,,,,C,
Raw,1697799138000,133306000000,,,-1381834222694041480,0.0,8.214921984892056,,,0,30,0.0,47,471155924665910,13,41.37211608886719,-1571.2316592674179,0.0016355678671970963,17,-208964.04693504964,0.0008177839335985482,1575420030,,,,0,,1,49.160926818847656,,,,,,C,
Raw,1697799138000,133306000000,,,-1381834222694041480,0.0,8.214921984892056,,,0,6,0.0,81929,471155928520829,11,33.83989715576172,-564.6768990164564,0.004945653490722179,17,-144893.39369671917,0.0024728267453610897,1176450050,,,,0,,1,9.809704780578613,,,,,,Q,
Raw,1697799138000,133306000000,,,-1381834222694041480,0.0,8.214921984892056,,,0,9,0.0,81929,471155930482370,16,28.02739906311035,-673.4920341188845,0.009104841388761995,17,-160091.02970749288,0.004552420694380999,1176450050,,,,0,,1,9.809704780578613,,,,,,Q,
Raw,1697799138000,133306000000,,,-1381834222694041480,0.0,8.214921984892056,,,0,30,0.0,81929,471155924665880,10,34.82323455810547,-1571.2390096839515,0.004163711331784725,17,-396527.90084502427,0.0020818556658923626,1176450050,,,,0,,1,9.809704780578613,,,,,,Q,
Raw,1697799138000,133306000000,,,-1381834222694041480,0.0,8.214921984892056,,,0,10,0.0,227,49937926546407,59,29.064918518066406,-1736.2172333390627,0.005948071368038654,17,-235945.810694999,0.002974035684019327,1598062460,,,,0,,3,61.556697845458984,,,,,,C,
Raw,1697799138000,133306000000,,,-1381834222694041480,0.0,8.214921984892056,,,0,96,0.0,16392,49937922818553,1000000000,14.71941089630127,-415.3459586625984,299792458,18,-1517.2482732485382,340282346638528860000000000000000000000,1599750020,,,,0,,3,61.556697845458984,,,,,,C,
Raw,1697799138000,133306000000,,,-1381834222694041480,0.0,8.214921984892056,,,0,22,0.0,227,49937924305445,51,30.964492797851562,-197.81856668729958,0.004772943910211325,17,-27103.00571325372,0.0023864719551056623,1600312450,,,,0,,3,61.556697845458984,,,,,,C,
Raw,1697799138000,133306000000,,,-1381834222694041480,0.0,8.214921984892056,,,0,9,0.0,227,49937931185999,33,36.7972526550293,-1217.614228671213,0.002585663925856352,17,-166460.92799903918,0.001292831962928176,1600875010,,,,0,,3,61.556697845458984,,,,,,C,
Raw,1697799138000,133306000000,,,-1381834222694041480,0.0,8.214921984892056,,,0,16,0.0,227,49937924941769,146,17.84099578857422,-490.9736686358233,1.147250500956491,20,-66932.53386383086,340282346638528860000000000000000000000,1601437440,,,,0,,3,61.556697845458984,,,,,,C,
Raw,1697799138000,133306000000,,,-1381834222694041480,0.0,8.214921984892056,,,0,101,0.0,16392,49937918733104,1000000000,16.078346252441406,-1586.5393054456063,299792458,18,-56.966807350536364,340282346638528860000000000000000000000,1602562560,,,,0,,3,61.556697845458984,,,,,,C,
Raw,1697799138000,133306000000,,,-1381834222694041480,0.0,8.214921984892056,,,0,24,0.0,227,49937924409006,51,30.896923065185547,-1412.7459378130152,0.0048017799854278564,17,-192312.64840617092,0.0024008899927139282,1603124990,,,,0,,3,61.556697845458984,,,,,,C,
Raw,1697799138000,133306000000,,,-1381834222694041480,0.0,8.214921984892056,,,0,23,0.0,227,49937929989166,107,21.706024169921875,-707.2522126207082,0.9743523957371045,20,-94162.28256372502,340282346638528860000000000000000000000,1603687550,,,,0,,3,61.556697845458984,,,,,,C,
Raw,1697799138000,133306000000,,,-1381834222694041480,0.0,8.214921984892056,,,0,7,0.0,227,49937933442708,72,26.633499145507812,-777.2155205672116,0.7533907044177868,20,-103300.31218173118,340282346638528860000000000000000000000,1604812540,,,,1,,3,61.556697845458984,,,,,,C,
Raw,1697799138000,133306000000,,,-1381834222694041480,0.0,8.214921984892056,,,0,8,0.0,227,49937932009694,92,23.599668502807617,-1301.857543879093,0.8895607689940777,20,-171782.4799488991,340282346638528860000000000000000000000,1605374980,,,,0,,3,61.556697845458984,,,,,,C,
Raw,1697799138000,133306000000,,,-1381834222694041480,0.0,8.214921984892056,,,0,5,0.0,809,471141867757711,34,27.20508575439453,-973.6140403219933,0.7255851446827926,20,-127349.16970399904,340282346638528860000000000000000000000,1561097980,,,,0,,5,61.93585968017578,,,,,,C,
Raw,1697799138000,133306000000,,,-1381834222694041480,0.0,8.214921984892056,,,0,9,0.0,16393,471141867370155,21,24.400644302368164,-814.9863805349205,0.8527073821290436,20,443430.4178581228,340282346638528860000000000000000000000,1561097980,,,,1,,5,61.93585968017578,,,,,,C,
Raw,1697799138000,133306000000,,,-1381834222694041480,0.0,8.214921984892056,,,0,19,0.0,65583,471141926233075,10,33.05763626098633,-1132.0806579223135,0.003845065599307418,17,-188052.8378119841,0.001922532799653709,1561097980,,,,0,,5,61.93585968017578,,,,,,C,
Raw,1697799138000,133306000000,,,-1381834222694041480,0.0,8.214921984892056,,,0,20,0.0,65583,471141924206333,6,39.02136993408203,-663.8615742779803,0.0020525481086224318,17,-89006.26365050372,0.0010262740543112159,1561097980,,,,0,,5,61.93585968017578,,,,,,C,
Raw,1697799138000,133306000000,,,-1381834222694041480,0.0,8.214921984892056,,,0,22,0.0,65583,471141916199973,25,22.143360137939453,-1484.5386928624002,0.955803018774565,20,-245910.90988996055,340282346638528860000000000000000000000,1561097980,,,,0,,5,61.93585968017578,,,,,,C,
Raw,1697799138000,133306000000,,,-1381834222694041480,0.0,8.214921984892056,,,0,29,0.0,16392,471141911043491,1000000000,7.0,-394.1957835252597,299792458,18,-8.543148248860115,340282346638528860000000000000000000000,1561097980,,,,0,,5,61.93585968017578,,,,,,C,
Raw,1697799138000,133306000000,,,-1381834222694041480,0.0,8.214921984892056,,,0,35,0.0,65583,471141917553738,29,20.748859405517578,-595.6898350249407,1.01875571239492,20,464896.61890909774,340282346638528860000000000000000000000,1561097980,,,,1,,5,61.93585968017578,,,,,,C,
Raw,1697799138000,133306000000,,,-1381834222694041480,0.0,8.214921984892056,,,0,36,0.0,65583,471141913161718,34,18.670724868774414,-1643.8792213101042,1.1114171247971192,20,-266633.8927589355,340282346638528860000000000000000000000,1561097980,,,,1,,5,61.93585968017578,,,,,,C,
Raw,1697799138000,133306000000,,,-1381834222694041480,0.0,8.214921984892056,,,0,37,0.0,65583,471141920009918,20,25.182849884033203,-821.0366982168498,0.8198059626055061,20,-132204.96032818596,340282346638528860000000000000000000000,1561097980,,,,0,,5,61.93585968017578,,,,,,C,
Raw,1697799138000,133306000000,,,-1381834222694041480,0.0,8.214921984892056,,,0,3,0.0,83976,471155916379395,1000000000,22.615568161010742,-1321.0720058982188,299792458,20,-118799.34109783947,340282346638528860000000000000000000000,1575420030,,,,1,,6,49.160926818847656,,,,,,C,
Raw,1697799138000,133306000000,,,-1381834222694041480,0.0,8.214921984892056,,,0,5,0.0,85034,471155922187463,24,31.401735305786133,-914.2057925382342,0.004610337782651186,17,-2562.226732850801,0.002305168891325593,1575420030,,,,0,,6,49.160926818847656,,,,,,C,
Raw,1697799138000,133306000000,,,-1381834222694041480,0.0,8.214921984892056,,,0,9,0.0,83976,471155912499797,1000000000,20.585643768310547,-563.7865766897423,299792458,20,-23596.204074785586,340282346638528860000000000000000000000,1575420030,,,,1,,6,49.160926818847656,,,,,,C,
Raw,1697799138000,133306000000,,,-1381834222694041480,0.0,8.214921984892056,,,0,13,0.0,16392,471155903941760,1000000000,7.368741989135742,-1518.820463590956,299792458,18,-8.851651557516199,340282346638528860000000000000000000000,1575420030,,,,0,,6,49.160926818847656,,,,,,C,
Raw,1697799138000,133306000000,,,-1381834222694041480,0.0,8.214921984892056,,,0,15,0.0,83976,471155916184320,1000000000,21.078033447265625,-1156.6132467895713,299792458,20,-114702.72815054096,340282346638528860000000000000000000000,1575420030,,,,1,,6,49.160926818847656,,,,,,C,
Raw,1697799138000,133306000000,,,-1381834222694041480,0.0,8.214921984892056,,,0,24,0.0,85034,471155909747708,25,31.0035457611084,-1448.2565545956077,0.5547709287240439,20,-12746.044921074006,340282346638528860000000000000000000000,1575420030,,,,0,,6,49.160926818847656,,,,,,C,
Raw,1697799138000,133306000000,,,-1381834222694041480,0.0,8.214921984892056,,,0,31,0.0,83976,471155910090454,1000000000,25.46502113342285,-1075.802379075727,299792458,20,-73123.56307182467,340282346638528860000000000000000000000,1575420030,,,,0,,6,49.160926818847656,,,,,,C,
Raw,1697799138000,133306000000,,,-1381834222694041480,0.0,8.214921984892056,,,0,3,0.0,84011,471155916379384,142,17.463722229003906,-1322.3164245507796,1.1662734376762636,20,39831.01882375675,340282346638528860000000000000000000000,1176450050,,,,0,,6,9.809704780578613,,,,,,Q,
Raw,1697799138000,133306000000,,,-1381834222694041480,0.0,8.214921984892056,,,0,5,0.0,84011,471155922187451,9,38.724761962890625,-914.2065560439012,0.002818256849423051,17,-2670.417453815876,0.0014091284247115254,1176450050,,,,0,,6,9.809704780578613,,,,,,Q,
Raw,1697799138000,133306000000,,,-1381834222694041480,0.0,8.214921984892056,,,0,9,0.0,84011,471155912499863,17,26.167333602905273,-563.56967572125,0.011279132217168808,17,-15791.336906992994,0.005639566108584404,1176450050,,,,0,,6,9.809704780578613,,,,,,Q,
Raw,1697799138000,133306000000,,,-1381834222694041480,0.0,8.214921984892056,,,0,15,0.0,16392,471155916184576,1000000000,12.39681625366211,-1154.6131519109867,299792458,20,-118416.9232998895,340282346638528860000000000000000000000,1176450050,,,,0,,6,9.809704780578613,,,,,,Q,
Raw,1697799138000,133306000000,,,-1381834222694041480,0.0,8.214921984892056,,,0,24,0.0,84011,471155909747679,10,34.243961334228516,-1448.1995937456086,0.004720854107290506,17,-159132.6572310932,0.002360427053645253,1176450050,,,,0,,6,9.809704780578613,,,,,,Q,
Raw,1697799138000,133306000000,,,-1381834222694041480,0.0,8.214921984892056,,,0,31,0.0,84011,471155910090453,43,23.39032745361328,-1078.4552542477031,0.01552837435156107,17,-144164.7179255722,0.007764187175780535,1176450050,,,,0,,6,9.809704780578613,,,,,,Q,
Raw,1697799139000,134306000000,,,-1381834222694044768,0.0,8.266666798463193,,,0,3,0.0,16392,471156914591274,1000000000,7.0,-326.9334761757325,299792458,18,-9.137745063399567,340282346638528860000000000000000000000,1575420030,,,,0,,1,52.750877380371094,,,,,,C,
Raw,1697799139000,134306000000,,,-1381834222694044768,0.0,8.266666798463193,,,0,4,0.0,47,471156923328762,28,29.765514373779297,-442.7779544710502,0.005566006526350975,17,-59342.302496606,0.0027830032631754875,1575420030,,,,0,,1,52.750877380371094,,,,,,C,
Raw,1697799139000,134306000000,,,-1381834222694044768,0.0,8.266666798463193,,,0,5,0.0,16392,471156916101315,1000000000,8.869407653808594,-1660.1019252956576,299792458,18,-1414.3442779968445,340282346638528860000000000000000000000,1575420030,,,,0,,1,52.750877380371094,,,,,,C,
Raw,1697799139000,134306000000,,,-1381834222694044768,0.0,8.266666798463193,,,0,6,0.0,47,471156928522747,16,36.657527923583984,-564.7882374921464,0.002670049434527755,17,-76325.31523961073,0.0013350247172638774,1575420030,,,,0,,1,52.750877380371094,,,,,,C,
Raw,1697799139000,134306000000,,,-1381834222694044768,0.0,8.266666798463193,,,0,7,0.0,47,471156929437953,13,41.362892150878906,-1242.8982364794065,0.0016373061807826161,17,-166911.37719972213,0.0008186530903913081,1575420030,,,,0,,1,52.750877380371094,,,,,,C,
Raw,1697799139000,134306000000,,,-1381834222694044768,0.0,8.266666798463193,,,0,9,0.0,47,471156930484638,17,35.89218521118164,-673.4938059520937,0.002915992634370923,17,-90605.56485083347,0.0014579963171854615,1575420030,,,,0,,1,52.750877380371094,,,,,,C,
Raw,1697799139000,134306000000,,,-1381834222694044768,0.0,8.266666798463193,,,0,11,0.0,47,471156927961258,25,30.72785758972168,-1056.8491011647857,0.004982261918485165,17,-142322.4184041095,0.0024911309592425823,1575420030,,,,0,,1,52.750877380371094,,,,,,C,
Raw,1697799139000,134306000000,,,-1381834222694044768,0.0,8.266666798463193,,,0,16,0.0,47,471156918804474,40,25.21257781982422,-968.8392926578867,0.8182523484399087,20,-129737.59324037467,340282346638528860000000000000000000000,1575420030,,,,1,,1,52.750877380371094,,,,,,C,
Raw,1697799139000,134306000000,,,-1381834222694044768,0.0,8.266666798463193,,,0,20,0.0,47,471156926005976,68,18.69354248046875,-1527.4159227961827,1.1091038446279313,20,-204375.87503498758,340282346638528860000000000000000000000,1575420030,,,,1,,1,52.750877380371094,,,,,,C,
Raw,1697799139000,134306000000,,,-1381834222694044768,0.0,8.266666798463193,,,0,26,0.0,16392,471156915118250,1000000000,16.685585021972656,-609.3104797848036,299792458,18,-539.6671376581295,340282346638528860000000000000000000000,1575420030,,,,0,,1,52.750877380371094,,,,,,C,
Raw,1697799139000,134306000000,,,-1381834222694044768,0.0,8.266666798463193,,,0,29,0.0,16392,471156914095890,1000000000,7.0,-1096.0905066402343,299792458,18,-29.595929839340535,340282346638528860000000000000000000000,1575420030,,,,0,,1,52.750877380371094,,,,,,C,
Raw,1697799139000,134306000000,,,-1381834222694044768,0.0,8.266666798463193,,,0,30,0.0,47,471156924671154,13,41.62464141845703,-1571.4192355874402,0.0015887017361819744,17,-210535.46617063708,0.0007943508680909872,1575420030,,,,0,,1,52.750877380371094,,,,,,C,
Raw,1697799139000,134306000000,,,-1381834222694044768,0.0,8.266666798463193,,,0,6,0.0,81929,471156928522717,8,33.73701477050781,-564.7740954288165,0.005004581995308399,17,-145458.167792148,0.0025022909976541996,1176450050,,,,0,,1,10.724854469299316,,,,,,Q,
Raw,1697799139000,134306000000,,,-1381834222694044768,0.0,8.266666798463193,,,0,9,0.0,81929,471156930484617,12,28.710752487182617,-673.5967719677719,0.008415980264544487,17,-160764.62647946065,0.0042079901322722435,1176450050,,,,0,,1,10.724854469299316,,,,,,Q,
Raw,1697799139000,134306000000,,,-1381834222694044768,0.0,8.266666798463193,,,0,30,0.0,81929,471156924671117,8,33.07536315917969,-1571.4117663149955,0.005400704685598612,17,-398099.31261133926,0.002700352342799306,1176450050,,,,0,,1,10.724854469299316,,,,,,Q,
Raw,1697799139000,134306000000,,,-1381834222694044768,0.0,8.266666798463193,,,0,10,0.0,227,49938926552267,57,29.55184555053711,-1736.3922713059874,0.005623799283057451,17,-237682.202966305,0.0028118996415287256,1598062460,,,,0,,3,61.584014892578125,,,,,,C,
Raw,1697799139000,134306000000,,,-1381834222694044768,0.0,8.266666798463193,,,0,96,0.0,16392,49938922819951,1000000000,23.74993896484375,-415.25465176157377,299792458,18,-1517.2415939150771,340282346638528860000000000000000000000,1599750020,,,,0,,3,61.584014892578125,,,,,,C,
Raw,1697799139000,134306000000,,,-1381834222694044768,0.0,8.266666798463193,,,0,22,0.0,227,49938924306137,56,29.638540267944336,-198.04017843419206,0.005560117773711681,17,-27301.04589168791,0.0027800588868558407,1600312450,,,,0,,3,61.584014892578125,,,,,,C,
Raw,1697799139000,134306000000,,,-1381834222694044768,0.0,8.266666798463193,,,0,9,0.0,227,49938931190056,34,35.80117416381836,-1217.7071085312346,0.002899852581322193,17,-167678.63510757042,0.0014499262906610966,1600875010,,,,0,,3,61.584014892578125,,,,,,C,
Raw,1697799139000,134306000000,,,-1381834222694044768,0.0,8.266666798463193,,,0,16,0.0,227,49938924943340,171,15.94880199432373,-491.2148360981787,1.232340682030582,20,-67422.4467173029,340282346638528860000000000000000000000,1601437440,,,,0,,3,61.584014892578125,,,,,,C,
Raw,1697799139000,134306000000,,,-1381834222694044768,0.0,8.266666798463193,,,0,101,0.0,16392,49938918738402,1000000000,12.920570373535156,-1586.5393054456063,299792458,18,-56.941969161784115,340282346638528860000000000000000000000,1602562560,,,,0,,3,61.584014892578125,,,,,,C,
Raw,1697799139000,134306000000,,,-1381834222694044768,0.0,8.266666798463193,,,0,24,0.0,227,49938924413719,48,31.505409240722656,-1412.8497401430504,0.004476906266063452,17,-193725.49814631397,0.002238453133031726,1603124990,,,,0,,3,61.584014892578125,,,,,,C,
Raw,1697799139000,134306000000,,,-1381834222694044768,0.0,8.266666798463193,,,0,23,0.0,227,49938929991614,112,22.264394760131836,-707.8303874131611,299.7942636132925,20,-94869.55538920462,340282346638528860000000000000000000000,1603687550,,,,0,,3,61.584014892578125,,,,,,C,
Raw,1697799139000,134306000000,,,-1381834222694044768,0.0,8.266666798463193,,,0,7,0.0,227,49938933445006,84,24.708419799804688,-776.853155889461,0.8399597445819378,20,-104077.24117277318,340282346638528860000000000000000000000,1604812540,,,,0,,3,61.584014892578125,,,,,,C,
Raw,1697799139000,134306000000,,,-1381834222694044768,0.0,8.266666798463193,,,0,8,0.0,227,49938932014065,76,25.947629928588867,-1301.8893410085875,0.008477305062115192,17,-173084.36928990769,0.004238652531057596,1605374980,,,,0,,3,61.584014892578125,,,,,,C,
Raw,1697799139000,134306000000,,,-1381834222694044768,0.0,8.266666798463193,,,0,5,0.0,809,471142867760966,49,23.187395095825195,-973.5984987218189,299.7927639852055,20,-128334.14134275983,340282346638528860000000000000000000000,1561097980,,,,0,,5,61.96491241455078,,,,,,C,
Raw,1697799139000,134306000000,,,-1381834222694044768,0.0,8.266666798463193,,,0,9,0.0,16393,471142867372867,24,22.87007713317871,-815.8010194107287,0.9215356382981992,20,442615.20444107347,340282346638528860000000000000000000000,1561097980,,,,1,,5,61.96491241455078,,,,,,C,
Raw,1697799139000,134306000000,,,-1381834222694044768,0.0,8.266666798463193,,,0,19,0.0,65583,471142926236861,12,31.570425033569336,-1132.194925316755,0.004563146270811558,17,-189185.03273730085,0.002281573135405779,1561097980,,,,0,,5,61.96491241455078,,,,,,C,
Raw,1697799139000,134306000000,,,-1381834222694044768,0.0,8.266666798463193,,,0,20,0.0,65583,471142924208569,7,38.35868453979492,-664.0420319654369,0.0022152753081172705,17,-89670.30568246916,0.0011076376540586352,1561097980,,,,0,,5,61.96491241455078,,,,,,C,
Raw,1697799139000,134306000000,,,-1381834222694044768,0.0,8.266666798463193,,,0,22,0.0,65583,471142916204877,24,23.06517791748047,-1484.7686812790162,0.9143508301343779,20,-247395.34869725644,340282346638528860000000000000000000000,1561097980,,,,0,,5,61.96491241455078,,,,,,C,
Raw,1697799139000,134306000000,,,-1381834222694044768,0.0,8.266666798463193,,,0,29,0.0,16392,471142911044807,1000000000,18.945796966552734,-394.1957835252597,299792458,18,-8.55239624347751,340282346638528860000000000000000000000,1561097980,,,,0,,5,61.96491241455078,,,,,,C,
Raw,1697799139000,134306000000,,,-1381834222694044768,0.0,8.266666798463193,,,0,35,0.0,65583,471142917555721,46,20.689956665039062,-596.422267015616,299.7956269115534,20,464299.0459443165,340282346638528860000000000000000000000,1561097980,,,,1,,5,61.96491241455078,,,,,,C,
Raw,1697799139000,134306000000,,,-1381834222694044768,0.0,8.266666798463193,,,0,36,0.0,65583,471142913167203,38,17.26167106628418,-1644.2283619947239,1.1747816702895575,20,-268278.8609230633,340282346638528860000000000000000000000,1561097980,,,,1,,5,61.96491241455078,,,,,,C,
Raw,1697799139000,134306000000,,,-1381834222694044768,0.0,8.266666798463193,,,0,37,0.0,65583,471142920012847,19,26.023208618164062,-821.7685238954438,0.008642217144370079,17,-133026.7288520814,0.10034085172732328,1561097980,,,,1,,5,61.96491241455078,,,,,,C,
Raw,1697799139000,134306000000,,,-1381834222694044768,0.0,8.266666798463193,,,0,3,0.0,83976,471156916383813,1000000000,22.62642478942871,-1322.3397369510412,299792458,20,-120120.97438684349,340282346638528860000000000000000000000,1575420030,,,,0,,6,52.750877380371094,,,,,,C,
Raw,1697799139000,134306000000,,,-1381834222694044768,0.0,8.266666798463193,,,0,5,0.0,85034,471156922190533,20,33.4216423034668,-914.3540130756575,0.0038753733970224857,17,-3476.5807459264583,0.0019376866985112429,1575420030,,,,0,,6,52.750877380371094,,,,,,C,
Raw,1697799139000,134306000000,,,-1381834222694044768,0.0,8.266666798463193,,,0,9,0.0,83976,471156912501793,1000000000,21.007795333862305,-563.6034175683887,299792458,20,-24159.576175159636,340282346638528860000000000000000000000,1575420030,,,,1,,6,52.750877380371094,,,,,,C,
Raw,1697799139000,134306000000,,,-1381834222694044768,0.0,8.266666798463193,,,0,13,0.0,16392,471156903946831,1000000000,18.596839904785156,-1518.820463590956,299792458,18,-10.217550677597401,340282346638528860000000000000000000000,1575420030,,,,0,,6,52.750877380371094,,,,,,C,
Raw,1697799139000,134306000000,,,-1381834222694044768,0.0,8.266666798463193,,,0,15,0.0,83976,471156916188525,1000000000,20.98714828491211,-1157.4953007643817,299792458,20,-115858.96662054435,340282346638528860000000000000000000000,1575420030,,,,1,,6,52.750877380371094,,,,,,C,
Raw,1697799139000,134306000000,,,-1381834222694044768,0.0,8.266666798463193,,,0,24,0.0,85034,471156909752530,32,27.76470947265625,-1448.3547149665828,0.007007836829870939,17,-14194.399636040589,0.0035039184149354696,1575420030,,,,0,,6,52.750877380371094,,,,,,C,
Raw,1697799139000,134306000000,,,-1381834222694044768,0.0,8.266666798463193,,,0,31,0.0,83976,471156910094070,1000000000,27.607898712158203,-1077.9561858332295,299792458,20,-74200.1234684698,340282346638528860000000000000000000000,1575420030,,,,0,,6,52.750877380371094,,,,,,C,
Raw,1697799139000,134306000000,,,-1381834222694044768,0.0,8.266666798463193,,,0,3,0.0,16392,471156916383803,1000000000,15.52435302734375,-1322.5124668406988,299792458,20,38507.30097653656,340282346638528860000000000000000000000,1176450050,,,,0,,6,10.724854469299316,,,,,,Q,
Raw,1697799139000,134306000000,,,-1381834222694044768,0.0,8.266666798463193,,,0,5,0.0,84011,471156922190504,9,38.3560791015625,-914.3561326790523,0.002940455451607704,17,-3584.773586494928,0.001470227725803852,1176450050,,,,0,,6,10.724854469299316,,,,,,Q,
Raw,1697799139000,134306000000,,,-1381834222694044768,0.0,8.266666798463193,,,0,9,0.0,84011,471156912501741,20,26.116748809814453,-563.7924207853284,0.011345010250806808,17,-16355.129327778322,0.005672505125403404,1176450050,,,,0,,6,10.724854469299316,,,,,,Q,
Raw,1697799139000,134306000000,,,-1381834222694044768,0.0,8.266666798463193,,,0,15,0.0,16392,471156916188454,1000000000,14.583497047424316,-1156.3903475239122,299792458,20,-119573.22699539515,340282346638528860000000000000000000000,1176450050,,,,0,,6,10.724854469299316,,,,,,Q,
Raw,1697799139000,134306000000,,,-1381834222694044768,0.0,8.266666798463193,,,0,24,0.0,84011,471156909752506,9,34.00360107421875,-1448.4129959458369,0.0048533156514167786,17,-160581.07022703905,0.0024266578257083893,1176450050,,,,0,,6,10.724854469299316,,,,,,Q,
Raw,1697799139000,134306000000,,,-1381834222694044768,0.0,8.266666798463193,,,0,31,0.0,84011,471156910094048,32,23.601848602294922,-1078.5427677387488,0.015154788270592688,17,-145243.26069331093,0.007577394135296345,1176450050,,,,0,,6,10.724854469299316,,,,,,Q,
Raw,1697799140000,135306000000,,,-1381834222694048057,0.0,8.263166776569294,,,0,3,0.0,16392,471157914592371,1000000000,17.1978759765625,-327.3048045395485,299792458,18,-9.130138289289153,340282346638528860000000000000000000000,1575420030,,,,0,,1,49.115211486816406,,,,,,C,
Raw,1697799140000,135306000000,,,-1381834222694048057,0.0,8.263166776569294,,,0,4,0.0,47,471157923330181,40,25.19447898864746,-443.1976308961912,0.8162827552297585,20,-59785.12451593262,340282346638528860000000000000000000000,1575420030,,,,0,,1,49.115211486816406,,,,,,C,
Raw,1697799140000,135306000000,,,-1381834222694048057,0.0,8.263166776569294,,,0,5,0.0,16392,471157916106856,1000000000,15.433894157409668,-1660.2876065187938,299792458,18,-1414.282327063273,340282346638528860000000000000000000000,1575420030,,,,0,,1,49.115211486816406,,,,,,C,
Raw,1697799140000,135306000000,,,-1381834222694048057,0.0,8.263166776569294,,,0,6,0.0,47,471157928524644,18,35.065277099609375,-565.0304209665919,0.0032072430476546288,17,-76890.34566057732,0.0016036215238273144,1575420030,,,,0,,1,49.115211486816406,,,,,,C,
Raw,1697799140000,135306000000,,,-1381834222694048057,0.0,8.263166776569294,,,0,7,0.0,47,471157929442104,11,43.68553161621094,-1243.1227371276182,0.0012531350366771221,17,-168154.49993684975,0.0006265675183385611,1575420030,,,,0,,1,49.115211486816406,,,,,,C,
Raw,1697799140000,135306000000,,,-1381834222694048057,0.0,8.263166776569294,,,0,9,0.0,47,471157930486884,15,37.133995056152344,-673.8414717791311,0.0025275282096117735,17,-91279.4063226126,0.0012637641048058867,1575420030,,,,0,,1,49.115211486816406,,,,,,C,
Raw,1697799140000,135306000000,,,-1381834222694048057,0.0,8.263166776569294,,,0,11,0.0,46,471157927964879,1000000000,27.354534149169922,-1056.957941225788,0.007346707861870527,17,-143379.3763453353,0.0036733539309352636,1575420030,,,,1,,1,49.115211486816406,,,,,,C,
Raw,1697799140000,135306000000,,,-1381834222694048057,0.0,8.263166776569294,,,0,16,0.0,47,471157918807740,32,27.886323928833008,-968.9927085083327,0.006910401396453381,17,-130706.585948883,0.0034552006982266903,1575420030,,,,0,,1,49.115211486816406,,,,,,C,
Raw,1697799140000,135306000000,,,-1381834222694048057,0.0,8.263166776569294,,,0,20,0.0,47,471157926011074,46,23.550703048706055,-1526.7971858929668,0.011383721604943275,17,-205902.67222088054,0.10083869720165407,1575420030,,,,1,,1,49.115211486816406,,,,,,C,
Raw,1697799140000,135306000000,,,-1381834222694048057,0.0,8.263166776569294,,,0,26,0.0,16392,471157915120293,1000000000,7.0,-609.4960928430269,299792458,18,-539.6460866265274,340282346638528860000000000000000000000,1575420030,,,,0,,1,49.115211486816406,,,,,,C,
Raw,1697799140000,135306000000,,,-1381834222694048057,0.0,8.263166776569294,,,0,29,0.0,16392,471157914099552,1000000000,7.0,-1096.2761878633705,299792458,18,-29.555660439509772,340282346638528860000000000000000000000,1575420030,,,,0,,1,49.115211486816406,,,,,,C,
Raw,1697799140000,135306000000,,,-1381834222694048057,0.0,8.263166776569294,,,0,30,0.0,47,471157924676388,14,40.84213638305664,-1571.704244554654,0.0017384715611115098,17,-212107.17041519174,0.0008692357805557549,1575420030,,,,0,,1,49.115211486816406,,,,,,C,
Raw,1697799140000,135306000000,,,-1381834222694048057,0.0,8.263166776569294,,,0,6,0.0,81929,471157928524602,7,35.530792236328125,-565.0271288536896,0.004070793278515339,17,-146023.19492100168,0.0020353966392576694,1176450050,,,,0,,1,8.485379219055176,,,,,,Q,
Raw,1697799140000,135306000000,,,-1381834222694048057,0.0,8.263166776569294,,,0,9,0.0,81929,471157930486866,11,30.077835083007812,-673.8389583816461,0.007190359756350517,17,-161438.4654378423,0.0035951798781752586,1176450050,,,,0,,1,8.485379219055176,,,,,,Q,
Raw,1697799140000,135306000000,,,-1381834222694048057,0.0,8.263166776569294,,,0,30,0.0,81929,471157924676360,12,38.417991638183594,-1571.6797817992044,0.0029195705428719525,17,-399670.99239313847,0.001459785271435976,1176450050,,,,0,,1,8.485379219055176,,,,,,Q,
Raw,1697799140000,135306000000,,,-1381834222694048057,0.0,8.263166776569294,,,0,10,0.0,227,49939926558069,53,30.49222183227539,-1736.682603846828,0.005046740174293518,17,-239418.88557015182,0.002523370087146759,1598062460,,,,0,,3,61.584014892578125,,,,,,C,
Raw,1697799140000,135306000000,,,-1381834222694048057,0.0,8.263166776569294,,,0,96,0.0,16392,49939922821344,1000000000,23.765256881713867,-415.52867471201716,299792458,18,-1517.2616406740128,340282346638528860000000000000000000000,1599750020,,,,0,,3,61.584014892578125,,,,,,C,
Raw,1697799140000,135306000000,,,-1381834222694048057,0.0,8.263166776569294,,,0,22,0.0,227,49939924306893,38,34.570762634277344,-198.34230915798253,0.00334232859313488,17,-27499.388200845893,0.00167116429656744,1600312450,,,,0,,3,61.584014892578125,,,,,,C,
Raw,1697799140000,135306000000,,,-1381834222694048057,0.0,8.263166776569294,,,0,9,0.0,227,49939931194099,33,38.33054733276367,-1217.83388437549,0.002167241182178259,17,-168896.4689919459,0.0010836205910891294,1600875010,,,,0,,3,61.584014892578125,,,,,,C,
Raw,1697799140000,135306000000,,,-1381834222694048057,0.0,8.263166776569294,,,0,16,0.0,227,49939924945046,92,23.635211944580078,-491.44847133764256,0.8866917184547551,20,-67913.67783611144,340282346638528860000000000000000000000,1601437440,,,,1,,3,61.584014892578125,,,,,,C,
Raw,1697799140000,135306000000,,,-1381834222694048057,0.0,8.263166776569294,,,0,101,0.0,16392,49939918743700,1000000000,9.665346145629883,-1586.8127830767453,299792458,18,-56.92203986675574,340282346638528860000000000000000000000,1602562560,,,,0,,3,61.584014892578125,,,,,,C,
Raw,1697799140000,135306000000,,,-1381834222694048057,0.0,8.263166776569294,,,0,24,0.0,227,49939924418381,50,31.07695770263672,-1413.1156333030249,0.5519500063411003,20,-195138.51835248127,340282346638528860000000000000000000000,1603124990,,,,0,,3,61.584014892578125,,,,,,C,
Raw,1697799140000,135306000000,,,-1381834222694048057,0.0,8.263166776569294,,,0,23,0.0,227,49939929994118,109,21.440738677978516,-708.6710652857528,0.9862829862698335,20,-95579.24656113687,340282346638528860000000000000000000000,1603687550,,,,0,,3,61.584014892578125,,,,,,C,
Raw,1697799140000,135306000000,,,-1381834222694048057,0.0,8.263166776569294,,,0,7,0.0,227,49939933447316,59,29.0830020904541,-777.2049795147032,0.0059107341803610325,17,-104854.44615228788,0.0029553670901805162,1604812540,,,,1,,3,61.584014892578125,,,,,,C,
Raw,1697799140000,135306000000,,,-1381834222694048057,0.0,8.263166776569294,,,0,8,0.0,227,49939932018434,86,24.476524353027344,-1302.0169134457938,0.8501311611331661,20,-174386.5336238228,340282346638528860000000000000000000000,1605374980,,,,0,,3,61.584014892578125,,,,,,C,
Raw,1697799140000,135306000000,,,-1381834222694048057,0.0,8.263166776569294,,,0,5,0.0,809,471143867764203,22,32.364688873291016,-973.7017685650831,0.4935647945822381,20,-129317.93305309839,340282346638528860000000000000000000000,1561097980,,,,0,,5,61.906715393066406,,,,,,C,
Raw,1697799140000,135306000000,,,-1381834222694048057,0.0,8.263166776569294,,,0,9,0.0,16393,471143867375585,21,24.4799861907959,-815.5387890397104,0.010322535410523415,17,441799.66565203376,0.10118101086039995,1561097980,,,,1,,5,61.906715393066406,,,,,,C,
Raw,1697799140000,135306000000,,,-1381834222694048057,0.0,8.263166776569294,,,0,19,0.0,65583,471143926240630,9,35.015655517578125,-1132.462671472691,0.0032552110496908426,17,-190317.49540877354,0.0016276055248454213,1561097980,,,,0,,5,61.906715393066406,,,,,,C,
Raw,1697799140000,135306000000,,,-1381834222694048057,0.0,8.263166776569294,,,0,20,0.0,65583,471143924210717,7,37.216331481933594,-664.3158083948947,0.0025266511365771294,17,-90334.62149086405,0.0012633255682885647,1561097980,,,,1,,5,61.906715393066406,,,,,,C,
Raw,1697799140000,135306000000,,,-1381834222694048057,0.0,8.263166776569294,,,0,22,0.0,65583,471143916209697,20,24.954570770263672,-1484.98845260503,0.00977365579456091,17,-248880.33714986147,0.1009065710524187,1561097980,,,,0,,5,61.906715393066406,,,,,,C,
Raw,1697799140000,135306000000,,,-1381834222694048057,0.0,8.263166776569294,,,0,29,0.0,16392,471143911046124,1000000000,7.0,-394.57048605227146,299792458,18,-8.541081712163376,340282346638528860000000000000000000000,1561097980,,,,0,,5,61.906715393066406,,,,,,C,
Raw,1697799140000,135306000000,,,-1381834222694048057,0.0,8.263166776569294,,,0,35,0.0,65583,471143917557666,29,20.74476432800293,-595.9001237816865,1.0189405697811775,20,463702.6907147995,340282346638528860000000000000000000000,1561097980,,,,0,,5,61.906715393066406,,,,,,C,
Raw,1697799140000,135306000000,,,-1381834222694048057,0.0,8.263166776569294,,,0,36,0.0,65583,471143913172755,37,17.65276336669922,-1644.3865045929897,1.1571956552621705,20,-269923.31770897045,340282346638528860000000000000000000000,1561097980,,,,1,,5,61.906715393066406,,,,,,C,
Raw,1697799140000,135306000000,,,-1381834222694048057,0.0,8.263166776569294,,,0,37,0.0,65583,471143920015420,21,24.460186004638672,-822.4002009725014,0.8523042505729848,20,-133848.77304929256,340282346638528860000000000000000000000,1561097980,,,,1,,5,61.906715393066406,,,,,,C,
Raw,1697799140000,135306000000,,,-1381834222694048057,0.0,8.263166776569294,,,0,3,0.0,83976,471157916388202,1000000000,19.41457748413086,-1322.3994494148692,299792458,20,-121441.77805184806,340282346638528860000000000000000000000,1575420030,,,,0,,6,49.115211486816406,,,,,,C,
Raw,1697799140000,135306000000,,,-1381834222694048057,0.0,8.263166776569294,,,0,5,0.0,85034,471157922193603,22,32.60478973388672,-914.6170617273133,0.004257515538483858,17,-4391.197807653772,0.002128757769241929,1575420030,,,,0,,6,49.115211486816406,,,,,,C,
Raw,1697799140000,135306000000,,,-1381834222694048057,0.0,8.263166776569294,,,0,9,0.0,83976,471157912503601,1000000000,24.68160057067871,-563.9099210998984,299792458,20,-24723.823245768646,340282346638528860000000000000000000000,1575420030,,,,1,,6,49.115211486816406,,,,,,C,
Raw,1697799140000,135306000000,,,-1381834222694048057,0.0,8.263166776569294,,,0,13,0.0,16392,471157903951906,1000000000,7.0,-1519.0061448140923,299792458,18,-10.253901195371906,340282346638528860000000000000000000000,1575420030,,,,0,,6,49.115211486816406,,,,,,C,
Raw,1697799140000,135306000000,,,-1381834222694048057,0.0,8.263166776569294,,,0,15,0.0,83976,471157916192351,1000000000,16.83503532409668,-1157.3287057168982,299792458,20,-117015.79136338366,340282346638528860000000000000000000000,1575420030,,,,1,,6,49.115211486816406,,,,,,C,
Raw,1697799140000,135306000000,,,-1381834222694048057,0.0,8.263166776569294,,,0,24,0.0,85034,471157909757384,15,37.24346160888672,-1448.6532518599176,0.0024958739522844553,17,-15643.052887900507,0.0012479369761422276,1575420030,,,,0,,6,49.115211486816406,,,,,,C,
Raw,1697799140000,135306000000,,,-1381834222694048057,0.0,8.263166776569294,,,0,31,0.0,83976,471157910097686,1000000000,24.715246200561523,-1078.9032691350853,299792458,20,-75279.36074046117,340282346638528860000000000000000000000,1575420030,,,,0,,6,49.115211486816406,,,,,,C,
Raw,1697799140000,135306000000,,,-1381834222694048057,0.0,8.263166776569294,,,0,3,0.0,16392,471157916388218,1000000000,19.985881805419922,-1321.9216133744194,299792458,20,37189.78845447872,340282346638528860000000000000000000000,1176450050,,,,0,,6,8.485379219055176,,,,,,Q,
Raw,1697799140000,135306000000,,,-1381834222694048057,0.0,8.263166776569294,,,0,5,0.0,84011,471157922193555,10,38.14300537109375,-914.6160607732108,0.0030134799890220165,17,-4499.389647268139,0.0015067399945110083,1176450050,,,,0,,6,8.485379219055176,,,,,,Q,
Raw,1697799140000,135306000000,,,-1381834222694048057,0.0,8.263166776569294,,,0,9,0.0,84011,471157912503631,21,26.28929328918457,-564.0650069055191,0.01112186536192894,17,-16919.19433468384,0.00556093268096447,1176450050,,,,0,,6,8.485379219055176,,,,,,Q,
Raw,1697799140000,135306000000,,,-1381834222694048057,0.0,8.263166776569294,,,0,15,0.0,16392,471157916192335,1000000000,14.393020629882812,-1158.1015595010094,299792458,20,-120729.3017578473,340282346638528860000000000000000000000,1176450050,,,,0,,6,8.485379219055176,,,,,,Q,
Raw,1697799140000,135306000000,,,-1381834222694048057,0.0,8.263166776569294,,,0,24,0.0,84011,471157909757345,12,33.8790397644043,-1448.6423726644134,0.00492341723293066,17,-162029.71259970346,0.00246170861646533,1176450050,,,,0,,6,8.485379219055176,,,,,,Q,
Raw,1697799140000,135306000000,,,-1381834222694048057,0.0,8.263166776569294,,,0,31,0.0,84011,471157910097665,39,23.482898712158203,-1078.905932757043,0.015363753773272038,17,-146322.16662606798,0.007681876886636019,1176450050,,,,0,,6,8.485379219055176,,,,,,Q,
Raw,1697799141000,136306000000,,,-1381834222694051347,0.0,8.305101031157669,,,0,3,0.0,16392,471158914593467,1000000000,11.821903228759766,-327.49045168022826,299792458,18,-9.140409836547068,340282346638528860000000000000000000000,1575420030,,,,0,,1,49.160926818847656,,,,,,C,
Raw,1697799141000,136306000000,,,-1381834222694051347,0.0,8.305101031157669,,,0,4,0.0,47,471158923331547,53,21.749263763427734,-442.22709886424764,0.9712104192764079,20,-60228.51750944494,340282346638528860000000000000000000000,1575420030,,,,0,,1,49.160926818847656,,,,,,C,
Raw,1697799141000,136306000000,,,-1381834222694051347,0.0,8.305101031157669,,,0,5,0.0,16392,471158916112405,1000000000,18.70016098022461,-1660.6588326352403,299792458,18,-1414.3272052302107,340282346638528860000000000000000000000,1575420030,,,,0,,1,49.160926818847656,,,,,,C,
Raw,1697799141000,136306000000,,,-1381834222694051347,0.0,8.305101031157669,,,0,6,0.0,47,471158928526536,20,33.403831481933594,-565.1048595654283,0.0038833292201161385,17,-77455.45052014275,0.0019416646100580692,1575420030,,,,0,,1,49.160926818847656,,,,,,C,
Raw,1697799141000,136306000000,,,-1381834222694051347,0.0,8.305101031157669,,,0,7,0.0,47,471158929446245,10,44.039276123046875,-1243.276585355692,0.0012031245278194547,17,-169397.77652220544,0.0006015622639097273,1575420030,,,,0,,1,49.160926818847656,,,,,,C,
Raw,1697799141000,136306000000,,,-1381834222694051347,0.0,8.305101031157669,,,0,9,0.0,47,471158930489132,16,36.64561462402344,-674.113117862551,0.0026737141888588667,17,-91953.51944047515,0.0013368570944294333,1575420030,,,,0,,1,49.160926818847656,,,,,,C,
Raw,1697799141000,136306000000,,,-1381834222694051347,0.0,8.305101031157669,,,0,11,0.0,47,471158927968804,38,25.846664428710938,-1057.2129014316888,0.008739492855966091,17,-144436.589246767,0.004369746427983046,1575420030,,,,1,,1,49.160926818847656,,,,,,C,
Raw,1697799141000,136306000000,,,-1381834222694051347,0.0,8.305101031157669,,,0,16,0.0,47,471158918810978,35,27.035324096679688,-969.4132412257309,0.7362865700598697,20,-131675.8835782543,340282346638528860000000000000000000000,1575420030,,,,0,,1,49.160926818847656,,,,,,C,
Raw,1697799141000,136306000000,,,-1381834222694051347,0.0,8.305101031157669,,,0,20,0.0,47,471158926016174,44,24.153133392333984,-1527.019792862906,0.010620937682688236,17,-207429.69201374345,0.10045730524052655,1575420030,,,,0,,1,49.160926818847656,,,,,,C,
Raw,1697799141000,136306000000,,,-1381834222694051347,0.0,8.305101031157669,,,0,26,0.0,16392,471158915122329,1000000000,15.7017822265625,-609.6817740661631,299792458,18,-539.6631643483262,340282346638528860000000000000000000000,1575420030,,,,0,,1,49.160926818847656,,,,,,C,
Raw,1697799141000,136306000000,,,-1381834222694051347,0.0,8.305101031157669,,,0,29,0.0,16392,471158914103219,1000000000,7.0,-1096.4618009215937,299792458,18,-29.58397237021706,340282346638528860000000000000000000000,1575420030,,,,0,,1,49.160926818847656,,,,,,C,
Raw,1697799141000,136306000000,,,-1381834222694051347,0.0,8.305101031157669,,,0,30,0.0,47,471158924681639,13,41.418975830078125,-1571.8279674402438,0.0016267680330201986,17,-213678.99838263198,0.0008133840165100992,1575420030,,,,0,,1,49.160926818847656,,,,,,C,
Raw,1697799141000,136306000000,,,-1381834222694051347,0.0,8.305101031157669,,,0,6,0.0,81929,471158928526489,8,35.52738571166992,-565.1375539870642,0.0040723890997469425,17,-146588.33247498874,0.0020361945498734713,1176450050,,,,0,,1,9.172757148742676,,,,,,Q,
Raw,1697799141000,136306000000,,,-1381834222694051347,0.0,8.305101031157669,,,0,9,0.0,81929,471158930489107,8,31.058244705200195,-674.1117228383373,0.006422884296625853,17,-162112.57716068064,0.0032114421483129263,1176450050,,,,0,,1,9.172757148742676,,,,,,Q,
Raw,1697799141000,136306000000,,,-1381834222694051347,0.0,8.305101031157669,,,0,30,0.0,81929,471158924681591,13,36.849754333496094,-1571.8395831852686,0.0034972839057445526,17,-401242.83197632374,0.0017486419528722763,1176450050,,,,0,,1,9.172757148742676,,,,,,Q,
Raw,1697799141000,136306000000,,,-1381834222694051347,0.0,8.305101031157669,,,0,10,0.0,227,49940926563844,48,31.62136459350586,-1736.799135113979,0.004431530833244324,17,-241155.6847052658,0.002215765416622162,1598062460,,,,0,,3,61.30692672729492,,,,,,C,
Raw,1697799141000,136306000000,,,-1381834222694051347,0.0,8.305101031157669,,,0,96,0.0,16392,49940922822728,1000000000,26.60362434387207,-415.8026294975475,299792458,18,-1517.2556745286352,340282346638528860000000000000000000000,1599750020,,,,0,,3,61.30692672729492,,,,,,C,
Raw,1697799141000,136306000000,,,-1381834222694051347,0.0,8.305101031157669,,,0,22,0.0,227,49940924307525,41,33.58051300048828,-198.45682107673565,0.0037459474988281727,17,-27697.84502192263,0.0018729737494140863,1600312450,,,,0,,3,61.30692672729492,,,,,,C,
Raw,1697799141000,136306000000,,,-1381834222694051347,0.0,8.305101031157669,,,0,9,0.0,227,49940931198151,33,38.947242736816406,-1217.9721530894167,0.0020187031477689743,17,-170114.44114503532,0.0010093515738844872,1600875010,,,,0,,3,61.30692672729492,,,,,,C,
Raw,1697799141000,136306000000,,,-1381834222694051347,0.0,8.305101031157669,,,0,16,0.0,227,49940924946658,99,22.627079010009766,-491.36404909283556,0.9320265778793289,20,-68405.15889071314,340282346638528860000000000000000000000,1601437440,,,,0,,3,61.30692672729492,,,,,,C,
Raw,1697799141000,136306000000,,,-1381834222694051347,0.0,8.305101031157669,,,0,101,0.0,16392,49940918748999,1000000000,12.794952392578125,-1587.1773290317133,299792458,18,-56.903735421318274,340282346638528860000000000000000000000,1602562560,,,,0,,3,61.30692672729492,,,,,,C,
Raw,1697799141000,136306000000,,,-1381834222694051347,0.0,8.305101031157669,,,0,24,0.0,227,49940924423090,52,30.55691146850586,-1413.1581414653338,0.00499347411096096,17,-196551.6764939466,0.00249673705548048,1603124990,,,,0,,3,61.30692672729492,,,,,,C,
Raw,1697799141000,136306000000,,,-1381834222694051347,0.0,8.305101031157669,,,0,23,0.0,227,49940929996381,111,21.306865692138672,-708.5724988214888,0.9923034658261538,20,-96287.42477780065,340282346638528860000000000000000000000,1603687550,,,,0,,3,61.30692672729492,,,,,,C,
Raw,1697799141000,136306000000,,,-1381834222694051347,0.0,8.305101031157669,,,0,7,0.0,227,49940933449980,58,29.207435607910156,-777.4463203332125,0.005826661363244057,17,-105631.8924726211,0.0029133306816220284,1604812540,,,,0,,3,61.30692672729492,,,,,,C,
Raw,1697799141000,136306000000,,,-1381834222694051347,0.0,8.305101031157669,,,0,8,0.0,227,49940932022719,75,26.151935577392578,-1302.4133418331912,0.008280232548713684,17,-175688.94696565598,0.004140116274356842,1605374980,,,,0,,3,61.30692672729492,,,,,,C,
Raw,1697799141000,136306000000,,,-1381834222694051347,0.0,8.305101031157669,,,0,5,0.0,809,471144867767457,20,33.64036560058594,-973.66141493656,0.4361996268126871,20,-130300.5985827064,340282346638528860000000000000000000000,1561097980,,,,0,,5,62.02272033691406,,,,,,C,
Raw,1697799141000,136306000000,,,-1381834222694051347,0.0,8.305101031157669,,,0,9,0.0,16393,471144867378315,20,25.222797393798828,-815.8899746222532,0.8157374359253935,20,440983.9393165325,340282346638528860000000000000000000000,1561097980,,,,0,,5,62.02272033691406,,,,,,C,
Raw,1697799141000,136306000000,,,-1381834222694051347,0.0,8.305101031157669,,,0,19,0.0,65583,471144926244364,7,36.851158142089844,-1132.7344210780575,0.002635141834616661,17,-191450.2298298516,0.0013175709173083305,1561097980,,,,0,,5,62.02272033691406,,,,,,C,
Raw,1697799141000,136306000000,,,-1381834222694051347,0.0,8.305101031157669,,,0,20,0.0,65583,471144924212997,7,37.074424743652344,-664.5491995997872,0.0025682696141302586,17,-90999.17069046384,0.0012841348070651293,1561097980,,,,0,,5,62.02272033691406,,,,,,C,
Raw,1697799141000,136306000000,,,-1381834222694051347,0.0,8.305101031157669,,,0,22,0.0,65583,471144916214707,21,24.794212341308594,-1485.2551267881936,0.009955774992704391,17,-250365.59227664967,0.004977887496352196,1561097980,,,,0,,5,62.02272033691406,,,,,,C,
Raw,1697799141000,136306000000,,,-1381834222694051347,0.0,8.305101031157669,,,0,29,0.0,16392,471144911047446,1000000000,7.0,-394.9452567441963,299792458,18,-8.554447084452523,340282346638528860000000000000000000000,1561097980,,,,0,,5,62.02272033691406,,,,,,C,
Raw,1697799141000,136306000000,,,-1381834222694051347,0.0,8.305101031157669,,,0,35,0.0,65583,471144917559585,26,21.74165916442871,-596.256558112002,0.9741116218206143,20,463107.17487498105,340282346638528860000000000000000000000,1561097980,,,,1,,5,62.02272033691406,,,,,,C,
Raw,1697799141000,136306000000,,,-1381834222694051347,0.0,8.305101031157669,,,0,36,0.0,65583,471144913178251,37,17.559226989746094,-1644.8609323877872,1.1614028416238007,20,-271567.407540831,340282346638528860000000000000000000000,1561097980,,,,1,,5,62.02272033691406,,,,,,C,
Raw,1697799141000,136306000000,,,-1381834222694051347,0.0,8.305101031157669,,,0,37,0.0,65583,471144920018210,24,22.852352142333984,-822.4738872435037,0.9246073196923175,20,-134670.84626225,340282346638528860000000000000000000000,1561097980,,,,1,,5,62.02272033691406,,,,,,C,
Raw,1697799141000,136306000000,,,-1381834222694051347,0.0,8.305101031157669,,,0,3,0.0,83976,471158916392602,1000000000,14.86713981628418,-1321.7303426284134,299792458,20,-122763.49146155478,340282346638528860000000000000000000000,1575420030,,,,0,,6,49.160926818847656,,,,,,C,
Raw,1697799141000,136306000000,,,-1381834222694051347,0.0,8.305101031157669,,,0,5,0.0,85034,471158922196629,21,33.06058120727539,-914.9016258512556,0.004039863124489784,17,-5306.099433505027,0.002019931562244892,1575420030,,,,0,,6,49.160926818847656,,,,,,C,
Raw,1697799141000,136306000000,,,-1381834222694051347,0.0,8.305101031157669,,,0,9,0.0,83976,471158912505519,1000000000,24.978286743164062,-563.0962365328728,299792458,20,-25286.445364137646,340282346638528860000000000000000000000,1575420030,,,,1,,6,49.160926818847656,,,,,,C,
Raw,1697799141000,136306000000,,,-1381834222694051347,0.0,8.305101031157669,,,0,13,0.0,16392,471158903956978,1000000000,11.643560409545898,-1519.3775072603648,299792458,18,-10.38603706383414,340282346638528860000000000000000000000,1575420030,,,,0,,6,49.160926818847656,,,,,,C,
Raw,1697799141000,136306000000,,,-1381834222694051347,0.0,8.305101031157669,,,0,15,0.0,83976,471158916195947,1000000000,17.339393615722656,-1157.3465649241161,299792458,20,-118171.84332154511,340282346638528860000000000000000000000,1575420030,,,,1,,6,49.160926818847656,,,,,,C,
Raw,1697799141000,136306000000,,,-1381834222694051347,0.0,8.305101031157669,,,0,24,0.0,85034,471158909762218,15,36.98328399658203,-1448.928620184237,0.002571766264736652,17,-17091.981508084744,0.0012858831323683262,1575420030,,,,0,,6,49.160926818847656,,,,,,C,
Raw,1697799141000,136306000000,,,-1381834222694051347,0.0,8.305101031157669,,,0,31,0.0,83976,471158910101314,1000000000,22.930957794189453,-1079.2727229637926,299792458,20,-76357.68066844146,340282346638528860000000000000000000000,1575420030,,,,0,,6,49.160926818847656,,,,,,C,
Raw,1697799141000,136306000000,,,-1381834222694051347,0.0,8.305101031157669,,,0,3,0.0,84011,471158916392619,66,20.450332641601562,-1322.3421908879109,1.0319712514789376,20,35867.78716921204,340282346638528860000000000000000000000,1176450050,,,,0,,6,9.172757148742676,,,,,,Q,
Raw,1697799141000,136306000000,,,-1381834222694051347,0.0,8.305101031157669,,,0,5,0.0,84011,471158922196603,8,38.15692138671875,-914.9050627138731,0.0030086557380855088,17,-5414.294709982012,0.0015043278690427542,1176450050,,,,0,,6,9.172757148742676,,,,,,Q,
Raw,1697799141000,136306000000,,,-1381834222694051347,0.0,8.305101031157669,,,0,9,0.0,84011,471158912505512,15,26.79684066772461,-564.403427528021,0.010490598157048225,17,-17483.597762211863,0.005245299078524113,1176450050,,,,0,,6,9.172757148742676,,,,,,Q,
Raw,1697799141000,136306000000,,,-1381834222694051347,0.0,8.305101031157669,,,0,15,0.0,16392,471158916196166,1000000000,13.612319946289062,-1158.4006671394536,299792458,20,-121887.8201655539,340282346638528860000000000000000000000,1176450050,,,,1,,6,9.172757148742676,,,,,,Q,
Raw,1697799141000,136306000000,,,-1381834222694051347,0.0,8.305101031157669,,,0,24,0.0,84011,471158909762172,10,35.65745544433594,-1448.9449991912115,0.004011860117316246,17,-163478.65759889467,0.002005930058658123,1176450050,,,,0,,6,9.172757148742676,,,,,,Q,
Raw,1697799141000,136306000000,,,-1381834222694051347,0.0,8.305101031157669,,,0,31,0.0,84011,471158910101269,42,22.872756958007812,-1079.0779916556785,0.0164817925542593,17,-147401.24461772366,0.00824089627712965,1176450050,,,,1,,6,9.172757148742676,,,,,,Q,
Raw,1697799142000,137306000000,,,-1381834222694054640,0.0,8.182741824493338,,,0,3,0.0,16392,471159914594568,1000000000,11.31766128540039,-327.86174596158776,299792458,18,-9.153286440432176,340282346638528860000000000000000000000,1575420030,,,,0,,1,52.76594161987305,,,,,,C,
Raw,1697799142000,137306000000,,,-1381834222694054640,0.0,8.182741824493338,,,0,4,0.0,47,471159923333224,31,28.4768009185791,-443.63109505575267,0.006456236355006695,17,-60672.14860450069,0.09837495457668578,1575420030,,,,1,,1,52.76594161987305,,,,,,C,
Raw,1697799142000,137306000000,,,-1381834222694054640,0.0,8.182741824493338,,,0,5,0.0,16392,471159916117951,1000000000,7.0,-1661.0301950815128,299792458,18,-1414.3721027668378,340282346638528860000000000000000000000,1575420030,,,,0,,1,52.76594161987305,,,,,,C,
Raw,1697799142000,137306000000,,,-1381834222694054640,0.0,8.182741824493338,,,0,6,0.0,47,471159928528380,15,36.88128662109375,-565.3538980044395,0.00260214414447546,17,-78020.80441814719,0.00130107207223773,1575420030,,,,0,,1,52.76594161987305,,,,,,C,
Raw,1697799142000,137306000000,,,-1381834222694054640,0.0,8.182741824493338,,,0,7,0.0,47,471159929450398,14,40.5954475402832,-1243.4616887924203,0.0017885545967146754,17,-170641.23821099786,0.0008942772983573377,1575420030,,,,0,,1,52.76594161987305,,,,,,C,
Raw,1697799142000,137306000000,,,-1381834222694054640,0.0,8.182741824493338,,,0,9,0.0,47,471159930491392,17,35.37379837036133,-674.3378084204887,0.0030953220557421446,17,-92627.85724889564,0.0015476610278710723,1575420030,,,,0,,1,52.76594161987305,,,,,,C,
Raw,1697799142000,137306000000,,,-1381834222694054640,0.0,8.182741824493338,,,0,11,0.0,47,471159927971755,37,26.244915008544922,-1057.3951259568876,0.76988082201991,20,-145493.98638265324,340282346638528860000000000000000000000,1575420030,,,,1,,1,52.76594161987305,,,,,,C,
Raw,1697799142000,137306000000,,,-1381834222694054640,0.0,8.182741824493338,,,0,16,0.0,47,471159918814206,43,24.386150360107422,-969.3206051089019,0.855417603095586,20,-132645.2898896672,340282346638528860000000000000000000000,1575420030,,,,0,,1,52.76594161987305,,,,,,C,
Raw,1697799142000,137306000000,,,-1381834222694054640,0.0,8.182741824493338,,,0,20,0.0,47,471159926021247,59,20.492443084716797,-1526.6567019946806,1.0282121295994462,20,-208957.02545224,340282346638528860000000000000000000000,1575420030,,,,0,,1,52.76594161987305,,,,,,C,
Raw,1697799142000,137306000000,,,-1381834222694054640,0.0,8.182741824493338,,,0,26,0.0,16392,471159915124373,1000000000,15.603248596191406,-610.0530683475226,299792458,18,-539.683032916086,340282346638528860000000000000000000000,1575420030,,,,0,,1,52.76594161987305,,,,,,C,
Raw,1697799142000,137306000000,,,-1381834222694054640,0.0,8.182741824493338,,,0,29,0.0,16392,471159914106882,1000000000,7.0,-1096.8330952029532,299792458,18,-29.61488850374485,340282346638528860000000000000000000000,1575420030,,,,0,,1,52.76594161987305,,,,,,C,
Raw,1697799142000,137306000000,,,-1381834222694054640,0.0,8.182741824493338,,,0,30,0.0,47,471159924686891,12,41.96189880371094,-1572.0699231404578,0.0015281976666301489,17,-215251.06830577244,0.0007640988333150744,1575420030,,,,0,,1,52.76594161987305,,,,,,C,
Raw,1697799142000,137306000000,,,-1381834222694054640,0.0,8.182741824493338,,,0,6,0.0,81929,471159928528366,10,34.88491439819336,-565.3265807155112,0.004385032691061497,17,-147153.65905570425,0.0021925163455307484,1176450050,,,,0,,1,10.1537446975708,,,,,,Q,
Raw,1697799142000,137306000000,,,-1381834222694054640,0.0,8.182741824493338,,,0,9,0.0,81929,471159930491362,12,29.572710037231445,-674.172666463538,0.6206867324756487,20,-162786.86587243841,340282346638528860000000000000000000000,1176450050,,,,0,,1,10.1537446975708,,,,,,Q,
Raw,1697799142000,137306000000,,,-1381834222694054640,0.0,8.182741824493338,,,0,30,0.0,81929,471159924686856,13,34.17176818847656,-1572.048264030018,0.004488011356443167,17,-402814.88024035376,0.0022440056782215834,1176450050,,,,0,,1,10.1537446975708,,,,,,Q,
Raw,1697799142000,137306000000,,,-1381834222694054640,0.0,8.182741824493338,,,0,10,0.0,227,49941926569657,56,29.80594825744629,-1736.9910251333204,0.005461659748107195,17,-242892.67573039912,0.0027308298740535975,1598062460,,,,0,,3,63.945350646972656,,,,,,C,
Raw,1697799142000,137306000000,,,-1381834222694054640,0.0,8.182741824493338,,,0,96,0.0,16392,49941922824128,1000000000,21.736736297607422,-416.1678911841025,299792458,18,-1517.249878087757,340282346638528860000000000000000000000,1599750020,,,,0,,3,63.945350646972656,,,,,,C,
Raw,1697799142000,137306000000,,,-1381834222694054640,0.0,8.182741824493338,,,0,22,0.0,227,49941924308196,49,31.3037052154541,-198.76064683761072,0.004590137861669064,17,-27896.60566876024,0.002295068930834532,1600312450,,,,0,,3,63.945350646972656,,,,,,C,
Raw,1697799142000,137306000000,,,-1381834222694054640,0.0,8.182741824493338,,,0,9,0.0,227,49941931202190,33,37.921634674072266,-1218.0934541055758,0.002271710429340601,17,-171332.5345991409,0.0011358552146703005,1600875010,,,,0,,3,63.945350646972656,,,,,,C,
Raw,1697799142000,137306000000,,,-1381834222694054640,0.0,8.182741824493338,,,0,16,0.0,227,49941924948302,124,19.911893844604492,-493.1334739056738,1.054125713593637,20,-68897.31503272848,340282346638528860000000000000000000000,1601437440,,,,0,,3,63.945350646972656,,,,,,C,
Raw,1697799142000,137306000000,,,-1381834222694054640,0.0,8.182741824493338,,,0,101,0.0,16392,49941918754297,1000000000,17.559642791748047,-1587.4508066628523,299792458,18,-56.98319960014854,340282346638528860000000000000000000000,1602562560,,,,0,,3,63.945350646972656,,,,,,C,
Raw,1697799142000,137306000000,,,-1381834222694054640,0.0,8.182741824493338,,,0,24,0.0,227,49941924427823,56,29.7669620513916,-1413.2977638565353,0.005468904040753841,17,-197964.97425780314,0.0027344520203769207,1603124990,,,,0,,3,63.945350646972656,,,,,,C,
Raw,1697799142000,137306000000,,,-1381834222694054640,0.0,8.182741824493338,,,0,23,0.0,227,49941929998774,107,21.694828033447266,-708.5701812144453,0.974857641528136,20,-96995.36548584544,340282346638528860000000000000000000000,1603687550,,,,0,,3,63.945350646972656,,,,,,C,
Raw,1697799142000,137306000000,,,-1381834222694054640,0.0,8.182741824493338,,,0,7,0.0,227,49941933452586,77,25.747920989990234,-778.2733718527666,0.793215855162797,20,-106409.44780650431,340282346638528860000000000000000000000,1604812540,,,,0,,3,63.945350646972656,,,,,,C,
Raw,1697799142000,137306000000,,,-1381834222694054640,0.0,8.182741824493338,,,0,8,0.0,227,49941932027058,77,25.750049591064453,-1302.9592252037364,0.7928637141569266,20,-176991.61190778422,340282346638528860000000000000000000000,1605374980,,,,0,,3,63.945350646972656,,,,,,C,
Raw,1697799142000,137306000000,,,-1381834222694054640,0.0,8.182741824493338,,,0,5,0.0,809,471145867770707,24,31.30328941345215,-973.6310133853417,0.5412959435964761,20,-131282.13837886698,340282346638528860000000000000000000000,1561097980,,,,0,,5,61.848121643066406,,,,,,C,
Raw,1697799142000,137306000000,,,-1381834222694054640,0.0,8.182741824493338,,,0,9,0.0,16392,471145867381026,1000000000,23.755550384521484,-816.1422529654351,299792458,20,440167.9623829683,340282346638528860000000000000000000000,1561097980,,,,1,,5,61.848121643066406,,,,,,C,
Raw,1697799142000,137306000000,,,-1381834222694054640,0.0,8.182741824493338,,,0,19,0.0,65583,471145926248184,10,33.89551544189453,-1132.9881060835323,0.003703275928273797,17,-192583.21793593513,0.0018516379641368985,1561097980,,,,0,,5,61.848121643066406,,,,,,C,
Raw,1697799142000,137306000000,,,-1381834222694054640,0.0,8.182741824493338,,,0,20,0.0,65583,471145924215231,7,37.74555206298828,-664.8064041400066,0.002377301687374711,17,-91663.97709460385,0.0011886508436873555,1561097980,,,,0,,5,61.848121643066406,,,,,,C,
Raw,1697799142000,137306000000,,,-1381834222694054640,0.0,8.182741824493338,,,0,22,0.0,65583,471145916219709,22,23.823333740234375,-1484.9854457025012,0.8802601192666284,20,-251850.93039535984,340282346638528860000000000000000000000,1561097980,,,,0,,5,61.848121643066406,,,,,,C,
Raw,1697799142000,137306000000,,,-1381834222694054640,0.0,8.182741824493338,,,0,29,0.0,16392,471145911048767,1000000000,7.0,-394.9452567441963,299792458,18,-8.563712662196988,340282346638528860000000000000000000000,1561097980,,,,0,,5,61.848121643066406,,,,,,C,
Raw,1697799142000,137306000000,,,-1381834222694054640,0.0,8.182741824493338,,,0,35,0.0,65583,471145917561609,25,22.23797607421875,-595.9316159715136,0.9517932044511968,20,462511.1930578513,340282346638528860000000000000000000000,1561097980,,,,0,,5,61.848121643066406,,,,,,C,
Raw,1697799142000,137306000000,,,-1381834222694054640,0.0,8.182741824493338,,,0,36,0.0,65583,471145913183635,35,18.368927001953125,-1644.809672373177,1.1249925266935632,20,-273211.29699328594,340282346638528860000000000000000000000,1561097980,,,,1,,5,61.848121643066406,,,,,,C,
Raw,1697799142000,137306000000,,,-1381834222694054640,0.0,8.182741824493338,,,0,37,0.0,65583,471145920021036,22,24.154939651489258,-822.2554752693104,0.010716146789491177,17,-135493.10173751932,0.10137781654988383,1561097980,,,,1,,5,61.848121643066406,,,,,,C,
Raw,1697799142000,137306000000,,,-1381834222694054640,0.0,8.182741824493338,,,0,3,0.0,83976,471159916396980,1000000000,16.093788146972656,-1322.9695807475828,299792458,20,-124085.41609130014,340282346638528860000000000000000000000,1575420030,,,,1,,6,52.76594161987305,,,,,,C,
Raw,1697799142000,137306000000,,,-1381834222694054640,0.0,8.182741824493338,,,0,5,0.0,85034,471159922199695,22,32.42900085449219,-915.1661713647118,0.004344558343291283,17,-6221.265604869739,0.0021722791716456413,1575420030,,,,0,,6,52.76594161987305,,,,,,C,
Raw,1697799142000,137306000000,,,-1381834222694054640,0.0,8.182741824493338,,,0,9,0.0,83976,471159912507456,1000000000,22.56145668029785,-564.1359218691011,299792458,20,-25851.63388920442,340282346638528860000000000000000000000,1575420030,,,,1,,6,52.76594161987305,,,,,,C,
Raw,1697799142000,137306000000,,,-1381834222694054640,0.0,8.182741824493338,,,0,13,0.0,16392,471159903962054,1000000000,7.0,-1519.7487333768113,299792458,18,-10.233004905507324,340282346638528860000000000000000000000,1575420030,,,,0,,6,52.76594161987305,,,,,,C,
Raw,1697799142000,137306000000,,,-1381834222694054640,0.0,8.182741824493338,,,0,15,0.0,83976,471159916200009,1000000000,20.63010597229004,-1156.8913596347975,299792458,20,-119329.5707294003,340282346638528860000000000000000000000,1575420030,,,,1,,6,52.76594161987305,,,,,,C,
Raw,1697799142000,137306000000,,,-1381834222694054640,0.0,8.182741824493338,,,0,24,0.0,85034,471159909767071,20,33.88072967529297,-1449.232441563352,0.0034656361676752567,17,-18541.213949648096,0.0017328180838376284,1575420030,,,,0,,6,52.76594161987305,,,,,,C,
Raw,1697799142000,137306000000,,,-1381834222694054640,0.0,8.182741824493338,,,0,31,0.0,83976,471159910104820,1000000000,23.963787078857422,-1078.7321070384278,299792458,20,-77436.87386298447,340282346638528860000000000000000000000,1575420030,,,,0,,6,52.76594161987305,,,,,,C,
Raw,1697799142000,137306000000,,,-1381834222694054640,0.0,8.182741824493338,,,0,3,0.0,84011,471159916397030,56,20.897979736328125,-1322.3135616244317,1.0118418997008338,20,34545.4621677511,340282346638528860000000000000000000000,1176450050,,,,0,,6,10.1537446975708,,,,,,Q,
Raw,1697799142000,137306000000,,,-1381834222694054640,0.0,8.182741824493338,,,0,5,0.0,84011,471159922199660,8,38.30644607543945,-914.6029252843559,0.2300465964342857,20,-6329.153950100457,340282346638528860000000000000000000000,1176450050,,,,0,,6,10.1537446975708,,,,,,Q,
Raw,1697799142000,137306000000,,,-1381834222694054640,0.0,8.182741824493338,,,0,9,0.0,84011,471159912507389,21,26.255210876464844,-564.682461776978,0.011165592819452286,17,-18048.28022398884,0.005582796409726143,1176450050,,,,0,,6,10.1537446975708,,,,,,Q,
Raw,1697799142000,137306000000,,,-1381834222694054640,0.0,8.182741824493338,,,0,15,0.0,16392,471159916199996,1000000000,8.843238830566406,-1157.8665268808281,299792458,20,-123043.85172052907,340282346638528860000000000000000000000,1176450050,,,,1,,6,10.1537446975708,,,,,,Q,
Raw,1697799142000,137306000000,,,-1381834222694054640,0.0,8.182741824493338,,,0,24,0.0,84011,471159909767008,10,35.26441192626953,-1449.1379571419675,0.004197570960968733,17,-164927.79555603664,0.0020987854804843664,1176450050,,,,0,,6,10.1537446975708,,,,,,Q,
Raw,1697799142000,137306000000,,,-1381834222694054640,0.0,8.182741824493338,,,0,31,0.0,84011,471159910104852,34,23.282474517822266,-1079.2674414279463,0.01572239026427269,17,-148480.5120591516,0.007861195132136345,1176450050,,,,1,,6,10.1537446975708,,,,,,Q,
Raw,1697799143000,138306000000,,,-1381834222694057929,0.0,8.305192488216926,,,0,3,0.0,16392,471160914595669,1000000000,17.487165451049805,-328.0473931022675,299792458,18,-9.14305676151173,340282346638528860000000000000000000000,1575420030,,,,0,,1,52.76594161987305,,,,,,C,
Raw,1697799143000,138306000000,,,-1381834222694057929,0.0,8.305192488216926,,,0,4,0.0,47,471160923334670,30,28.742801666259766,-443.82026507778215,0.006261514499783516,17,-61115.96886957847,0.0982775936490742,1575420030,,,,1,,1,52.76594161987305,,,,,,C,
Raw,1697799143000,138306000000,,,-1381834222694057929,0.0,8.305192488216926,,,0,5,0.0,16392,471160916123500,1000000000,19.876758575439453,-1661.215739974823,299792458,18,-1414.310115043882,340282346638528860000000000000000000000,1575420030,,,,0,,1,52.76594161987305,,,,,,C,
Raw,1697799143000,138306000000,,,-1381834222694057929,0.0,8.305192488216926,,,0,6,0.0,47,471160928530274,13,38.450592041015625,-565.5459595078864,0.0021720316726714373,17,-78586.35037765508,0.0010860158363357186,1575420030,,,,0,,1,52.76594161987305,,,,,,C,
Raw,1697799143000,138306000000,,,-1381834222694057929,0.0,8.305192488216926,,,0,7,0.0,47,471160929454548,13,38.673133850097656,-1243.64911081639,0.0021170885302126408,17,-171884.88732181425,0.0010585442651063204,1575420030,,,,0,,1,52.76594161987305,,,,,,C,
Raw,1697799143000,138306000000,,,-1381834222694057929,0.0,8.305192488216926,,,0,9,0.0,47,471160930493600,20,33.972110748291016,-674.5549434049317,0.0036373925395309925,17,-93302.41219230057,0.0018186962697654963,1575420030,,,,0,,1,52.76594161987305,,,,,,C,
Raw,1697799143000,138306000000,,,-1381834222694057929,0.0,8.305192488216926,,,0,11,0.0,47,471160927975283,44,24.088491439819336,-1057.5641067763277,0.8668532657684573,20,-146551.39682487433,340282346638528860000000000000000000000,1575420030,,,,1,,1,52.76594161987305,,,,,,C,
Raw,1697799143000,138306000000,,,-1381834222694057929,0.0,8.305192488216926,,,0,16,0.0,47,471160918817405,45,23.919830322265625,-969.5101659206265,0.01091008074581623,17,-133614.80005558784,0.10060187677209055,1575420030,,,,0,,1,52.76594161987305,,,,,,C,
Raw,1697799143000,138306000000,,,-1381834222694057929,0.0,8.305192488216926,,,0,20,0.0,47,471160926026403,58,20.713674545288086,-1526.9811669807777,1.0182643791691488,20,-210484.62092220437,340282346638528860000000000000000000000,1575420030,,,,1,,1,52.76594161987305,,,,,,C,
Raw,1697799143000,138306000000,,,-1381834222694057929,0.0,8.305192488216926,,,0,26,0.0,16392,471160915126416,1000000000,15.766254425048828,-610.2387495706589,299792458,18,-539.6619552141166,340282346638528860000000000000000000000,1575420030,,,,0,,1,52.76594161987305,,,,,,C,
Raw,1697799143000,138306000000,,,-1381834222694057929,0.0,8.305192488216926,,,0,29,0.0,16392,471160914110548,1000000000,7.0,-1097.0187764260895,299792458,18,-29.574593224251274,340282346638528860000000000000000000000,1575420030,,,,0,,1,52.76594161987305,,,,,,C,
Raw,1697799143000,138306000000,,,-1381834222694057929,0.0,8.305192488216926,,,0,30,0.0,47,471160924692134,15,37.342926025390625,-1572.2955277199799,0.0024674562737345695,17,-216823.36383349242,0.0012337281368672848,1575420030,,,,0,,1,52.76594161987305,,,,,,C,
Raw,1697799143000,138306000000,,,-1381834222694057929,0.0,8.305192488216926,,,0,6,0.0,81929,471160928530248,10,34.37351608276367,-565.5341036944301,0.0046509611420333385,17,-147719.19315939868,0.0023254805710166693,1176450050,,,,0,,1,9.809704780578613,,,,,,Q,
Raw,1697799143000,138306000000,,,-1381834222694057929,0.0,8.305192488216926,,,0,9,0.0,16392,471160930493615,1000000000,24.671463012695312,-674.6129436368997,299792458,20,-163461.11917775162,340282346638528860000000000000000000000,1176450050,,,,0,,1,9.809704780578613,,,,,,Q,
Raw,1697799143000,138306000000,,,-1381834222694057929,0.0,8.305192488216926,,,0,30,0.0,81929,471160924692105,15,31.322154998779297,-1572.324877547333,0.00623066769912839,17,-404387.2051179011,0.0031153338495641947,1176450050,,,,1,,1,9.809704780578613,,,,,,Q,
Raw,1697799143000,138306000000,,,-1381834222694057929,0.0,8.305192488216926,,,0,10,0.0,227,49942926575443,36,34.980018615722656,-1737.2510141467792,0.003192989155650139,17,-244629.9267445459,0.0015964945778250694,1598062460,,,,0,,3,63.903690338134766,,,,,,C,
Raw,1697799143000,138306000000,,,-1381834222694057929,0.0,8.305192488216926,,,0,96,0.0,16392,49942922825520,1000000000,22.708837509155273,-416.44191413454587,299792458,18,-1517.2438934753236,340282346638528860000000000000000000000,1599750020,,,,0,,3,63.903690338134766,,,,,,C,
Raw,1697799143000,138306000000,,,-1381834222694057929,0.0,8.305192488216926,,,0,22,0.0,227,49942924308748,60,28.871129989624023,-199.02692986811235,0.0060737160965800285,17,-28095.632598628352,0.0030368580482900143,1600312450,,,,0,,3,63.903690338134766,,,,,,C,
Raw,1697799143000,138306000000,,,-1381834222694057929,0.0,8.305192488216926,,,0,9,0.0,227,49942931206318,33,38.554710388183594,-1218.1836365874624,0.0021120251622051,17,-172550.71823572836,0.00105601258110255,1600875010,,,,0,,3,63.903690338134766,,,,,,C,
Raw,1697799143000,138306000000,,,-1381834222694057929,0.0,8.305192488216926,,,0,16,0.0,227,49942924949880,102,22.305471420288086,-491.7481242953911,0.9464894549913239,20,-69389.45642400377,340282346638528860000000000000000000000,1601437440,,,,0,,3,63.903690338134766,,,,,,C,
Raw,1697799143000,138306000000,,,-1381834222694057929,0.0,8.305192488216926,,,0,101,0.0,16392,49942918759604,1000000000,12.665592193603516,-1587.8154889476464,299792458,18,-56.964898771857634,340282346638528860000000000000000000000,1602562560,,,,0,,3,63.903690338134766,,,,,,C,
Raw,1697799143000,138306000000,,,-1381834222694057929,0.0,8.305192488216926,,,0,24,0.0,227,49942924432530,67,27.52487564086914,-1413.3692682761757,0.007079532835632563,17,-199378.34352607932,0.0035397664178162813,1603124990,,,,0,,3,63.903690338134766,,,,,,C,
Raw,1697799143000,138306000000,,,-1381834222694057929,0.0,8.305192488216926,,,0,23,0.0,227,49942930001144,134,18.929967880249023,-709.7587046383087,1.09919070919254,20,-97704.19931506048,340282346638528860000000000000000000000,1603687550,,,,0,,3,63.903690338134766,,,,,,C,
Raw,1697799143000,138306000000,,,-1381834222694057929,0.0,8.305192488216926,,,0,7,0.0,227,49942933455268,71,26.796710968017578,-778.1313161739795,0.7460534571417834,20,-107187.26643932835,340282346638528860000000000000000000000,1604812540,,,,0,,3,63.903690338134766,,,,,,C,
Raw,1697799143000,138306000000,,,-1381834222694057929,0.0,8.305192488216926,,,0,8,0.0,227,49942932031547,111,21.294384002685547,-1303.3359045132265,0.9932308814204425,20,-178295.39796695122,340282346638528860000000000000000000000,1605374980,,,,0,,3,63.903690338134766,,,,,,C,
Raw,1697799143000,138306000000,,,-1381834222694057929,0.0,8.305192488216926,,,0,5,0.0,809,471146867773951,21,32.82200241088867,-973.6719123331691,0.47300165700739427,20,-132262.3446535787,340282346638528860000000000000000000000,1561097980,,,,0,,5,61.77432632446289,,,,,,C,
Raw,1697799143000,138306000000,,,-1381834222694057929,0.0,8.305192488216926,,,0,9,0.0,16393,471146867383783,20,25.185501098632812,-816.3134466389893,0.009517230093479156,17,439351.6489363293,0.10077835820187782,1561097980,,,,1,,5,61.77432632446289,,,,,,C,
Raw,1697799143000,138306000000,,,-1381834222694057929,0.0,8.305192488216926,,,0,19,0.0,65583,471146926251999,12,31.294334411621094,-1133.2324196383997,0.004710521083325148,17,-193716.45035557353,0.002355260541662574,1561097980,,,,0,,5,61.77432632446289,,,,,,C,
Raw,1697799143000,138306000000,,,-1381834222694057929,0.0,8.305192488216926,,,0,20,0.0,65583,471146924217423,6,38.633750915527344,-665.0163146339182,0.002146220300346613,17,-92328.99340923777,0.0010731101501733065,1561097980,,,,1,,5,61.77432632446289,,,,,,C,
Raw,1697799143000,138306000000,,,-1381834222694057929,0.0,8.305192488216926,,,0,22,0.0,65583,471146916224591,22,23.782011032104492,-1485.727070908877,0.011186265386641026,17,-253336.65746626872,0.10161287584845875,1561097980,,,,0,,5,61.77432632446289,,,,,,C,
Raw,1697799143000,138306000000,,,-1381834222694057929,0.0,8.305192488216926,,,0,29,0.0,16392,471146911050092,1000000000,7.0,-395.31995927120806,299792458,18,-8.55237175582264,340282346638528860000000000000000000000,1561097980,,,,0,,5,61.77432632446289,,,,,,C,
Raw,1697799143000,138306000000,,,-1381834222694057929,0.0,8.305192488216926,,,0,35,0.0,65583,471146917563688,30,19.972993850708008,-596.6620030147974,1.0536472944236577,20,461915.41191822686,340282346638528860000000000000000000000,1561097980,,,,0,,5,61.77432632446289,,,,,,C,
Raw,1697799143000,138306000000,,,-1381834222694057929,0.0,8.305192488216926,,,0,36,0.0,65583,471146913189140,44,15.449064254760742,-1645.0691080322285,1.2562962555244566,20,-274855.39504854276,340282346638528860000000000000000000000,1561097980,,,,0,,5,61.77432632446289,,,,,,C,
Raw,1697799143000,138306000000,,,-1381834222694057929,0.0,8.305192488216926,,,0,37,0.0,65583,471146920023713,27,21.515480041503906,-823.4382162683601,0.9847259771720434,20,-136315.65413203216,340282346638528860000000000000000000000,1561097980,,,,1,,5,61.77432632446289,,,,,,C,
Raw,1697799143000,138306000000,,,-1381834222694057929,0.0,8.305192488216926,,,0,3,0.0,83976,471160916401502,1000000000,21.90176773071289,-1321.7407036951963,299792458,20,-125407.48104179071,340282346638528860000000000000000000000,1575420030,,,,1,,6,52.76594161987305,,,,,,C,
Raw,1697799143000,138306000000,,,-1381834222694057929,0.0,8.305192488216926,,,0,5,0.0,85034,471160922202752,30,28.593416213989258,-915.3440332691098,0.006370135582983494,17,-7136.609638138849,0.003185067791491747,1575420030,,,,0,,6,52.76594161987305,,,,,,C,
Raw,1697799143000,138306000000,,,-1381834222694057929,0.0,8.305192488216926,,,0,9,0.0,83976,471160912509324,1000000000,23.686458587646484,-562.7496179500358,299792458,20,-26414.077899520973,340282346638528860000000000000000000000,1575420030,,,,1,,6,52.76594161987305,,,,,,C,
Raw,1697799143000,138306000000,,,-1381834222694057929,0.0,8.305192488216926,,,0,13,0.0,16392,471160903967133,1000000000,7.0,-1519.9344145999476,299792458,18,-10.364467407262943,340282346638528860000000000000000000000,1575420030,,,,0,,6,52.76594161987305,,,,,,C,
Raw,1697799143000,138306000000,,,-1381834222694057929,0.0,8.305192488216926,,,0,15,0.0,83976,471160916203950,1000000000,23.98353385925293,-1158.1825394177076,299792458,20,-120486.65203286704,340282346638528860000000000000000000000,1575420030,,,,1,,6,52.76594161987305,,,,,,C,
Raw,1697799143000,138306000000,,,-1381834222694057929,0.0,8.305192488216926,,,0,24,0.0,85034,471160909771881,15,37.1290283203125,-1449.4358900358202,0.0025289738550782204,17,-19990.649839683916,0.0012644869275391102,1575420030,,,,0,,6,52.76594161987305,,,,,,C,
Raw,1697799143000,138306000000,,,-1381834222694057929,0.0,8.305192488216926,,,0,31,0.0,83976,471160910108528,1000000000,23.75555419921875,-1079.017854353915,299792458,20,-78515.73015323243,340282346638528860000000000000000000000,1575420030,,,,0,,6,52.76594161987305,,,,,,C,
Raw,1697799143000,138306000000,,,-1381834222694057929,0.0,8.305192488216926,,,0,3,0.0,84011,471160916401427,103,18.46728515625,-1322.2455330412122,1.1211481321054668,20,33223.03587046548,340282346638528860000000000000000000000,1176450050,,,,0,,6,9.809704780578613,,,,,,Q,
Raw,1697799143000,138306000000,,,-1381834222694057929,0.0,8.305192488216926,,,0,5,0.0,84011,471160922202714,11,38.370948791503906,-914.8506365783637,0.22714649225049466,20,-7244.579015100141,340282346638528860000000000000000000000,1176450050,,,,0,,6,9.809704780578613,,,,,,Q,
Raw,1697799143000,138306000000,,,-1381834222694057929,0.0,8.305192488216926,,,0,9,0.0,84011,471160912509279,31,23.500242233276367,-564.8626815706411,0.015333108603954315,17,-18613.14290555948,0.007666554301977158,1176450050,,,,0,,6,9.809704780578613,,,,,,Q,
Raw,1697799143000,138306000000,,,-1381834222694057929,0.0,8.305192488216926,,,0,15,0.0,16392,471160916203865,1000000000,20.16227149963379,-1156.4221123733914,299792458,20,-124201.0018831084,340282346638528860000000000000000000000,1176450050,,,,0,,6,9.809704780578613,,,,,,Q,
Raw,1697799143000,138306000000,,,-1381834222694057929,0.0,8.305192488216926,,,0,24,0.0,84011,471160909771847,12,33.273712158203125,-1449.296882169845,0.005278773140162229,17,-166377.09243820648,0.0026393865700811148,1176450050,,,,0,,6,9.809704780578613,,,,,,Q,
Raw,1697799143000,138306000000,,,-1381834222694057929,0.0,8.305192488216926,,,0,31,0.0,84011,471160910108467,17,28.82444190979004,-1079.3692404009635,0.008306541480123997,17,-149559.88129955257,0.004153270740061998,1176450050,,,,1,,6,9.809704780578613,,,,,,Q,
Raw,1697799144000,139306000000,,,-1381834222694061222,0.0,8.571272884752135,,,0,3,0.0,16392,471161914596766,1000000000,7.0,-328.4187214660835,299792458,18,-9.155941051090291,340282346638528860000000000000000000000,1575420030,,,,0,,1,52.750877380371094,,,,,,C,
Raw,1697799144000,139306000000,,,-1381834222694061222,0.0,8.571272884752135,,,0,4,0.0,46,471161923336131,1000000000,24.34070587158203,-444.6974975603905,299792458,20,-61560.14225914477,340282346638528860000000000000000000000,1575420030,,,,0,,1,52.750877380371094,,,,,,C,
Raw,1697799144000,139306000000,,,-1381834222694061222,0.0,8.571272884752135,,,0,5,0.0,16392,471161916129045,1000000000,17.778560638427734,-1661.5871024210956,299792458,18,-1414.3550198374196,340282346638528860000000000000000000000,1575420030,,,,0,,1,52.750877380371094,,,,,,C,
Raw,1697799144000,139306000000,,,-1381834222694061222,0.0,8.571272884752135,,,0,6,0.0,47,471161928532165,12,39.3903923034668,-565.7392126076302,0.0019492885330691931,17,-79152.08959026271,0.0009746442665345967,1575420030,,,,0,,1,52.750877380371094,,,,,,C,
Raw,1697799144000,139306000000,,,-1381834222694061222,0.0,8.571272884752135,,,0,7,0.0,47,471161929458700,14,37.75433349609375,-1243.878789446695,0.002353309653699398,17,-173128.76611126095,0.001176654826849699,1575420030,,,,0,,1,52.750877380371094,,,,,,C,
Raw,1697799144000,139306000000,,,-1381834222694061222,0.0,8.571272884752135,,,0,9,0.0,47,471161930495888,19,34.506473541259766,-674.7758265283483,0.003420362016186118,17,-93977.18801882892,0.001710181008093059,1575420030,,,,0,,1,52.750877380371094,,,,,,C,
Raw,1697799144000,139306000000,,,-1381834222694061222,0.0,8.571272884752135,,,0,11,0.0,46,471161927978820,1000000000,22.629636764526367,-1057.546792888414,299792458,20,-147609.06427651786,340282346638528860000000000000000000000,1575420030,,,,1,,1,52.750877380371094,,,,,,C,
Raw,1697799144000,139306000000,,,-1381834222694061222,0.0,8.571272884752135,,,0,16,0.0,47,471161918820589,67,22.849489212036133,-970.1385159005363,299.79583140629256,20,-134584.5624942726,340282346638528860000000000000000000000,1575420030,,,,1,,1,52.750877380371094,,,,,,C,
Raw,1697799144000,139306000000,,,-1381834222694061222,0.0,8.571272884752135,,,0,20,0.0,46,471161926031504,1000000000,21.836374282836914,-1527.739160813845,299792458,20,-212012.4160507862,340282346638528860000000000000000000000,1575420030,,,,1,,1,52.750877380371094,,,,,,C,
Raw,1697799144000,139306000000,,,-1381834222694061222,0.0,8.571272884752135,,,0,26,0.0,16392,471161915128452,1000000000,12.617252349853516,-610.4243626288821,299792458,18,-539.6790508959984,340282346638528860000000000000000000000,1575420030,,,,0,,1,52.750877380371094,,,,,,C,
Raw,1697799144000,139306000000,,,-1381834222694061222,0.0,8.571272884752135,,,0,29,0.0,16392,471161914114210,1000000000,9.970109939575195,-1097.0187764260895,299792458,18,-29.600329735676283,340282346638528860000000000000000000000,1575420030,,,,0,,1,52.750877380371094,,,,,,C,
Raw,1697799144000,139306000000,,,-1381834222694061222,0.0,8.571272884752135,,,0,30,0.0,47,471161924697363,14,38.40216827392578,-1572.5953652864555,0.002184174256399274,17,-218395.95919877887,0.001092087128199637,1575420030,,,,0,,1,52.750877380371094,,,,,,C,
Raw,1697799144000,139306000000,,,-1381834222694061222,0.0,8.571272884752135,,,0,6,0.0,81929,471161928532152,14,31.320253372192383,-565.7342316401191,0.006232032552361488,17,-148284.9273910388,0.003116016276180744,1176450050,,,,0,,1,9.451472282409668,,,,,,Q,
Raw,1697799144000,139306000000,,,-1381834222694061222,0.0,8.571272884752135,,,0,9,0.0,81929,471161930495873,39,23.06514549255371,-674.9076205559959,0.9133253609102883,20,-164135.9763619736,340282346638528860000000000000000000000,1176450050,,,,0,,1,9.451472282409668,,,,,,Q,
Raw,1697799144000,139306000000,,,-1381834222694061222,0.0,8.571272884752135,,,0,30,0.0,81929,471161924697345,8,35.959991455078125,-1572.5931713328464,0.003874529618769884,17,-405959.79828923394,0.001937264809384942,1176450050,,,,0,,1,9.451472282409668,,,,,,Q,
Raw,1697799144000,139306000000,,,-1381834222694061222,0.0,8.571272884752135,,,0,10,0.0,227,49943926581228,40,33.91533660888672,-1737.5212860528845,0.0036093711387366056,17,-246367.44803059878,0.0018046855693683028,1598062460,,,,0,,3,61.584014892578125,,,,,,C,
Raw,1697799144000,139306000000,,,-1381834222694061222,0.0,8.571272884752135,,,0,96,0.0,16392,49943922826913,1000000000,25.54962921142578,-416.7158689200762,299792458,18,-1517.263995874706,340282346638528860000000000000000000000,1599750020,,,,0,,3,61.584014892578125,,,,,,C,
Raw,1697799144000,139306000000,,,-1381834222694061222,0.0,8.571272884752135,,,0,22,0.0,227,49943924309595,53,30.349973678588867,-199.29271647231508,0.005122858099639416,17,-28294.925315100667,0.002561429049819708,1600312450,,,,0,,3,61.584014892578125,,,,,,C,
Raw,1697799144000,139306000000,,,-1381834222694061222,0.0,8.571272884752135,,,0,9,0.0,227,49943931210403,33,39.16514587402344,-1218.3652315662766,0.001968689961358905,17,-173769.08346729464,0.0009843449806794524,1600875010,,,,0,,3,61.584014892578125,,,,,,C,
Raw,1697799144000,139306000000,,,-1381834222694061222,0.0,8.571272884752135,,,0,16,0.0,227,49943924951364,102,22.366069793701172,-491.4427454849467,0.9437647223538401,20,-69881.31838778938,340282346638528860000000000000000000000,1601437440,,,,0,,3,61.584014892578125,,,,,,C,
Raw,1697799144000,139306000000,,,-1381834222694061222,0.0,8.571272884752135,,,0,101,0.0,16392,49943918764902,1000000000,17.96552848815918,-1588.0889665787854,299792458,18,-56.94494949839584,340282346638528860000000000000000000000,1602562560,,,,0,,3,61.584014892578125,,,,,,C,
Raw,1697799144000,139306000000,,,-1381834222694061222,0.0,8.571272884752135,,,0,24,0.0,227,49943924437071,88,24.080875396728516,-1413.9565156703557,0.866559371148246,20,-200791.92034134603,340282346638528860000000000000000000000,1603124990,,,,0,,3,61.584014892578125,,,,,,C,
Raw,1697799144000,139306000000,,,-1381834222694061222,0.0,8.571272884752135,,,0,23,0.0,227,49943930003534,150,17.541711807250977,-709.6975607113068,1.1616194516111547,20,-98414.69266924626,340282346638528860000000000000000000000,1603687550,,,,0,,3,61.584014892578125,,,,,,C,
Raw,1697799144000,139306000000,,,-1381834222694061222,0.0,8.571272884752135,,,0,7,0.0,227,49943933457827,55,30.009265899658203,-778.123031396055,0.0053128586150705814,17,-107965.3894707244,0.0026564293075352907,1604812540,,,,0,,3,61.584014892578125,,,,,,C,
Raw,1697799144000,139306000000,,,-1381834222694061222,0.0,8.571272884752135,,,0,8,0.0,227,49943932035781,128,19.520748138427734,-1303.4744156165352,1.0729899538752252,20,-179599.58611247045,340282346638528860000000000000000000000,1605374980,,,,0,,3,61.584014892578125,,,,,,C,
Raw,1697799144000,139306000000,,,-1381834222694061222,0.0,8.571272884752135,,,0,5,0.0,809,471147867777207,24,31.275299072265625,-973.6563707329947,0.542555829560107,20,-133241.3425770092,340282346638528860000000000000000000000,1561097980,,,,0,,5,62.037113189697266,,,,,,C,
Raw,1697799144000,139306000000,,,-1381834222694061222,0.0,8.571272884752135,,,0,9,0.0,16393,471147867386495,20,25.003131866455078,-816.6350899648387,0.009719165973365307,17,438535.01384636445,0.1008793261418209,1561097980,,,,1,,5,62.037113189697266,,,,,,C,
Raw,1697799144000,139306000000,,,-1381834222694061222,0.0,8.571272884752135,,,0,19,0.0,65583,471147926255725,12,31.618511199951172,-1133.4494193128776,0.004537953529506922,17,-194849.8997748864,0.002268976764753461,1561097980,,,,0,,5,62.037113189697266,,,,,,C,
Raw,1697799144000,139306000000,,,-1381834222694061222,0.0,8.571272884752135,,,0,20,0.0,65583,471147924219665,7,37.20252227783203,-665.2851266809448,0.0025306714233011007,17,-92994.27853591871,0.0012653357116505504,1561097980,,,,1,,5,62.037113189697266,,,,,,C,
Raw,1697799144000,139306000000,,,-1381834222694061222,0.0,8.571272884752135,,,0,22,0.0,65583,471147916229549,18,26.552377700805664,-1486.028970458836,0.008131427690386772,17,-254822.68643672756,0.10008545700033163,1561097980,,,,1,,5,62.037113189697266,,,,,,C,
Raw,1697799144000,139306000000,,,-1381834222694061222,0.0,8.571272884752135,,,0,29,0.0,16392,471147911051414,1000000000,7.0,-395.69466179821984,299792458,18,-8.565756637756873,340282346638528860000000000000000000000,1561097980,,,,0,,5,62.037113189697266,,,,,,C,
Raw,1697799144000,139306000000,,,-1381834222694061222,0.0,8.571272884752135,,,0,35,0.0,65583,471147917565669,34,18.636056900024414,-596.7367117594954,1.1137680820569162,20,461317.8972173319,340282346638528860000000000000000000000,1561097980,,,,0,,5,62.037113189697266,,,,,,C,
Raw,1697799144000,139306000000,,,-1381834222694061222,0.0,8.571272884752135,,,0,36,0.0,65583,471147913194617,59,11.786949157714844,-1646.3717395205304,1.4209785582702068,20,-276499.72588905646,340282346638528860000000000000000000000,1561097980,,,,1,,5,62.037113189697266,,,,,,C,
Raw,1697799144000,139306000000,,,-1381834222694061222,0.0,8.571272884752135,,,0,37,0.0,65583,471147920026439,32,19.548757553100586,-822.6982179723368,1.0731676885606078,20,-137138.8340180544,340282346638528860000000000000000000000,1561097980,,,,1,,5,62.037113189697266,,,,,,C,
Raw,1697799144000,139306000000,,,-1381834222694061222,0.0,8.571272884752135,,,0,3,0.0,83976,471161916405742,1000000000,19.924179077148438,-1321.8291817523295,299792458,20,-126730.06219669839,340282346638528860000000000000000000000,1575420030,,,,1,,6,52.750877380371094,,,,,,C,
Raw,1697799144000,139306000000,,,-1381834222694061222,0.0,8.571272884752135,,,0,5,0.0,85034,471161922205810,27,30.052539825439453,-915.6509924710618,0.005385083612054586,17,-8052.260630609911,0.002692541806027293,1575420030,,,,0,,6,52.750877380371094,,,,,,C,
Raw,1697799144000,139306000000,,,-1381834222694061222,0.0,8.571272884752135,,,0,9,0.0,83976,471161912511204,1000000000,25.278324127197266,-564.5031603381344,299792458,20,-26979.33294956897,340282346638528860000000000000000000000,1575420030,,,,1,,6,52.750877380371094,,,,,,C,
Raw,1697799144000,139306000000,,,-1381834222694061222,0.0,8.571272884752135,,,0,13,0.0,16392,471161903972206,1000000000,7.0,-1520.30577704622,299792458,18,-10.401597755036267,340282346638528860000000000000000000000,1575420030,,,,0,,6,52.750877380371094,,,,,,C,
Raw,1697799144000,139306000000,,,-1381834222694061222,0.0,8.571272884752135,,,0,15,0.0,83976,471161916207780,1000000000,25.76212501525879,-1156.38693927826,299792458,20,-121642.41711638712,340282346638528860000000000000000000000,1575420030,,,,1,,6,52.750877380371094,,,,,,C,
Raw,1697799144000,139306000000,,,-1381834222694061222,0.0,8.571272884752135,,,0,24,0.0,85034,471161909776713,13,38.76776885986328,-1449.6929766539797,0.0020941474940627813,17,-21440.342816337896,0.0010470737470313907,1575420030,,,,0,,6,52.750877380371094,,,,,,C,
Raw,1697799144000,139306000000,,,-1381834222694061222,0.0,8.571272884752135,,,0,31,0.0,83976,471161910112093,1000000000,23.44795799255371,-1079.8373329385495,299792458,20,-79595.33778847383,340282346638528860000000000000000000000,1575420030,,,,0,,6,52.750877380371094,,,,,,C,
Raw,1697799144000,139306000000,,,-1381834222694061222,0.0,8.571272884752135,,,0,3,0.0,84011,471161916405832,107,18.286380767822266,-1322.7852628227074,1.1292839872543299,20,31900.12120372476,340282346638528860000000000000000000000,1176450050,,,,0,,6,9.451472282409668,,,,,,Q,
Raw,1697799144000,139306000000,,,-1381834222694061222,0.0,8.571272884752135,,,0,5,0.0,84011,471161922205768,9,38.00382614135742,-915.6368905694017,0.003062155796214938,17,-8160.215905669543,0.001531077898107469,1176450050,,,,0,,6,9.451472282409668,,,,,,Q,
Raw,1697799144000,139306000000,,,-1381834222694061222,0.0,8.571272884752135,,,0,9,0.0,84011,471161912511154,41,22.608354568481445,-565.2122326700046,0.01699122227728367,17,-19178.355138229486,0.008495611138641834,1176450050,,,,0,,6,9.451472282409668,,,,,,Q,
Raw,1697799144000,139306000000,,,-1381834222694061222,0.0,8.571272884752135,,,0,15,0.0,84011,471161916207727,47,21.649166107177734,-1157.1413885358488,0.9780278425231406,20,-125358.31381714584,340282346638528860000000000000000000000,1176450050,,,,0,,6,9.451472282409668,,,,,,Q,
Raw,1697799144000,139306000000,,,-1381834222694061222,0.0,8.571272884752135,,,0,24,0.0,84011,471161909776681,8,37.611671447753906,-1449.6773173187394,0.0032035764306783676,17,-167826.76975552522,0.0016017882153391838,1176450050,,,,0,,6,9.451472282409668,,,,,,Q,
Raw,1697799144000,139306000000,,,-1381834222694061222,0.0,8.571272884752135,,,0,31,0.0,84011,471161910112071,10,30.06345558166504,-1079.610566103569,0.007202272769063711,17,-150639.49186565613,0.0036011363845318556,1176450050,,,,0,,6,9.451472282409668,,,,,,Q,
Raw,1697799145000,140306000000,,,-1381834222694064514,0.0,8.57897277386296,,,0,3,0.0,16392,471162914597867,1000000000,7.0,-328.790015747443,299792458,18,-9.168842762723013,340282346638528860000000000000000000000,1575420030,,,,0,,1,52.795997619628906,,,,,,C,
Raw,1697799145000,140306000000,,,-1381834222694064514,0.0,8.57897277386296,,,0,4,0.0,46,471162923337687,1000000000,20.95941925048828,-443.86056875801637,299792458,20,-62005.03304709487,340282346638528860000000000000000000000,1575420030,,,,1,,1,52.795997619628906,,,,,,C,
Raw,1697799145000,140306000000,,,-1381834222694064514,0.0,8.57897277386296,,,0,5,0.0,16392,471162916134590,1000000000,18.013654708862305,-1661.7727836442318,299792458,18,-1414.3969717029333,340282346638528860000000000000000000000,1575420030,,,,0,,1,52.795997619628906,,,,,,C,
Raw,1697799145000,140306000000,,,-1381834222694064514,0.0,8.57897277386296,,,0,6,0.0,47,471162928534048,14,38.255760192871094,-565.881416274322,0.0022213023621588945,17,-79717.97100653703,0.0011106511810794473,1575420030,,,,0,,1,52.795997619628906,,,,,,C,
Raw,1697799145000,140306000000,,,-1381834222694064514,0.0,8.57897277386296,,,0,7,0.0,47,471162929462868,20,33.51513671875,-1244.0398274944455,0.0038338834419846535,17,-174372.8059387554,0.0019169417209923267,1575420030,,,,0,,1,52.795997619628906,,,,,,C,
Raw,1697799145000,140306000000,,,-1381834222694064514,0.0,8.57897277386296,,,0,9,0.0,47,471162930498143,21,33.15387725830078,-674.9966320648382,0.003996702842414379,17,-94652.18465089376,0.0019983514212071896,1575420030,,,,0,,1,52.795997619628906,,,,,,C,
Raw,1697799145000,140306000000,,,-1381834222694064514,0.0,8.57897277386296,,,0,11,0.0,47,471162927982299,45,23.75227928161621,-1057.909702885469,0.8819736280817723,20,-148666.86558287623,340282346638528860000000000000000000000,1575420030,,,,1,,1,52.795997619628906,,,,,,C,
Raw,1697799145000,140306000000,,,-1381834222694064514,0.0,8.57897277386296,,,0,16,0.0,47,471162918823782,43,24.4212646484375,-969.9351118000081,0.8538402909719376,20,-135554.37757699902,340282346638528860000000000000000000000,1575420030,,,,1,,1,52.795997619628906,,,,,,C,
Raw,1697799145000,140306000000,,,-1381834222694064514,0.0,8.57897277386296,,,0,20,0.0,47,471162926036665,56,21.184789657592773,-1528.9996663858847,0.9970808010942642,20,-213540.4027201255,340282346638528860000000000000000000000,1575420030,,,,1,,1,52.795997619628906,,,,,,C,
Raw,1697799145000,140306000000,,,-1381834222694064514,0.0,8.57897277386296,,,0,26,0.0,16392,471162915130495,1000000000,20.141704559326172,-610.4243626288821,299792458,18,-539.6933717010702,340282346638528860000000000000000000000,1575420030,,,,0,,1,52.795997619628906,,,,,,C,
Raw,1697799145000,140306000000,,,-1381834222694064514,0.0,8.57897277386296,,,0,29,0.0,16392,471162914117876,1000000000,7.0,-1097.2043894843127,299792458,18,-29.628663189189453,340282346638528860000000000000000000000,1575420030,,,,0,,1,52.795997619628906,,,,,,C,
Raw,1697799145000,140306000000,,,-1381834222694064514,0.0,8.57897277386296,,,0,30,0.0,47,471162924702614,18,35.18616485595703,-1572.7696272220928,0.003162914654240012,17,-219968.72882600097,0.001581457327120006,1575420030,,,,0,,1,52.795997619628906,,,,,,C,
Raw,1697799145000,140306000000,,,-1381834222694064514,0.0,8.57897277386296,,,0,6,0.0,81929,471162928534038,11,28.53582763671875,-565.8772566934349,0.0085871871560812,17,-148850.80464773224,0.0042935935780406,1176450050,,,,0,,1,8.485379219055176,,,,,,Q,
Raw,1697799145000,140306000000,,,-1381834222694064514,0.0,8.57897277386296,,,0,9,0.0,81929,471162930498119,32,23.351499557495117,-675.0702620385227,0.9004487159398598,20,-164810.96543917008,340282346638528860000000000000000000000,1176450050,,,,1,,1,8.485379219055176,,,,,,Q,
Raw,1697799145000,140306000000,,,-1381834222694064514,0.0,8.57897277386296,,,0,30,0.0,81929,471162924702587,8,35.19720458984375,-1572.7588356757187,0.0042301747016608715,17,-407532.55712490965,0.0021150873508304358,1176450050,,,,0,,1,8.485379219055176,,,,,,Q,
Raw,1697799145000,140306000000,,,-1381834222694064514,0.0,8.57897277386296,,,0,10,0.0,227,49944926587012,49,31.449007034301758,-1737.6947031960008,0.004794550593942404,17,-248105.14273379478,0.002397275296971202,1598062460,,,,0,,3,63.976463317871094,,,,,,C,
Raw,1697799145000,140306000000,,,-1381834222694064514,0.0,8.57897277386296,,,0,96,0.0,16392,49944922828312,1000000000,21.62139129638672,-416.98982370560657,299792458,18,-1517.2580111431405,340282346638528860000000000000000000000,1599750020,,,,0,,3,63.976463317871094,,,,,,C,
Raw,1697799145000,140306000000,,,-1381834222694064514,0.0,8.57897277386296,,,0,22,0.0,227,49944924310227,49,31.243934631347656,-199.51395327870705,0.004621833562850952,17,-28494.439268379374,0.002310916781425476,1600312450,,,,0,,3,63.976463317871094,,,,,,C,
Raw,1697799145000,140306000000,,,-1381834222694064514,0.0,8.57897277386296,,,0,9,0.0,227,49944931214420,33,38.6721305847168,-1218.45997009243,0.002083666156977415,17,-174987.54343738707,0.0010418330784887075,1600875010,,,,0,,3,63.976463317871094,,,,,,C,
Raw,1697799145000,140306000000,,,-1381834222694064514,0.0,8.57897277386296,,,0,16,0.0,227,49944924952898,94,23.31375503540039,-491.84709974913335,0.9011487376445353,20,-70373.3027489279,340282346638528860000000000000000000000,1601437440,,,,0,,3,63.976463317871094,,,,,,C,
Raw,1697799145000,140306000000,,,-1381834222694064514,0.0,8.57897277386296,,,0,101,0.0,16392,49944918770201,1000000000,7.0,-1588.3624442099244,299792458,18,-56.9249938528159,340282346638528860000000000000000000000,1602562560,,,,0,,3,63.976463317871094,,,,,,C,
Raw,1697799145000,140306000000,,,-1381834222694064514,0.0,8.57897277386296,,,0,24,0.0,227,49944924441903,76,25.91583251953125,-1413.6893092112168,0.7840444125605641,20,-202205.77509651153,340282346638528860000000000000000000000,1603124990,,,,1,,3,63.976463317871094,,,,,,C,
Raw,1697799145000,140306000000,,,-1381834222694064514,0.0,8.57897277386296,,,0,23,0.0,227,49944930005786,152,17.349769592285156,-709.2604191239452,1.1702512331293438,20,-99123.71193534558,340282346638528860000000000000000000000,1603687550,,,,0,,3,63.976463317871094,,,,,,C,
Raw,1697799145000,140306000000,,,-1381834222694064514,0.0,8.57897277386296,,,0,7,0.0,227,49944933460418,53,30.37676429748535,-778.3226064587943,0.005092761479318143,17,-108743.7120771832,0.002546380739659071,1604812540,,,,0,,3,63.976463317871094,,,,,,C,
Raw,1697799145000,140306000000,,,-1381834222694064514,0.0,8.57897277386296,,,0,8,0.0,227,49944932040156,130,19.28097152709961,-1302.741915460947,1.0837732570287146,20,-180903.66906417924,340282346638528860000000000000000000000,1605374980,,,,0,,3,63.976463317871094,,,,,,C,
Raw,1697799145000,140306000000,,,-1381834222694064514,0.0,8.57897277386296,,,0,5,0.0,809,471148867780458,25,31.02885627746582,-973.6353759397766,0.5536386522704799,20,-134219.14917692653,340282346638528860000000000000000000000,1561097980,,,,0,,5,61.848121643066406,,,,,,C,
Raw,1697799145000,140306000000,,,-1381834222694064514,0.0,8.57897277386296,,,0,9,0.0,16393,471148867389260,20,25.081737518310547,-816.8846308424254,0.009631607681512833,17,437718.129215522,0.10083554699589466,1561097980,,,,1,,5,61.848121643066406,,,,,,C,
Raw,1697799145000,140306000000,,,-1381834222694064514,0.0,8.57897277386296,,,0,19,0.0,65583,471148926259519,11,32.28900146484375,-1133.654952520912,0.0042008343152701855,17,-195983.55472740732,0.0021004171576350927,1561097980,,,,0,,5,61.848121643066406,,,,,,C,
Raw,1697799145000,140306000000,,,-1381834222694064514,0.0,8.57897277386296,,,0,20,0.0,65583,471148924221908,9,34.60390090942383,-665.5107273353641,0.0034132401924580336,17,-93659.78926325408,0.0017066200962290168,1561097980,,,,1,,5,61.848121643066406,,,,,,C,
Raw,1697799145000,140306000000,,,-1381834222694064514,0.0,8.57897277386296,,,0,22,0.0,65583,471148916234489,17,26.73491859436035,-1486.3040161304525,0.007962319999933243,17,-256308.990452858,0.10000090315510486,1561097980,,,,0,,5,61.848121643066406,,,,,,C,
Raw,1697799145000,140306000000,,,-1381834222694064514,0.0,8.57897277386296,,,0,29,0.0,16392,471148911052738,1000000000,7.0,-396.0693643252316,299792458,18,-8.579159100712637,340282346638528860000000000000000000000,1561097980,,,,0,,5,61.848121643066406,,,,,,C,
Raw,1697799145000,140306000000,,,-1381834222694064514,0.0,8.57897277386296,,,0,35,0.0,65583,471148917567639,30,19.988815307617188,-596.6879056817547,1.052936422249425,20,460719.6915037022,340282346638528860000000000000000000000,1561097980,,,,0,,5,61.848121643066406,,,,,,C,
Raw,1697799145000,140306000000,,,-1381834222694064514,0.0,8.57897277386296,,,0,36,0.0,65583,471148913200179,68,10.025110244750977,-1645.8070613808604,1.500207488764545,20,-278145.7068173033,340282346638528860000000000000000000000,1561097980,,,,1,,5,61.848121643066406,,,,,,C,
Raw,1697799145000,140306000000,,,-1381834222694064514,0.0,8.57897277386296,,,0,37,0.0,65583,471148920029174,29,20.746437072753906,-822.4159470674149,1.0193098851499052,20,-137962.40866199083,340282346638528860000000000000000000000,1561097980,,,,0,,5,61.848121643066406,,,,,,C,
Raw,1697799145000,140306000000,,,-1381834222694064514,0.0,8.57897277386296,,,0,3,0.0,83976,471162916410344,1000000000,16.470378875732422,-1321.1467146429168,299792458,20,-128051.89331263264,340282346638528860000000000000000000000,1575420030,,,,1,,6,52.795997619628906,,,,,,C,
Raw,1697799145000,140306000000,,,-1381834222694064514,0.0,8.57897277386296,,,0,5,0.0,85034,471162922208867,29,28.964454650878906,-915.8524191531496,0.006103750318288803,17,-8968.11304976306,0.0030518751591444016,1575420030,,,,0,,6,52.795997619628906,,,,,,C,
Raw,1697799145000,140306000000,,,-1381834222694064514,0.0,8.57897277386296,,,0,9,0.0,83976,471162912513140,1000000000,22.558303833007812,-565.1966701634606,299792458,20,-27543.80185907443,340282346638528860000000000000000000000,1575420030,,,,1,,6,52.795997619628906,,,,,,C,
Raw,1697799145000,140306000000,,,-1381834222694064514,0.0,8.57897277386296,,,0,13,0.0,16392,471162903977284,1000000000,12.345285415649414,-1520.30577704622,299792458,18,-10.247040764078251,340282346638528860000000000000000000000,1575420030,,,,0,,6,52.795997619628906,,,,,,C,
Raw,1697799145000,140306000000,,,-1381834222694064514,0.0,8.57897277386296,,,0,15,0.0,83976,471162916211593,1000000000,24.98621368408203,-1157.1499773148926,299792458,20,-122799.77513003194,340282346638528860000000000000000000000,1575420030,,,,1,,6,52.795997619628906,,,,,,C,
Raw,1697799145000,140306000000,,,-1381834222694064514,0.0,8.57897277386296,,,0,24,0.0,85034,471162909781559,16,36.21183776855469,-1449.8919465135477,0.0028106307145208125,17,-22890.234762851444,0.001405315357260406,1575420030,,,,0,,6,52.795997619628906,,,,,,C,
Raw,1697799145000,140306000000,,,-1381834222694064514,0.0,8.57897277386296,,,0,31,0.0,83976,471162910115765,1000000000,25.17031478881836,-1078.6379031285987,299792458,20,-80673.96292548739,340282346638528860000000000000000000000,1575420030,,,,0,,6,52.795997619628906,,,,,,C,
Raw,1697799145000,140306000000,,,-1381834222694064514,0.0,8.57897277386296,,,0,3,0.0,84011,471162916410254,63,20.262617111206055,-1323.4163335876838,1.0404158457554429,20,30577.028061574034,340282346638528860000000000000000000000,1176450050,,,,0,,6,8.485379219055176,,,,,,Q,
Raw,1697799145000,140306000000,,,-1381834222694064514,0.0,8.57897277386296,,,0,5,0.0,84011,471162922208823,7,37.524169921875,-916.1882160930463,0.003236011601984501,17,-9076.404121762589,0.0016180058009922504,1176450050,,,,0,,6,8.485379219055176,,,,,,Q,
Raw,1697799145000,140306000000,,,-1381834222694064514,0.0,8.57897277386296,,,0,9,0.0,84011,471162912513034,53,21.61597442626953,-565.5014502442682,0.019047746434807777,17,-19743.856588473755,0.009523873217403889,1176450050,,,,0,,6,8.485379219055176,,,,,,Q,
Raw,1697799145000,140306000000,,,-1381834222694064514,0.0,8.57897277386296,,,0,15,0.0,84011,471162916211577,42,22.74081039428711,-1157.505861844591,0.016734080389142036,17,-126515.81967899043,0.008367040194571018,1176450050,,,,0,,6,8.485379219055176,,,,,,Q,
Raw,1697799145000,140306000000,,,-1381834222694064514,0.0,8.57897277386296,,,0,24,0.0,84011,471162909781516,9,38.56272506713867,-1449.8971272682538,0.0028713252395391464,17,-169276.66688279348,0.0014356626197695732,1176450050,,,,0,,6,8.485379219055176,,,,,,Q,
Raw,1697799145000,140306000000,,,-1381834222694064514,0.0,8.57897277386296,,,0,31,0.0,84011,471162910115676,9,30.14894676208496,-1079.7738906182349,0.0071317311376333245,17,-151719.26575627437,0.003565865568816662,1176450050,,,,0,,6,8.485379219055176,,,,,,Q,
Raw,1697799146000,141306000000,,,-1381834222694067804,0.0,8.830880507328146,,,0,3,0.0,16392,471163914598967,1000000000,7.0,-328.97566288812277,299792458,18,-9.158577813304568,340282346638528860000000000000000000000,1575420030,,,,0,,1,52.929969787597656,,,,,,C,
Raw,1697799146000,141306000000,,,-1381834222694067804,0.0,8.830880507328146,,,0,4,0.0,46,471163923339193,1000000000,22.77719497680664,-444.2770222942686,299792458,20,-62449.515048806694,340282346638528860000000000000000000000,1575420030,,,,0,,1,52.929969787597656,,,,,,C,
Raw,1697799146000,141306000000,,,-1381834222694067804,0.0,8.830880507328146,,,0,5,0.0,16392,471163916140140,1000000000,16.30707359313965,-1662.1440097606783,299792458,18,-1414.3379194883942,340282346638528860000000000000000000000,1575420030,,,,0,,1,52.929969787597656,,,,,,C,
Raw,1697799146000,141306000000,,,-1381834222694067804,0.0,8.830880507328146,,,0,6,0.0,47,471163928535942,15,37.2845458984375,-566.1053655150026,0.002484096447005868,17,-80284.07637205203,0.001242048223502934,1575420030,,,,0,,1,52.929969787597656,,,,,,C,
Raw,1697799146000,141306000000,,,-1381834222694067804,0.0,8.830880507328146,,,0,7,0.0,47,471163929467018,19,34.175716400146484,-1244.2041497763712,0.0035531206522136927,17,-175617.01008853177,0.0017765603261068463,1575420030,,,,0,,1,52.929969787597656,,,,,,C,
Raw,1697799146000,141306000000,,,-1381834222694067804,0.0,8.830880507328146,,,0,9,0.0,47,471163930500368,19,34.44660568237305,-675.1730172673997,0.0034440178424119945,17,-95327.35766816116,0.0017220089212059975,1575420030,,,,0,,1,52.929969787597656,,,,,,C,
Raw,1697799146000,141306000000,,,-1381834222694067804,0.0,8.830880507328146,,,0,11,0.0,47,471163927985880,41,24.850414276123047,-1058.1281032668671,0.8325924088872854,20,-149724.79718068143,340282346638528860000000000000000000000,1575420030,,,,1,,1,52.929969787597656,,,,,,C,
Raw,1697799146000,141306000000,,,-1381834222694067804,0.0,8.830880507328146,,,0,16,0.0,47,471163918827011,47,23.250255584716797,-970.212747490843,0.9064997498859144,20,-136524.3827306244,340282346638528860000000000000000000000,1575420030,,,,1,,1,52.929969787597656,,,,,,C,
Raw,1697799146000,141306000000,,,-1381834222694067804,0.0,8.830880507328146,,,0,20,0.0,47,471163926041902,62,19.875959396362305,-1529.8304603460847,1.0559384076826461,20,-215069.41782531943,340282346638528860000000000000000000000,1575420030,,,,1,,1,52.929969787597656,,,,,,C,
Raw,1697799146000,141306000000,,,-1381834222694067804,0.0,8.830880507328146,,,0,26,0.0,16392,471163915132535,1000000000,19.118921279907227,-610.6100438520184,299792458,18,-539.6722818468261,340282346638528860000000000000000000000,1575420030,,,,0,,1,52.929969787597656,,,,,,C,
Raw,1697799146000,141306000000,,,-1381834222694067804,0.0,8.830880507328146,,,0,29,0.0,16392,471163914121539,1000000000,7.0,-1097.390070707449,299792458,18,-29.588353139316425,340282346638528860000000000000000000000,1575420030,,,,0,,1,52.929969787597656,,,,,,C,
Raw,1697799146000,141306000000,,,-1381834222694067804,0.0,8.830880507328146,,,0,30,0.0,47,471163924707866,14,37.90462875366211,-1573.0282177872432,0.0023129393812268972,17,-221541.7570437882,0.0011564696906134486,1575420030,,,,0,,1,52.929969787597656,,,,,,C,
Raw,1697799146000,141306000000,,,-1381834222694067804,0.0,8.830880507328146,,,0,6,0.0,81929,471163928535943,32,24.881656646728516,-565.4972433475352,0.8312863585025636,20,-149416.97914596504,340282346638528860000000000000000000000,1176450050,,,,0,,1,9.983428001403809,,,,,,Q,
Raw,1697799146000,141306000000,,,-1381834222694067804,0.0,8.830880507328146,,,0,9,0.0,81929,471163930500380,53,22.41488265991211,-675.0346799539129,299.79433177820556,20,-165486.0875634338,340282346638528860000000000000000000000,1176450050,,,,0,,1,9.983428001403809,,,,,,Q,
Raw,1697799146000,141306000000,,,-1381834222694067804,0.0,8.830880507328146,,,0,30,0.0,81929,471163924707829,9,38.753746032714844,-1573.0254164009239,0.0028088679537177086,17,-409105.5825413106,0.0014044339768588543,1176450050,,,,0,,1,9.983428001403809,,,,,,Q,
Raw,1697799146000,141306000000,,,-1381834222694067804,0.0,8.830880507328146,,,0,10,0.0,227,49945926592812,60,28.928211212158203,-1737.898647800117,0.006042428780347109,17,-249843.0413815949,0.0030212143901735544,1598062460,,,,0,,3,63.976463317871094,,,,,,C,
Raw,1697799146000,141306000000,,,-1381834222694067804,0.0,8.830880507328146,,,0,96,0.0,16392,49945922829705,1000000000,25.16102409362793,-417.26381257359344,299792458,18,-1517.252017893239,340282346638528860000000000000000000000,1599750020,,,,0,,3,63.976463317871094,,,,,,C,
Raw,1697799146000,141306000000,,,-1381834222694067804,0.0,8.830880507328146,,,0,22,0.0,227,49945924310904,51,30.73897933959961,-199.76453180453973,0.004898488521575928,17,-28694.203800183914,0.002449244260787964,1600312450,,,,0,,3,63.976463317871094,,,,,,C,
Raw,1697799146000,141306000000,,,-1381834222694067804,0.0,8.830880507328146,,,0,9,0.0,227,49945931218471,33,36.95030975341797,-1218.5459361409885,0.0025404999032616615,17,-176206.08937352806,0.0012702499516308308,1600875010,,,,0,,3,63.976463317871094,,,,,,C,
Raw,1697799146000,141306000000,,,-1381834222694067804,0.0,8.830880507328146,,,0,16,0.0,227,49945924954392,115,20.797405242919922,-492.6806543883117,1.0143064873381396,20,-70865.27905870021,340282346638528860000000000000000000000,1601437440,,,,0,,3,63.976463317871094,,,,,,C,
Raw,1697799146000,141306000000,,,-1381834222694067804,0.0,8.830880507328146,,,0,101,0.0,16392,49945918775507,1000000000,7.0,-1588.6359218410635,299792458,18,-57.00451150042241,340282346638528860000000000000000000000,1602562560,,,,0,,3,63.976463317871094,,,,,,C,
Raw,1697799146000,141306000000,,,-1381834222694067804,0.0,8.830880507328146,,,0,24,0.0,227,49945924446663,92,23.627880096435547,-1413.4139229625125,0.8869318266982664,20,-203619.8360617297,340282346638528860000000000000000000000,1603124990,,,,0,,3,63.976463317871094,,,,,,C,
Raw,1697799146000,141306000000,,,-1381834222694067804,0.0,8.830880507328146,,,0,23,0.0,227,49945930008241,161,16.663593292236328,-707.8602436450751,1.2011083709344916,20,-99831.633631147,340282346638528860000000000000000000000,1603687550,,,,0,,3,63.976463317871094,,,,,,C,
Raw,1697799146000,141306000000,,,-1381834222694067804,0.0,8.830880507328146,,,0,7,0.0,227,49945933463006,54,30.231725692749023,-778.5335145809368,0.005178514402359723,17,-109522.24559176413,0.002589257201179862,1604812540,,,,0,,3,63.976463317871094,,,,,,C,
Raw,1697799146000,141306000000,,,-1381834222694067804,0.0,8.830880507328146,,,0,8,0.0,227,49945932044701,105,21.920190811157227,-1303.5767993159297,0.9650913535519035,20,-182205.70326782,340282346638528860000000000000000000000,1605374980,,,,0,,3,63.976463317871094,,,,,,C,
Raw,1697799146000,141306000000,,,-1381834222694067804,0.0,8.830880507328146,,,0,5,0.0,809,471149867783710,32,27.830177307128906,-973.7454622743453,0.6974802318091595,20,-135195.67017355212,340282346638528860000000000000000000000,1561097980,,,,0,,5,62.02272033691406,,,,,,C,
Raw,1697799146000,141306000000,,,-1381834222694067804,0.0,8.830880507328146,,,0,9,0.0,16393,471149867391987,24,23.045154571533203,-817.664648133396,0.9136660523409206,20,436900.9660176481,340282346638528860000000000000000000000,1561097980,,,,1,,5,62.02272033691406,,,,,,C,
Raw,1697799146000,141306000000,,,-1381834222694067804,0.0,8.830880507328146,,,0,19,0.0,65583,471149926263307,10,33.712886810302734,-1133.8774499455467,0.0037819650024175644,17,-197117.43217735286,0.0018909825012087822,1561097980,,,,0,,5,62.02272033691406,,,,,,C,
Raw,1697799146000,141306000000,,,-1381834222694067804,0.0,8.830880507328146,,,0,20,0.0,65583,471149924224154,9,34.144168853759766,-665.7032694362279,0.003598765004426241,17,-94325.4925326903,0.0017993825022131205,1561097980,,,,1,,5,62.02272033691406,,,,,,C,
Raw,1697799146000,141306000000,,,-1381834222694067804,0.0,8.830880507328146,,,0,22,0.0,65583,471149916239427,20,25.31028175354004,-1486.542078035127,0.009381483308970928,17,-257795.53253089314,0.1007104848096237,1561097980,,,,0,,5,62.02272033691406,,,,,,C,
Raw,1697799146000,141306000000,,,-1381834222694067804,0.0,8.830880507328146,,,0,29,0.0,16392,471149911054065,1000000000,7.0,-396.4440668522434,299792458,18,-8.567777506314773,340282346638528860000000000000000000000,1561097980,,,,0,,5,62.02272033691406,,,,,,C,
Raw,1697799146000,141306000000,,,-1381834222694067804,0.0,8.830880507328146,,,0,35,0.0,65583,471149917569612,26,21.917144775390625,-596.8351418939333,0.9662220656739668,20,460122.1731900448,340282346638528860000000000000000000000,1561097980,,,,1,,5,62.02272033691406,,,,,,C,
Raw,1697799146000,141306000000,,,-1381834222694067804,0.0,8.830880507328146,,,0,36,0.0,12,471149913205872,1000000000,7.0,-1646.0898094401737,299792458,20,-279791.98336919287,340282346638528860000000000000000000000,1561097980,,,,1,,5,62.02272033691406,,,,,,C,
Raw,1697799146000,141306000000,,,-1381834222694067804,0.0,8.830880507328146,,,0,37,0.0,65583,471149920031905,25,22.536130905151367,-822.9065981115173,0.9388298888589075,20,-138785.4469702329,340282346638528860000000000000000000000,1561097980,,,,0,,5,62.02272033691406,,,,,,C,
Raw,1697799146000,141306000000,,,-1381834222694067804,0.0,8.830880507328146,,,0,3,0.0,83976,471163916414522,1000000000,16.39044189453125,-1319.6823959808708,299792458,20,-129374.88638457823,340282346638528860000000000000000000000,1575420030,,,,1,,6,52.929969787597656,,,,,,C,
Raw,1697799146000,141306000000,,,-1381834222694067804,0.0,8.830880507328146,,,0,5,0.0,85034,471163922211905,24,31.29852867126465,-916.0707489183314,0.0046654450707137585,17,-9884.183798681392,0.0023327225353568792,1575420030,,,,0,,6,52.929969787597656,,,,,,C,
Raw,1697799146000,141306000000,,,-1381834222694067804,0.0,8.830880507328146,,,0,9,0.0,83976,471163912514994,1000000000,23.399173736572266,-567.5997900904274,299792458,20,-28109.407159356168,340282346638528860000000000000000000000,1575420030,,,,1,,6,52.929969787597656,,,,,,C,
Raw,1697799146000,141306000000,,,-1381834222694067804,0.0,8.830880507328146,,,0,13,0.0,16392,471163903982360,1000000000,14.077820777893066,-1520.6770031626666,299792458,18,-10.379285047392242,340282346638528860000000000000000000000,1575420030,,,,0,,6,52.929969787597656,,,,,,C,
Raw,1697799146000,141306000000,,,-1381834222694067804,0.0,8.830880507328146,,,0,15,0.0,83976,471163916215463,1000000000,22.585683822631836,-1157.5595121124707,299792458,20,-123957.08050352095,340282346638528860000000000000000000000,1575420030,,,,1,,6,52.929969787597656,,,,,,C,
Raw,1697799146000,141306000000,,,-1381834222694067804,0.0,8.830880507328146,,,0,24,0.0,85034,471163909786351,19,34.21046447753906,-1450.107884818528,0.0033365387935191393,17,-24340.34264766997,0.0016682693967595696,1575420030,,,,0,,6,52.929969787597656,,,,,,C,
Raw,1697799146000,141306000000,,,-1381834222694067804,0.0,8.830880507328146,,,0,31,0.0,83976,471163910119394,1000000000,25.470779418945312,-1080.057846432252,299792458,20,-81753.89511506731,340282346638528860000000000000000000000,1575420030,,,,0,,6,52.929969787597656,,,,,,C,
Raw,1697799146000,141306000000,,,-1381834222694067804,0.0,8.830880507328146,,,0,3,0.0,84011,471163916414675,43,22.15064811706543,-1323.5345315469049,0.9555139835671,20,29253.694545018516,340282346638528860000000000000000000000,1176450050,,,,0,,6,9.983428001403809,,,,,,Q,
Raw,1697799146000,141306000000,,,-1381834222694067804,0.0,8.830880507328146,,,0,5,0.0,84011,471163922211882,8,37.40495300292969,-916.2504712326686,0.27058789481188683,20,-9992.408922690705,340282346638528860000000000000000000000,1176450050,,,,0,,6,9.983428001403809,,,,,,Q,
Raw,1697799146000,141306000000,,,-1381834222694067804,0.0,8.830880507328146,,,0,9,0.0,84011,471163912514909,71,20.569438934326172,-565.7126204644919,0.021486733108758923,17,-20309.569208938246,0.010743366554379463,1176450050,,,,1,,6,9.983428001403809,,,,,,Q,
Raw,1697799146000,141306000000,,,-1381834222694067804,0.0,8.830880507328146,,,0,15,0.0,84011,471163916215461,55,22.079631805419922,-1157.6367961239303,0.018057627603411674,17,-127673.45647511436,0.009028813801705837,1176450050,,,,0,,6,9.983428001403809,,,,,,Q,
Raw,1697799146000,141306000000,,,-1381834222694067804,0.0,8.830880507328146,,,0,24,0.0,84011,471163909786353,8,38.69181823730469,-1450.1058726783958,0.0028289651963859797,17,-170726.77275547187,0.0014144825981929898,1176450050,,,,0,,6,9.983428001403809,,,,,,Q,
Raw,1697799146000,141306000000,,,-1381834222694067804,0.0,8.830880507328146,,,0,31,0.0,84011,471163910119274,9,30.192996978759766,-1079.9107981403067,0.007095654029399157,17,-152799.17655441468,0.0035478270146995783,1176450050,,,,0,,6,9.983428001403809,,,,,,Q,
Raw,1697799147000,142306000000,,,-1381834222694071097,0.0,8.811131349479654,,,0,3,0.0,16392,471164914600064,1000000000,7.0,-329.3469912519388,299792458,18,-9.171487210401025,340282346638528860000000000000000000000,1575420030,,,,0,,1,53.003517150878906,,,,,,C,
Raw,1697799147000,142306000000,,,-1381834222694071097,0.0,8.811131349479654,,,0,4,0.0,46,471164923340644,1000000000,22.455158233642578,-445.43701870202244,299792458,20,-62894.26179858394,340282346638528860000000000000000000000,1575420030,,,,0,,1,53.003517150878906,,,,,,C,
Raw,1697799147000,142306000000,,,-1381834222694071097,0.0,8.811131349479654,,,0,5,0.0,16392,471164916145684,1000000000,14.762886047363281,-1662.3296909838145,299792458,18,-1414.3798815146954,340282346638528860000000000000000000000,1575420030,,,,0,,1,53.003517150878906,,,,,,C,
Raw,1697799147000,142306000000,,,-1381834222694071097,0.0,8.811131349479654,,,0,6,0.0,47,471164928537829,19,34.55406188964844,-566.1181168267794,0.0034016736317425966,17,-80850.19448887881,0.0017008368158712983,1575420030,,,,0,,1,53.003517150878906,,,,,,C,
Raw,1697799147000,142306000000,,,-1381834222694071097,0.0,8.811131349479654,,,0,7,0.0,47,471164929471180,21,32.92130661010742,-1244.293587264372,0.0041051628068089485,17,-176861.30367579614,0.0020525814034044743,1575420030,,,,0,,1,53.003517150878906,,,,,,C,
Raw,1697799147000,142306000000,,,-1381834222694071097,0.0,8.811131349479654,,,0,9,0.0,47,471164930502610,17,35.74641799926758,-675.3272418711131,0.0029653424862772226,17,-96002.68491003227,0.0014826712431386113,1575420030,,,,0,,1,53.003517150878906,,,,,,C,
Raw,1697799147000,142306000000,,,-1381834222694071097,0.0,8.811131349479654,,,0,11,0.0,47,471164927989439,47,23.20069122314453,-1058.1430313828241,0.9067792659697802,20,-150782.77989710157,340282346638528860000000000000000000000,1575420030,,,,0,,1,53.003517150878906,,,,,,C,
Raw,1697799147000,142306000000,,,-1381834222694071097,0.0,8.811131349479654,,,0,16,0.0,47,471164918830148,45,23.90756607055664,-970.0511304817337,0.010925495997071266,17,-137494.43386110614,0.10060958439771807,1575420030,,,,1,,1,53.003517150878906,,,,,,C,
Raw,1697799147000,142306000000,,,-1381834222694071097,0.0,8.811131349479654,,,0,20,0.0,47,471164926047087,46,23.457799911499023,-1527.966149974287,0.8948679799534411,20,-216599.38098600242,340282346638528860000000000000000000000,1575420030,,,,1,,1,53.003517150878906,,,,,,C,
Raw,1697799147000,142306000000,,,-1381834222694071097,0.0,8.811131349479654,,,0,26,0.0,16392,471164915134571,1000000000,15.984642028808594,-610.7956569102416,299792458,18,-539.6893876919431,340282346638528860000000000000000000000,1575420030,,,,0,,1,53.003517150878906,,,,,,C,
Raw,1697799147000,142306000000,,,-1381834222694071097,0.0,8.811131349479654,,,0,29,0.0,16392,471164914125201,1000000000,7.0,-1097.5756837656722,299792458,18,-29.61669410622614,340282346638528860000000000000000000000,1575420030,,,,0,,1,53.003517150878906,,,,,,C,
Raw,1697799147000,142306000000,,,-1381834222694071097,0.0,8.811131349479654,,,0,30,0.0,47,471164924713115,15,36.94561004638672,-1573.1209816105838,0.0025829453952610493,17,-223114.8780253988,0.0012914726976305246,1575420030,,,,0,,1,53.003517150878906,,,,,,C,
Raw,1697799147000,142306000000,,,-1381834222694071097,0.0,8.811131349479654,,,0,6,0.0,81929,471164928537793,23,29.379615783691406,-566.0689291628951,0.007792226038873196,17,-149983.04807512794,0.003896113019436598,1176450050,,,,1,,1,9.451472282409668,,,,,,Q,
Raw,1697799147000,142306000000,,,-1381834222694071097,0.0,8.811131349479654,,,0,9,0.0,81929,471164930502621,26,24.822032928466797,-675.0744882631316,0.834321427882839,20,-166161.42354518842,340282346638528860000000000000000000000,1176450050,,,,0,,1,9.451472282409668,,,,,,Q,
Raw,1697799147000,142306000000,,,-1381834222694071097,0.0,8.811131349479654,,,0,30,0.0,81929,471164924713081,9,38.91672897338867,-1573.1040966503206,0.002756653353571892,17,-410678.6866379609,0.001378326676785946,1176450050,,,,0,,1,9.451472282409668,,,,,,Q,
Raw,1697799147000,142306000000,,,-1381834222694071097,0.0,8.811131349479654,,,0,10,0.0,227,49946926598615,53,30.413776397705078,-1738.0453690011927,0.0050925263203680515,17,-251581.0867505961,0.0025462631601840258,1598062460,,,,0,,3,61.278724670410156,,,,,,C,
Raw,1697799147000,142306000000,,,-1381834222694071097,0.0,8.811131349479654,,,0,96,0.0,16392,49946922831096,1000000000,23.028295516967773,-417.4464945405557,299792458,18,-1517.2458392116287,340282346638528860000000000000000000000,1599750020,,,,0,,3,61.278724670410156,,,,,,C,
Raw,1697799147000,142306000000,,,-1381834222694071097,0.0,8.811131349479654,,,0,22,0.0,227,49946924311606,57,29.47446060180664,-199.89364242208467,0.005666148848831654,17,-28894.097442606,0.002833074424415827,1600312450,,,,0,,3,61.278724670410156,,,,,,C,
Raw,1697799147000,142306000000,,,-1381834222694071097,0.0,8.811131349479654,,,0,9,0.0,227,49946931222742,42,33.2382698059082,-1218.5919588933757,0.003672356950119138,17,-177424.68133242143,0.0018361784750595689,1600875010,,,,0,,3,61.278724670410156,,,,,,C,
Raw,1697799147000,142306000000,,,-1381834222694071097,0.0,8.811131349479654,,,0,16,0.0,227,49946924956352,90,23.872440338134766,-492.27834507151647,0.8760259065820524,20,-71357.54068724117,340282346638528860000000000000000000000,1601437440,,,,0,,3,61.278724670410156,,,,,,C,
Raw,1697799147000,142306000000,,,-1381834222694071097,0.0,8.811131349479654,,,0,101,0.0,16392,49946918780805,1000000000,7.0,-1589.0007404556836,299792458,18,-56.986196506134185,340282346638528860000000000000000000000,1602562560,,,,0,,3,61.278724670410156,,,,,,C,
Raw,1697799147000,142306000000,,,-1381834222694071097,0.0,8.811131349479654,,,0,24,0.0,227,49946924451270,97,22.92078971862793,-1414.0444484081845,0.9187296935572822,20,-205034.32997701102,340282346638528860000000000000000000000,1603124990,,,,0,,3,61.278724670410156,,,,,,C,
Raw,1697799147000,142306000000,,,-1381834222694071097,0.0,8.811131349479654,,,0,23,0.0,227,49946930010837,160,16.77486801147461,-707.62691514772,1.1961047734208323,20,-100537.91399436475,340282346638528860000000000000000000000,1603687550,,,,0,,3,61.278724670410156,,,,,,C,
Raw,1697799147000,142306000000,,,-1381834222694071097,0.0,8.811131349479654,,,0,7,0.0,227,49946933465568,75,26.164161682128906,-779.2110483966221,0.774500193090113,20,-110300.70228185949,340282346638528860000000000000000000000,1604812540,,,,0,,3,61.278724670410156,,,,,,C,
Raw,1697799147000,142306000000,,,-1381834222694071097,0.0,8.811131349479654,,,0,8,0.0,227,49946932048948,117,20.623281478881836,-1304.0588615809884,1.0234126274211364,20,-183509.52540814807,340282346638528860000000000000000000000,1605374980,,,,0,,3,61.278724670410156,,,,,,C,
Raw,1697799147000,142306000000,,,-1381834222694071097,0.0,8.811131349479654,,,0,5,0.0,809,471150867786969,27,29.88810157775879,-973.9380281536992,0.604938241139386,20,-136171.4153397894,340282346638528860000000000000000000000,1561097980,,,,0,,5,61.96491241455078,,,,,,C,
Raw,1697799147000,142306000000,,,-1381834222694071097,0.0,8.811131349479654,,,0,9,0.0,16393,471150867394657,30,20.28420639038086,-817.4219810429536,1.037823182636985,20,436083.5987064977,340282346638528860000000000000000000000,1561097980,,,,1,,5,61.96491241455078,,,,,,C,
Raw,1697799147000,142306000000,,,-1381834222694071097,0.0,8.811131349479654,,,0,19,0.0,65583,471150926267115,11,32.42158889770508,-1133.9900451655267,0.00413719704374671,17,-198251.4222225184,0.002068598521873355,1561097980,,,,0,,5,61.96491241455078,,,,,,C,
Raw,1697799147000,142306000000,,,-1381834222694071097,0.0,8.811131349479654,,,0,20,0.0,65583,471150924226311,8,36.4420166015625,-665.9021155112132,0.0027622373308986425,17,-94991.39464820152,0.0013811186654493213,1561097980,,,,0,,5,61.96491241455078,,,,,,C,
Raw,1697799147000,142306000000,,,-1381834222694071097,0.0,8.811131349479654,,,0,22,0.0,65583,471150916244414,20,24.884178161621094,-1486.8608244130446,0.009853186085820198,17,-259282.39335530618,0.004926593042910099,1561097980,,,,0,,5,61.96491241455078,,,,,,C,
Raw,1697799147000,142306000000,,,-1381834222694071097,0.0,8.811131349479654,,,0,29,0.0,16392,471150911055389,1000000000,13.338470458984375,-396.8188034617117,299792458,18,-8.581192025659895,340282346638528860000000000000000000000,1561097980,,,,0,,5,61.96491241455078,,,,,,C,
Raw,1697799147000,142306000000,,,-1381834222694071097,0.0,8.811131349479654,,,0,35,0.0,65583,471150917571583,23,23.38163948059082,-597.1706495959438,0.9003657730866812,20,459525.172776063,340282346638528860000000000000000000000,1561097980,,,,1,,5,61.96491241455078,,,,,,C,
Raw,1697799147000,142306000000,,,-1381834222694071097,0.0,8.811131349479654,,,0,36,0.0,12,471150913211363,1000000000,7.0,-1645.4112958957176,299792458,20,-281438.944008702,340282346638528860000000000000000000000,1561097980,,,,1,,5,61.96491241455078,,,,,,C,
Raw,1697799147000,142306000000,,,-1381834222694071097,0.0,8.811131349479654,,,0,37,0.0,65583,471150920034618,48,20.85393714904785,-823.551710848581,299.7960699834882,20,-139609.3110559092,340282346638528860000000000000000000000,1561097980,,,,0,,5,61.96491241455078,,,,,,C,
Raw,1697799147000,142306000000,,,-1381834222694071097,0.0,8.811131349479654,,,0,3,0.0,83976,471164916419117,1000000000,21.47511863708496,-1322.1439673207742,299792458,20,-130696.72959622018,340282346638528860000000000000000000000,1575420030,,,,1,,6,53.003517150878906,,,,,,C,
Raw,1697799147000,142306000000,,,-1381834222694071097,0.0,8.811131349479654,,,0,5,0.0,85034,471164922214962,18,35.18659973144531,-916.2376019812509,0.0031627558637410402,17,-10800.421400662643,0.0015813779318705201,1575420030,,,,0,,6,53.003517150878906,,,,,,C,
Raw,1697799147000,142306000000,,,-1381834222694071097,0.0,8.811131349479654,,,0,9,0.0,83976,471164912516860,1000000000,25.372432708740234,-563.3210444160973,299792458,20,-28673.720797084898,340282346638528860000000000000000000000,1575420030,,,,0,,6,53.003517150878906,,,,,,C,
Raw,1697799147000,142306000000,,,-1381834222694071097,0.0,8.811131349479654,,,0,13,0.0,16392,471164903987431,1000000000,13.260051727294922,-1520.8626843858028,299792458,18,-10.41569799644177,340282346638528860000000000000000000000,1575420030,,,,0,,6,53.003517150878906,,,,,,C,
Raw,1697799147000,142306000000,,,-1381834222694071097,0.0,8.811131349479654,,,0,15,0.0,83976,471164916219294,1000000000,22.285661697387695,-1158.4973249861523,299792458,20,-125114.47226358717,340282346638528860000000000000000000000,1575420030,,,,1,,6,53.003517150878906,,,,,,C,
Raw,1697799147000,142306000000,,,-1381834222694071097,0.0,8.811131349479654,,,0,24,0.0,85034,471164909791247,17,35.55057144165039,-1450.2849562009976,0.003032963490113616,17,-25790.62760387097,0.001516481745056808,1575420030,,,,0,,6,53.003517150878906,,,,,,C,
Raw,1697799147000,142306000000,,,-1381834222694071097,0.0,8.811131349479654,,,0,31,0.0,83976,471164910122880,1000000000,25.247196197509766,-1079.5777609496718,299792458,20,-82833.67093867963,340282346638528860000000000000000000000,1575420030,,,,0,,6,53.003517150878906,,,,,,C,
Raw,1697799147000,142306000000,,,-1381834222694071097,0.0,8.811131349479654,,,0,3,0.0,84011,471164916419074,61,21.18971061706543,-1324.4066334444105,0.9987270103712351,20,27930.16830456481,340282346638528860000000000000000000000,1176450050,,,,0,,6,9.451472282409668,,,,,,Q,
Raw,1697799147000,142306000000,,,-1381834222694071097,0.0,8.811131349479654,,,0,5,0.0,84011,471164922214936,8,36.569915771484375,-916.2315450037568,0.003611793043091893,17,-10908.640467694462,0.0018058965215459466,1176450050,,,,0,,6,9.451472282409668,,,,,,Q,
Raw,1697799147000,142306000000,,,-1381834222694071097,0.0,8.811131349479654,,,0,9,0.0,84011,471164912516813,89,18.926223754882812,-566.8072025639894,1.0998116489473149,20,-20875.472853107778,340282346638528860000000000000000000000,1176450050,,,,0,,6,9.451472282409668,,,,,,Q,
Raw,1697799147000,142306000000,,,-1381834222694071097,0.0,8.811131349479654,,,0,15,0.0,84011,471164916219313,41,22.259387969970703,-1157.7639796296426,0.017687764018774033,17,-128831.220454744,0.008843882009387016,1176450050,,,,0,,6,9.451472282409668,,,,,,Q,
Raw,1697799147000,142306000000,,,-1381834222694071097,0.0,8.811131349479654,,,0,24,0.0,84011,471164909791192,8,37.246158599853516,-1450.2832760971796,0.00334126316010952,17,-172177.05603156905,0.00167063158005476,1176450050,,,,0,,6,9.451472282409668,,,,,,Q,
Raw,1697799147000,142306000000,,,-1381834222694071097,0.0,8.811131349479654,,,0,31,0.0,84011,471164910122887,13,30.329195022583008,-1080.0732404753799,0.0069852606393396854,17,-153879.24979489006,0.0034926303196698427,1176450050,,,,0,,6,9.451472282409668,,,,,,Q,
Raw,1697799148000,143306000000,,,-1381834222694074390,0.0,8.460092116565574,,,0,3,0.0,16392,471165914601168,1000000000,7.0,-329.53263839261854,299792458,18,-9.161197579382474,340282346638528860000000000000000000000,1575420030,,,,0,,1,52.81098556518555,,,,,,C,
Raw,1697799148000,143306000000,,,-1381834222694074390,0.0,8.460092116565574,,,0,4,0.0,47,471165923342121,48,22.890195846557617,-445.28480645119157,0.9199059377111065,20,-63339.31878535532,340282346638528860000000000000000000000,1575420030,,,,1,,1,52.81098556518555,,,,,,C,
Raw,1697799148000,143306000000,,,-1381834222694074390,0.0,8.460092116565574,,,0,5,0.0,16392,471165916151234,1000000000,7.0,-1662.700917100261,299792458,18,-1414.3208017196216,340282346638528860000000000000000000000,1575420030,,,,0,,1,52.81098556518555,,,,,,C,
Raw,1697799148000,143306000000,,,-1381834222694074390,0.0,8.460092116565574,,,0,6,0.0,47,471165928539729,21,33.010982513427734,-566.3377393400442,0.0038306310307234526,17,-81416.53222821886,0.0019153155153617263,1575420030,,,,0,,1,52.81098556518555,,,,,,C,
Raw,1697799148000,143306000000,,,-1381834222694074390,0.0,8.460092116565574,,,0,7,0.0,47,471165929475314,24,31.305883407592773,-1244.492107098602,0.0046614957973361015,17,-178105.79578289474,0.0023307478986680508,1575420030,,,,0,,1,52.81098556518555,,,,,,C,
Raw,1697799148000,143306000000,,,-1381834222694074390,0.0,8.460092116565574,,,0,9,0.0,47,471165930504854,16,36.74922180175781,-675.5456704961834,0.002642010804265737,17,-96678.23058052846,0.0013210054021328688,1575420030,,,,0,,1,52.81098556518555,,,,,,C,
Raw,1697799148000,143306000000,,,-1381834222694074390,0.0,8.460092116565574,,,0,11,0.0,47,471165927993263,35,26.914287567138672,-1058.1686354040867,0.007728676311671734,17,-151840.94853250566,0.0990111745550183,1575420030,,,,1,,1,52.81098556518555,,,,,,C,
Raw,1697799148000,143306000000,,,-1381834222694074390,0.0,8.460092116565574,,,0,16,0.0,47,471165918833257,38,25.99565887451172,-970.2069481598446,0.008590856567025185,17,-138464.64080926598,0.09944226468269503,1575420030,,,,1,,1,52.81098556518555,,,,,,C,
Raw,1697799148000,143306000000,,,-1381834222694074390,0.0,8.460092116565574,,,0,20,0.0,47,471165926052239,57,20.807710647583008,-1528.6454814976996,1.0140403512811509,20,-218127.0434301699,340282346638528860000000000000000000000,1575420030,,,,1,,1,52.81098556518555,,,,,,C,
Raw,1697799148000,143306000000,,,-1381834222694074390,0.0,8.460092116565574,,,0,26,0.0,16392,471165915136611,1000000000,7.0,-611.1670193565142,299792458,18,-539.67105383858,340282346638528860000000000000000000000,1575420030,,,,0,,1,52.81098556518555,,,,,,C,
Raw,1697799148000,143306000000,,,-1381834222694074390,0.0,8.460092116565574,,,0,29,0.0,16392,471165914128864,1000000000,7.0,-1097.7613649888085,299792458,18,-29.576366632904488,340282346638528860000000000000000000000,1575420030,,,,0,,1,52.81098556518555,,,,,,C,
Raw,1697799148000,143306000000,,,-1381834222694074390,0.0,8.460092116565574,,,0,30,0.0,47,471165924718375,21,33.24391555786133,-1573.3350593843206,0.00372926821000874,17,-224688.2130847831,0.0018646341050043702,1575420030,,,,0,,1,52.81098556518555,,,,,,C,
Raw,1697799148000,143306000000,,,-1381834222694074390,0.0,8.460092116565574,,,0,6,0.0,81929,471165928539681,10,34.10387420654297,-566.3341517032823,0.004797608591616154,17,-150549.38222683122,0.002398804295808077,1176450050,,,,0,,1,9.632434844970703,,,,,,Q,
Raw,1697799148000,143306000000,,,-1381834222694074390,0.0,8.460092116565574,,,0,9,0.0,81929,471165930504878,14,27.66197967529297,-675.5847707664652,0.009496058337390423,17,-166837.00831595488,0.004748029168695211,1176450050,,,,0,,1,9.632434844970703,,,,,,Q,
Raw,1697799148000,143306000000,,,-1381834222694074390,0.0,8.460092116565574,,,0,30,0.0,81929,471165924718330,10,36.18458557128906,-1573.3388201297494,0.0037756289821118116,17,-412252.02545809065,0.0018878144910559058,1176450050,,,,0,,1,9.632434844970703,,,,,,Q,
Raw,1697799148000,143306000000,,,-1381834222694074390,0.0,8.460092116565574,,,0,10,0.0,227,49947926604410,43,33.071434020996094,-1738.270437731553,0.003977650310844183,17,-253319.35718832765,0.0019888251554220915,1598062460,,,,0,,3,64.028076171875,,,,,,C,
Raw,1697799148000,143306000000,,,-1381834222694074390,0.0,8.460092116565574,,,0,96,0.0,16392,49947922832497,1000000000,25.295654296875,-417.81175622711066,299792458,18,-1517.2661699340647,340282346638528860000000000000000000000,1599750020,,,,0,,3,64.028076171875,,,,,,C,
Raw,1697799148000,143306000000,,,-1381834222694074390,0.0,8.460092116565574,,,0,22,0.0,227,49947924312237,65,27.863971710205078,-200.13847336855542,0.0068204402923583984,17,-29094.235915974554,0.0034102201461791992,1600312450,,,,0,,3,64.028076171875,,,,,,C,
Raw,1697799148000,143306000000,,,-1381834222694074390,0.0,8.460092116565574,,,0,9,0.0,227,49947931226743,46,32.16505813598633,-1218.6832954242418,0.004155329894274473,17,-178643.36462784567,0.0020776649471372366,1600875010,,,,0,,3,64.028076171875,,,,,,C,
Raw,1697799148000,143306000000,,,-1381834222694074390,0.0,8.460092116565574,,,0,16,0.0,227,49947924957981,69,27.12312889099121,-492.44132737860855,0.7298463171230165,20,-71849.90397310193,340282346638528860000000000000000000000,1601437440,,,,0,,3,64.028076171875,,,,,,C,
Raw,1697799148000,143306000000,,,-1381834222694074390,0.0,8.460092116565574,,,0,101,0.0,16392,49947918786111,1000000000,7.0,-1589.2742180868227,299792458,18,-56.966228676024805,340282346638528860000000000000000000000,1602562560,,,,0,,3,64.028076171875,,,,,,C,
Raw,1697799148000,143306000000,,,-1381834222694074390,0.0,8.460092116565574,,,0,24,0.0,227,49947924455984,88,24.1141300201416,-1414.5766800492447,0.8650673983005004,20,-206448.4056097223,340282346638528860000000000000000000000,1603124990,,,,0,,3,64.028076171875,,,,,,C,
Raw,1697799148000,143306000000,,,-1381834222694074390,0.0,8.460092116565574,,,0,23,0.0,227,49947930012701,91,23.71328353881836,-709.6715898794364,0.8840923986065077,20,-101246.44394512047,340282346638528860000000000000000000000,1603687550,,,,1,,3,64.028076171875,,,,,,C,
Raw,1697799148000,143306000000,,,-1381834222694074390,0.0,8.460092116565574,,,0,7,0.0,227,49947933468223,103,22.20407485961914,-779.3531722403222,0.9525813612582867,20,-111079.4852637714,340282346638528860000000000000000000000,1604812540,,,,0,,3,64.028076171875,,,,,,C,
Raw,1697799148000,143306000000,,,-1381834222694074390,0.0,8.460092116565574,,,0,8,0.0,227,49947932053282,121,20.1743221282959,-1304.0422293422052,1.0436026220076235,20,-184812.20291286733,340282346638528860000000000000000000000,1605374980,,,,0,,3,64.028076171875,,,,,,C,
Raw,1697799148000,143306000000,,,-1381834222694074390,0.0,8.460092116565574,,,0,5,0.0,809,471151867790228,20,33.459163665771484,-974.2209125428385,0.4443521903533221,20,-137147.41146833843,340282346638528860000000000000000000000,1561097980,,,,0,,5,62.037113189697266,,,,,,C,
Raw,1697799148000,143306000000,,,-1381834222694074390,0.0,8.460092116565574,,,0,9,0.0,16393,471151867397366,23,23.138751983642578,-817.7450145658768,0.9094580671717156,20,435265.97326777707,340282346638528860000000000000000000000,1561097980,,,,0,,5,62.037113189697266,,,,,,C,
Raw,1697799148000,143306000000,,,-1381834222694074390,0.0,8.460092116565574,,,0,19,0.0,65583,471151926270883,12,30.885147094726562,-1134.2386008891335,0.004937740042805672,17,-199385.66082340752,0.002468870021402836,1561097980,,,,0,,5,62.037113189697266,,,,,,C,
Raw,1697799148000,143306000000,,,-1381834222694074390,0.0,8.460092116565574,,,0,20,0.0,65583,471151924228530,7,37.14238739013672,-666.1174741966388,0.002548253163695336,17,-95657.51212239816,0.0012741265818476677,1561097980,,,,0,,5,62.037113189697266,,,,,,C,
Raw,1697799148000,143306000000,,,-1381834222694074390,0.0,8.460092116565574,,,0,22,0.0,65583,471151916249396,20,24.855615615844727,-1487.023618733394,0.009885640814900398,17,-260769.41697403957,0.004942820407450199,1561097980,,,,0,,5,62.037113189697266,,,,,,C,
Raw,1697799148000,143306000000,,,-1381834222694074390,0.0,8.460092116565574,,,0,29,0.0,16392,471151911056715,1000000000,7.0,-397.1935059887235,299792458,18,-8.569774932598131,340282346638528860000000000000000000000,1561097980,,,,0,,5,62.037113189697266,,,,,,C,
Raw,1697799148000,143306000000,,,-1381834222694074390,0.0,8.460092116565574,,,0,35,0.0,65583,471151917573581,23,23.534507751464844,-597.35476302608,0.8934918342040348,20,458928.0292923629,340282346638528860000000000000000000000,1561097980,,,,1,,5,62.037113189697266,,,,,,C,
Raw,1697799148000,143306000000,,,-1381834222694074390,0.0,8.460092116565574,,,0,36,0.0,12,471151913216858,1000000000,7.813526153564453,-1647.0161706084637,299792458,20,-283085.2175142945,340282346638528860000000000000000000000,1561097980,,,,0,,5,62.037113189697266,,,,,,C,
Raw,1697799148000,143306000000,,,-1381834222694074390,0.0,8.460092116565574,,,0,37,0.0,65583,471151920037366,22,23.891942977905273,-822.9923495721287,0.8778615663888356,20,-140432.57246269216,340282346638528860000000000000000000000,1561097980,,,,0,,5,62.037113189697266,,,,,,C,
Raw,1697799148000,143306000000,,,-1381834222694074390,0.0,8.460092116565574,,,0,3,0.0,83976,471165916423498,1000000000,24.325721740722656,-1322.0336764914664,299792458,20,-132020.50646581122,340282346638528860000000000000000000000,1575420030,,,,1,,6,52.81098556518555,,,,,,C,
Raw,1697799148000,143306000000,,,-1381834222694074390,0.0,8.460092116565574,,,0,5,0.0,85034,471165922218013,16,36.018714904785156,-916.4623012552111,0.0028738228138536215,17,-11716.883701917854,0.0014369114069268107,1575420030,,,,0,,6,52.81098556518555,,,,,,C,
Raw,1697799148000,143306000000,,,-1381834222694074390,0.0,8.460092116565574,,,0,9,0.0,83976,471165912518742,1000000000,23.721040725708008,-565.9782149739851,299792458,20,-29239.723500198234,340282346638528860000000000000000000000,1575420030,,,,1,,6,52.81098556518555,,,,,,C,
Raw,1697799148000,143306000000,,,-1381834222694074390,0.0,8.460092116565574,,,0,13,0.0,16392,471165903992507,1000000000,7.0,-1521.2339105022493,299792458,18,-10.262520653004286,340282346638528860000000000000000000000,1575420030,,,,0,,6,52.81098556518555,,,,,,C,
Raw,1697799148000,143306000000,,,-1381834222694074390,0.0,8.460092116565574,,,0,15,0.0,83976,471165916223245,1000000000,25.92167091369629,-1158.9803415599936,299792458,20,-126273.70035719435,340282346638528860000000000000000000000,1575420030,,,,1,,6,52.81098556518555,,,,,,C,
Raw,1697799148000,143306000000,,,-1381834222694074390,0.0,8.460092116565574,,,0,24,0.0,85034,471165909796077,14,37.992679595947266,-1450.4923911573205,0.0022896109148859978,17,-27241.11999502829,0.0011448054574429989,1575420030,,,,0,,6,52.81098556518555,,,,,,C,
Raw,1697799148000,143306000000,,,-1381834222694074390,0.0,8.460092116565574,,,0,31,0.0,83976,471165910126502,1000000000,28.012699127197266,-1079.6560824347612,299792458,20,-83913.92032439094,340282346638528860000000000000000000000,1575420030,,,,0,,6,52.81098556518555,,,,,,C,
Raw,1697799148000,143306000000,,,-1381834222694074390,0.0,8.460092116565574,,,0,3,0.0,84011,471165916423493,74,19.95676040649414,-1324.3511472051914,1.0541722441348664,20,26606.40121436605,340282346638528860000000000000000000000,1176450050,,,,0,,6,9.632434844970703,,,,,,Q,
Raw,1697799148000,143306000000,,,-1381834222694074390,0.0,8.460092116565574,,,0,5,0.0,84011,471165922217992,8,35.57666015625,-916.4102296638157,0.004049352370202541,17,-11825.050697358278,0.0020246761851012707,1176450050,,,,0,,6,9.632434844970703,,,,,,Q,
Raw,1697799148000,143306000000,,,-1381834222694074390,0.0,8.460092116565574,,,0,9,0.0,84011,471165912518710,43,22.187942504882812,-566.1017168235194,0.017833851277828217,17,-21441.574569931297,0.008916925638914108,1176450050,,,,0,,6,9.632434844970703,,,,,,Q,
Raw,1697799148000,143306000000,,,-1381834222694074390,0.0,8.460092116565574,,,0,15,0.0,84011,471165916223167,37,23.391027450561523,-1157.9591305954527,0.015527121722698212,17,-129989.17958533946,0.007763560861349106,1176450050,,,,0,,6,9.632434844970703,,,,,,Q,
Raw,1697799148000,143306000000,,,-1381834222694074390,0.0,8.460092116565574,,,0,24,0.0,84011,471165909796030,9,38.013336181640625,-1450.5146147991181,0.003058804664760828,17,-173627.57064636817,0.001529402332380414,1176450050,,,,0,,6,9.632434844970703,,,,,,Q,
Raw,1697799148000,143306000000,,,-1381834222694074390,0.0,8.460092116565574,,,0,31,0.0,84011,471165910126490,11,30.16038703918457,-1080.2669557858899,0.007122344803065062,17,-154959.51675067595,0.003561172401532531,1176450050,,,,0,,6,9.632434844970703,,,,,,Q,
Raw,1697799149000,144306000000,,,-1381834222694077682,0.0,8.32375509013138,,,0,3,0.0,16392,471166914602269,1000000000,7.0,-329.90393267397803,299792458,18,-9.174113809388484,340282346638528860000000000000000000000,1575420030,,,,0,,1,52.88554382324219,,,,,,C,
Raw,1697799149000,144306000000,,,-1381834222694077682,0.0,8.32375509013138,,,0,4,0.0,47,471166923343576,33,27.73089599609375,-445.0919503225595,0.007035170681774616,17,-63784.41073567788,0.09866442174006974,1575420030,,,,1,,1,52.88554382324219,,,,,,C,
Raw,1697799149000,144306000000,,,-1381834222694077682,0.0,8.32375509013138,,,0,5,0.0,16392,471166916156780,1000000000,15.221538543701172,-1663.0722795465335,299792458,18,-1414.3657403995473,340282346638528860000000000000000000000,1575420030,,,,0,,1,52.88554382324219,,,,,,C,
Raw,1697799149000,144306000000,,,-1381834222694077682,0.0,8.32375509013138,,,0,6,0.0,47,471166928541603,22,32.45106887817383,-566.4457631999685,0.004085695371031761,17,-81982.97799141883,0.0020428476855158806,1575420030,,,,0,,1,52.88554382324219,,,,,,C,
Raw,1697799149000,144306000000,,,-1381834222694077682,0.0,8.32375509013138,,,0,7,0.0,47,471166929479447,18,34.666969299316406,-1244.4519379606063,0.0033577412832528353,17,-179350.24772085535,0.0016788706416264176,1575420030,,,,0,,1,52.88554382324219,,,,,,C,
Raw,1697799149000,144306000000,,,-1381834222694077682,0.0,8.32375509013138,,,0,9,0.0,47,471166930507125,18,35.0529899597168,-675.5302036646754,0.0032117830123752356,17,-97353.76078419313,0.0016058915061876178,1575420030,,,,0,,1,52.88554382324219,,,,,,C,
Raw,1697799149000,144306000000,,,-1381834222694077682,0.0,8.32375509013138,,,0,11,0.0,47,471166927996658,37,26.12795066833496,-1058.3015829705682,0.7751448308029389,20,-152899.17169334597,340282346638528860000000000000000000000,1575420030,,,,1,,1,52.88554382324219,,,,,,C,
Raw,1697799149000,144306000000,,,-1381834222694077682,0.0,8.32375509013138,,,0,16,0.0,47,471166918836814,39,25.635433197021484,-970.0157692513021,0.00895463302731514,17,-139434.6565785173,0.09962415291284,1575420030,,,,1,,1,52.88554382324219,,,,,,C,
Raw,1697799149000,144306000000,,,-1381834222694077682,0.0,8.32375509013138,,,0,20,0.0,47,471166926056998,48,23.071544647216797,-1529.137768499715,0.9122391823105174,20,-219655.44662825702,340282346638528860000000000000000000000,1575420030,,,,1,,1,52.88554382324219,,,,,,C,
Raw,1697799149000,144306000000,,,-1381834222694077682,0.0,8.32375509013138,,,0,26,0.0,16392,471166915138651,1000000000,15.073974609375,-611.3526324147374,299792458,18,-539.6881698469334,340282346638528860000000000000000000000,1575420030,,,,0,,1,52.88554382324219,,,,,,C,
Raw,1697799149000,144306000000,,,-1381834222694077682,0.0,8.32375509013138,,,0,29,0.0,16392,471166914132526,1000000000,7.0,-1097.9469780470317,299792458,18,-29.60471170300743,340282346638528860000000000000000000000,1575420030,,,,0,,1,52.88554382324219,,,,,,C,
Raw,1697799149000,144306000000,,,-1381834222694077682,0.0,8.32375509013138,,,0,30,0.0,47,471166924723616,15,37.261009216308594,-1573.449727340834,0.002490836661309004,17,-226261.66281212395,0.001245418330654502,1575420030,,,,0,,1,52.88554382324219,,,,,,C,
Raw,1697799149000,144306000000,,,-1381834222694077682,0.0,8.32375509013138,,,0,6,0.0,81929,471166928541580,9,31.649879455566406,-566.2470898171014,0.005999959073960781,17,-151115.62931664832,0.0029999795369803905,1176450050,,,,0,,1,9.451472282409668,,,,,,Q,
Raw,1697799149000,144306000000,,,-1381834222694077682,0.0,8.32375509013138,,,0,9,0.0,81929,471166930507121,19,28.094837188720703,-675.5711350698839,0.009034423157572746,17,-167512.57945102477,0.004517211578786373,1176450050,,,,0,,1,9.451472282409668,,,,,,Q,
Raw,1697799149000,144306000000,,,-1381834222694077682,0.0,8.32375509013138,,,0,30,0.0,81929,471166924723582,12,35.2143440246582,-1573.5210340223275,0.36595135704481163,20,-413825.50173780124,340282346638528860000000000000000000000,1176450050,,,,0,,1,9.451472282409668,,,,,,Q,
Raw,1697799149000,144306000000,,,-1381834222694077682,0.0,8.32375509013138,,,0,10,0.0,227,49948926610240,42,33.21049880981445,-1738.244241408829,0.0036906010936945677,17,-255057.60142973647,0.0018453005468472838,1598062460,,,,0,,3,61.30692672729492,,,,,,C,
Raw,1697799149000,144306000000,,,-1381834222694077682,0.0,8.32375509013138,,,0,96,0.0,16392,49948922833889,1000000000,26.338537216186523,-418.08574509509754,299792458,18,-1517.260168105831,340282346638528860000000000000000000000,1599750020,,,,0,,3,61.30692672729492,,,,,,C,
Raw,1697799149000,144306000000,,,-1381834222694077682,0.0,8.32375509013138,,,0,22,0.0,227,49948924312815,64,28.081451416015625,-200.49436192618225,0.6866356201743078,20,-29294.60811332797,340282346638528860000000000000000000000,1600312450,,,,0,,3,61.30692672729492,,,,,,C,
Raw,1697799149000,144306000000,,,-1381834222694077682,0.0,8.32375509013138,,,0,9,0.0,227,49948931230682,37,34.914573669433594,-1218.5931283340908,0.003211484989151358,17,-179861.95775617976,0.0016057424945756793,1600875010,,,,0,,3,61.30692672729492,,,,,,C,
Raw,1697799149000,144306000000,,,-1381834222694077682,0.0,8.32375509013138,,,0,16,0.0,227,49948924959566,73,26.494461059570312,-492.3803501511429,0.007979631423950195,17,-72342.28432325307,0.003989815711975098,1601437440,,,,0,,3,61.30692672729492,,,,,,C,
Raw,1697799149000,144306000000,,,-1381834222694077682,0.0,8.32375509013138,,,0,101,0.0,16392,49948918791410,1000000000,17.016502380371094,-1589.6389003716167,299792458,18,-56.9478878851194,340282346638528860000000000000000000000,1602562560,,,,0,,3,61.30692672729492,,,,,,C,
Raw,1697799149000,144306000000,,,-1381834222694077682,0.0,8.32375509013138,,,0,24,0.0,227,49948924460819,70,26.94292640686035,-1414.2966585864533,0.7378604206840276,20,-207862.36680737665,340282346638528860000000000000000000000,1603124990,,,,0,,3,61.30692672729492,,,,,,C,
Raw,1697799149000,144306000000,,,-1381834222694077682,0.0,8.32375509013138,,,0,23,0.0,227,49948930014736,104,22.04726791381836,-710.3111130936304,0.9590116291004556,20,-101957.56802177688,340282346638528860000000000000000000000,1603687550,,,,1,,3,61.30692672729492,,,,,,C,
Raw,1697799149000,144306000000,,,-1381834222694077682,0.0,8.32375509013138,,,0,7,0.0,227,49948933470867,69,27.192733764648438,-778.9094868213083,0.7282475703294455,20,-111859.56863086807,340282346638528860000000000000000000000,1604812540,,,,0,,3,61.30692672729492,,,,,,C,
Raw,1697799149000,144306000000,,,-1381834222694077682,0.0,8.32375509013138,,,0,8,0.0,227,49948932057515,75,26.036508560180664,-1303.880405838635,0.7799874685902854,20,-186116.22880273274,340282346638528860000000000000000000000,1605374980,,,,1,,3,61.30692672729492,,,,,,C,
Raw,1697799149000,144306000000,,,-1381834222694077682,0.0,8.32375509013138,,,0,5,0.0,809,471152867793482,24,31.4910945892334,-974.22609307623,0.5328546444012168,20,-138123.3055648351,340282346638528860000000000000000000000,1561097980,,,,0,,5,61.759490966796875,,,,,,C,
Raw,1697799149000,144306000000,,,-1381834222694077682,0.0,8.32375509013138,,,0,9,0.0,16392,471152867400149,1000000000,20.71401023864746,-817.4590627556504,299792458,20,434448.25062493555,340282346638528860000000000000000000000,1561097980,,,,1,,5,61.759490966796875,,,,,,C,
Raw,1697799149000,144306000000,,,-1381834222694077682,0.0,8.32375509013138,,,0,19,0.0,65583,471152926274654,14,29.281843185424805,-1134.4142522176562,0.6330082727489215,20,-200519.9381706079,340282346638528860000000000000000000000,1561097980,,,,0,,5,61.759490966796875,,,,,,C,
Raw,1697799149000,144306000000,,,-1381834222694077682,0.0,8.32375509013138,,,0,20,0.0,65583,471152924230762,8,36.57688903808594,-666.0863579273573,0.002719677751883865,17,-96323.59848032551,0.0013598388759419322,1561097980,,,,0,,5,61.759490966796875,,,,,,C,
Raw,1697799149000,144306000000,,,-1381834222694077682,0.0,8.32375509013138,,,0,22,0.0,65583,471152916254350,20,25.060718536376953,-1486.4347680836772,0.8246225725793752,20,-262256.32557678735,340282346638528860000000000000000000000,1561097980,,,,0,,5,61.759490966796875,,,,,,C,
Raw,1697799149000,144306000000,,,-1381834222694077682,0.0,8.32375509013138,,,0,29,0.0,16392,471152911058040,1000000000,7.0,-397.1935059887235,299792458,18,-8.57909325474926,340282346638528860000000000000000000000,1561097980,,,,0,,5,61.759490966796875,,,,,,C,
Raw,1697799149000,144306000000,,,-1381834222694077682,0.0,8.32375509013138,,,0,35,0.0,65583,471152917575566,24,22.719890594482422,-596.7819732617577,0.9301244839092453,20,458330.9929076829,340282346638528860000000000000000000000,1561097980,,,,1,,5,61.759490966796875,,,,,,C,
Raw,1697799149000,144306000000,,,-1381834222694077682,0.0,8.32375509013138,,,0,36,0.0,65583,471152913222107,61,11.529987335205078,-1646.1870126061767,1.4325389014920376,20,-284732.1440057643,340282346638528860000000000000000000000,1561097980,,,,1,,5,61.759490966796875,,,,,,C,
Raw,1697799149000,144306000000,,,-1381834222694077682,0.0,8.32375509013138,,,0,37,0.0,65583,471152920040067,24,23.08828353881836,-823.4234244822292,0.9140016846569128,20,-141255.7782684731,340282346638528860000000000000000000000,1561097980,,,,0,,5,61.759490966796875,,,,,,C,
Raw,1697799149000,144306000000,,,-1381834222694077682,0.0,8.32375509013138,,,0,3,0.0,83976,471166916427908,1000000000,23.16428565979004,-1320.9299502194317,299792458,20,-133343.1000389733,340282346638528860000000000000000000000,1575420030,,,,1,,6,52.88554382324219,,,,,,C,
Raw,1697799149000,144306000000,,,-1381834222694077682,0.0,8.32375509013138,,,0,5,0.0,85034,471166922221081,18,34.95869827270508,-916.5506648527698,0.003246839391067624,17,-12633.434366770623,0.001623419695533812,1575420030,,,,0,,6,52.88554382324219,,,,,,C,
Raw,1697799149000,144306000000,,,-1381834222694077682,0.0,8.32375509013138,,,0,9,0.0,83976,471166912520612,1000000000,26.706295013427734,-566.1929003676223,299792458,20,-29806.301213467483,340282346638528860000000000000000000000,1575420030,,,,1,,6,52.88554382324219,,,,,,C,
Raw,1697799149000,144306000000,,,-1381834222694077682,0.0,8.32375509013138,,,0,13,0.0,16392,471166903997583,1000000000,7.0,-1521.6052729485218,299792458,18,-10.394848158746079,340282346638528860000000000000000000000,1575420030,,,,0,,6,52.88554382324219,,,,,,C,
Raw,1697799149000,144306000000,,,-1381834222694077682,0.0,8.32375509013138,,,0,15,0.0,83976,471166916227071,1000000000,23.219554901123047,-1158.015808040398,299792458,20,-127431.55735073143,340282346638528860000000000000000000000,1575420030,,,,1,,6,52.88554382324219,,,,,,C,
Raw,1697799149000,144306000000,,,-1381834222694077682,0.0,8.32375509013138,,,0,24,0.0,85034,471166909800925,18,34.88861083984375,-1450.7378300679811,0.0032731445971876383,17,-28691.85782509627,0.0016365722985938191,1575420030,,,,0,,6,52.88554382324219,,,,,,C,
Raw,1697799149000,144306000000,,,-1381834222694077682,0.0,8.32375509013138,,,0,31,0.0,83976,471166910130183,1000000000,29.046735763549805,-1080.4320036399595,299792458,20,-84993.92351974997,340282346638528860000000000000000000000,1575420030,,,,0,,6,52.88554382324219,,,,,,C,
Raw,1697799149000,144306000000,,,-1381834222694077682,0.0,8.32375509013138,,,0,3,0.0,16426,471166916427923,1000000000,19.536487579345703,-1323.9720139588317,299792458,20,25282.59703846622,340282346638528860000000000000000000000,1176450050,,,,1,,6,9.451472282409668,,,,,,Q,
Raw,1697799149000,144306000000,,,-1381834222694077682,0.0,8.32375509013138,,,0,5,0.0,84011,471166922221051,9,34.412391662597656,-916.6084669359734,0.004630192182958126,17,-12741.659164294251,0.002315096091479063,1176450050,,,,0,,6,9.451472282409668,,,,,,Q,
Raw,1697799149000,144306000000,,,-1381834222694077682,0.0,8.32375509013138,,,0,9,0.0,84011,471166912520600,88,18.84235382080078,-568.7074699274187,1.103583751449896,20,-22007.709873165386,340282346638528860000000000000000000000,1176450050,,,,0,,6,9.451472282409668,,,,,,Q,
Raw,1697799149000,144306000000,,,-1381834222694077682,0.0,8.32375509013138,,,0,15,0.0,84011,471166916227030,52,21.205951690673828,-1158.0413758918148,0.019968466833233833,17,-131147.22096123127,0.009984233416616917,1176450050,,,,0,,6,9.451472282409668,,,,,,Q,
Raw,1697799149000,144306000000,,,-1381834222694077682,0.0,8.32375509013138,,,0,24,0.0,84011,471166909800873,9,36.5678596496582,-1450.4939196119958,0.003612647531554103,17,-175078.06456598017,0.0018063237657770514,1176450050,,,,0,,6,9.451472282409668,,,,,,Q,
Raw,1697799149000,144306000000,,,-1381834222694077682,0.0,8.32375509013138,,,0,31,0.0,84011,471166910130081,17,28.397863388061523,-1080.1850965732592,0.00872467365115881,17,-156039.7018472492,0.004362336825579405,1176450050,,,,0,,6,9.451472282409668,,,,,,Q,
Raw,1697799150000,145306000000,,,-1381834222694080975,0.0,8.46518905824201,,,0,3,0.0,16392,471167914603369,1000000000,7.0,-329.90393267397803,299792458,18,-9.181853491061116,340282346638528860000000000000000000000,1575420030,,,,0,,1,52.795997619628906,,,,,,C,
Raw,1697799150000,145306000000,,,-1381834222694080975,0.0,8.46518905824201,,,0,4,0.0,47,471167923345061,32,28.047286987304688,-444.72104853784776,0.6879978533584539,20,-64229.29684643588,340282346638528860000000000000000000000,1575420030,,,,0,,1,52.795997619628906,,,,,,C,
Raw,1697799150000,145306000000,,,-1381834222694080975,0.0,8.46518905824201,,,0,5,0.0,16392,471167916162328,1000000000,14.598569869995117,-1663.0722795465335,299792458,18,-1414.4047567577147,340282346638528860000000000000000000000,1575420030,,,,0,,1,52.795997619628906,,,,,,C,
Raw,1697799150000,145306000000,,,-1381834222694080975,0.0,8.46518905824201,,,0,6,0.0,47,471167928543509,30,28.870141983032227,-566.0490673278546,0.006170386914163828,17,-82549.02705874668,0.003085193457081914,1575420030,,,,1,,1,52.795997619628906,,,,,,C,
Raw,1697799150000,145306000000,,,-1381834222694080975,0.0,8.46518905824201,,,0,7,0.0,47,471167929483602,19,34.60689163208008,-1244.222010537167,0.003381046699360013,17,-180594.4697313925,0.0016905233496800065,1575420030,,,,0,,1,52.795997619628906,,,,,,C,
Raw,1697799150000,145306000000,,,-1381834222694080975,0.0,8.46518905824201,,,0,9,0.0,47,471167930509395,16,36.062538146972656,-675.3113593645248,0.0028593596071004868,17,-98029.07214355766,0.0014296798035502434,1575420030,,,,0,,1,52.795997619628906,,,,,,C,
Raw,1697799150000,145306000000,,,-1381834222694080975,0.0,8.46518905824201,,,0,11,0.0,47,471167928000164,36,26.486352920532227,-1057.7690244850237,0.00811898522078991,17,-153956.940717831,0.09920632900957739,1575420030,,,,1,,1,52.795997619628906,,,,,,C,
Raw,1697799150000,145306000000,,,-1381834222694080975,0.0,8.46518905824201,,,0,16,0.0,47,471167918840005,36,26.559497833251953,-969.5470489500394,0.7576892211121304,20,-140404.47866866775,340282346638528860000000000000000000000,1575420030,,,,1,,1,52.795997619628906,,,,,,C,
Raw,1697799150000,145306000000,,,-1381834222694080975,0.0,8.46518905824201,,,0,20,0.0,47,471167926062017,35,26.993011474609375,-1528.2793319072516,0.007658943068236113,17,-221183.72596016427,0.09897630793330049,1575420030,,,,1,,1,52.795997619628906,,,,,,C,
Raw,1697799150000,145306000000,,,-1381834222694080975,0.0,8.46518905824201,,,0,26,0.0,16392,471167915140689,1000000000,7.0,-611.1670193565142,299792458,18,-539.6997302957127,340282346638528860000000000000000000000,1575420030,,,,0,,1,52.795997619628906,,,,,,C,
Raw,1697799150000,145306000000,,,-1381834222694080975,0.0,8.46518905824201,,,0,29,0.0,16392,471167914136184,1000000000,15.636348724365234,-1097.7613649888085,299792458,18,-29.627874496957386,340282346638528860000000000000000000000,1575420030,,,,0,,1,52.795997619628906,,,,,,C,
Raw,1697799150000,145306000000,,,-1381834222694080975,0.0,8.46518905824201,,,0,30,0.0,47,471167924728889,21,33.33247756958008,-1573.1092330047977,0.003915362060070038,17,-227834.77204512875,0.001957681030035019,1575420030,,,,0,,1,52.795997619628906,,,,,,C,
Raw,1697799150000,145306000000,,,-1381834222694080975,0.0,8.46518905824201,,,0,6,0.0,81929,471167928543474,12,28.53948211669922,-565.983563810616,0.00858357548713684,17,-151681.61288045894,0.00429178774356842,1176450050,,,,0,,1,9.451472282409668,,,,,,Q,
Raw,1697799150000,145306000000,,,-1381834222694080975,0.0,8.46518905824201,,,0,9,0.0,81929,471167930509365,14,32.090152740478516,-675.2997196282377,0.005703410599380731,17,-168187.879170653,0.002851705299690366,1176450050,,,,1,,1,9.451472282409668,,,,,,Q,
Raw,1697799150000,145306000000,,,-1381834222694080975,0.0,8.46518905824201,,,0,30,0.0,81929,471167924728834,9,35.31242370605469,-1573.052968747099,0.004174432251602411,17,-415398.55470654834,0.0020872161258012056,1176450050,,,,0,,1,9.451472282409668,,,,,,Q,
Raw,1697799150000,145306000000,,,-1381834222694080975,0.0,8.46518905824201,,,0,10,0.0,227,49949926615988,37,34.817832946777344,-1737.926013296208,0.0032531688921153545,17,-256795.52744303268,0.0016265844460576773,1598062460,,,,0,,3,63.903690338134766,,,,,,C,
Raw,1697799150000,145306000000,,,-1381834222694080975,0.0,8.46518905824201,,,0,96,0.0,16392,49949922835280,1000000000,29.02245330810547,-417.9944041116164,299792458,18,-1517.2534443904954,340282346638528860000000000000000000000,1599750020,,,,0,,3,63.903690338134766,,,,,,C,
Raw,1697799150000,145306000000,,,-1381834222694080975,0.0,8.46518905824201,,,0,22,0.0,227,49949924313534,62,28.398380279541016,-199.88730518263404,0.0064134541898965836,17,-29494.495418510603,0.0032067270949482918,1600312450,,,,0,,3,63.903690338134766,,,,,,C,
Raw,1697799150000,145306000000,,,-1381834222694080975,0.0,8.46518905824201,,,0,9,0.0,227,49949931234747,33,38.57353973388672,-1218.2752028244722,0.0021074521355330944,17,-181080.23295900424,0.0010537260677665472,1600875010,,,,0,,3,63.903690338134766,,,,,,C,
Raw,1697799150000,145306000000,,,-1381834222694080975,0.0,8.46518905824201,,,0,16,0.0,227,49949924961345,100,22.605098724365234,-491.2702882549413,0.9330176318104062,20,-72834.25324496705,340282346638528860000000000000000000000,1601437440,,,,0,,3,63.903690338134766,,,,,,C,
Raw,1697799150000,145306000000,,,-1381834222694080975,0.0,8.46518905824201,,,0,101,0.0,16392,49949918796715,1000000000,7.0,-1589.6389003716167,299792458,18,-57.02254802417384,340282346638528860000000000000000000000,1602562560,,,,0,,3,63.903690338134766,,,,,,C,
Raw,1697799150000,145306000000,,,-1381834222694080975,0.0,8.46518905824201,,,0,24,0.0,227,49949924465569,43,33.052337646484375,-1413.5865523018874,0.003973816521465778,17,-209275.95335967853,0.001986908260732889,1603124990,,,,0,,3,63.903690338134766,,,,,,C,
Raw,1697799150000,145306000000,,,-1381834222694080975,0.0,8.46518905824201,,,0,23,0.0,227,49949930017429,96,23.058534622192383,-708.1611917361715,0.9135366455138105,20,-102667.26730960286,340282346638528860000000000000000000000,1603687550,,,,0,,3,63.903690338134766,,,,,,C,
Raw,1697799150000,145306000000,,,-1381834222694080975,0.0,8.46518905824201,,,0,7,0.0,227,49949933473237,54,30.218482971191406,-777.3906362288258,0.5921834808914053,20,-112638.22393002905,340282346638528860000000000000000000000,1604812540,,,,0,,3,63.903690338134766,,,,,,C,
Raw,1697799150000,145306000000,,,-1381834222694080975,0.0,8.46518905824201,,,0,8,0.0,227,49949932062026,72,26.635059356689453,-1303.6257318008575,0.007832245901226997,17,-187419.8545345336,0.003916122950613499,1605374980,,,,0,,3,63.903690338134766,,,,,,C,
Raw,1697799150000,145306000000,,,-1381834222694080975,0.0,8.46518905824201,,,0,5,0.0,809,471153867796781,30,28.69860076904297,-974.277012266275,0.6584305235173411,20,-139098.27842360298,340282346638528860000000000000000000000,1561097980,,,,1,,5,62.037113189697266,,,,,,C,
Raw,1697799150000,145306000000,,,-1381834222694080975,0.0,8.46518905824201,,,0,9,0.0,16392,471153867402885,1000000000,18.836990356445312,-816.9992222522446,299792458,20,433630.8604323731,340282346638528860000000000000000000000,1561097980,,,,1,,5,62.037113189697266,,,,,,C,
Raw,1697799150000,145306000000,,,-1381834222694080975,0.0,8.46518905824201,,,0,19,0.0,65583,471153926278418,16,27.425573348999023,-1134.034403048281,0.007353718858212233,17,-201653.97257365618,0.09969660258424436,1561097980,,,,0,,5,62.037113189697266,,,,,,C,
Raw,1697799150000,145306000000,,,-1381834222694080975,0.0,8.46518905824201,,,0,20,0.0,65583,471153924232954,9,35.09519958496094,-665.6942464140106,0.37122092419721486,20,-96989.6803584042,340282346638528860000000000000000000000,1561097980,,,,1,,5,62.037113189697266,,,,,,C,
Raw,1697799150000,145306000000,,,-1381834222694080975,0.0,8.46518905824201,,,0,22,0.0,65583,471153916259308,17,27.012298583984375,-1486.7699868201744,0.007712065242230892,17,-263743.0955636075,0.09987577577625369,1561097980,,,,0,,5,62.037113189697266,,,,,,C,
Raw,1697799150000,145306000000,,,-1381834222694080975,0.0,8.46518905824201,,,0,29,0.0,16392,471153911059368,1000000000,7.0,-397.56820851573525,299792458,18,-8.592528286211792,340282346638528860000000000000000000000,1561097980,,,,0,,5,62.037113189697266,,,,,,C,
Raw,1697799150000,145306000000,,,-1381834222694080975,0.0,8.46518905824201,,,0,35,0.0,65583,471153917577574,27,21.279701232910156,-597.4897295539104,0.9948886734072473,20,457734.05160541856,340282346638528860000000000000000000000,1561097980,,,,1,,5,62.037113189697266,,,,,,C,
Raw,1697799150000,145306000000,,,-1381834222694080975,0.0,8.46518905824201,,,0,36,0.0,65583,471153913227847,34,18.644180297851562,-1645.3173646455407,1.11262259199472,20,-286380.75961411523,340282346638528860000000000000000000000,1561097980,,,,1,,5,62.037113189697266,,,,,,C,
Raw,1697799150000,145306000000,,,-1381834222694080975,0.0,8.46518905824201,,,0,37,0.0,65583,471153920043049,25,22.585582733154297,-822.6869707616843,0.9366080721570289,20,-142078.877622324,340282346638528860000000000000000000000,1561097980,,,,1,,5,62.037113189697266,,,,,,C,
Raw,1697799150000,145306000000,,,-1381834222694080975,0.0,8.46518905824201,,,0,3,0.0,83976,471167916432371,1000000000,24.30575180053711,-1322.097478850077,299792458,20,-134667.26092364485,340282346638528860000000000000000000000,1575420030,,,,1,,6,52.795997619628906,,,,,,C,
Raw,1697799150000,145306000000,,,-1381834222694080975,0.0,8.46518905824201,,,0,5,0.0,85034,471167922224134,17,35.58964920043945,-916.3257832873824,0.0030193482525646687,17,-13549.760150058006,0.0015096741262823343,1575420030,,,,0,,6,52.795997619628906,,,,,,C,
Raw,1697799150000,145306000000,,,-1381834222694080975,0.0,8.46518905824201,,,0,9,0.0,83976,471167912522521,1000000000,28.814218521118164,-566.4466783388912,299792458,20,-30372.27278459655,340282346638528860000000000000000000000,1575420030,,,,0,,6,52.795997619628906,,,,,,C,
Raw,1697799150000,145306000000,,,-1381834222694080975,0.0,8.46518905824201,,,0,13,0.0,16392,471167904002657,1000000000,7.0,-1521.4195917253855,299792458,18,-10.429806947738317,340282346638528860000000000000000000000,1575420030,,,,0,,6,52.795997619628906,,,,,,C,
Raw,1697799150000,145306000000,,,-1381834222694080975,0.0,8.46518905824201,,,0,15,0.0,83976,471167916230836,1000000000,19.845239639282227,-1158.0460732617903,299792458,20,-128588.9649013192,340282346638528860000000000000000000000,1575420030,,,,1,,6,52.795997619628906,,,,,,C,
Raw,1697799150000,145306000000,,,-1381834222694080975,0.0,8.46518905824201,,,0,24,0.0,85034,471167909805742,19,34.02765655517578,-1450.9246656220394,0.418790514379459,20,-30142.32921773025,340282346638528860000000000000000000000,1575420030,,,,0,,6,52.795997619628906,,,,,,C,
Raw,1697799150000,145306000000,,,-1381834222694080975,0.0,8.46518905824201,,,0,31,0.0,83976,471167910133717,1000000000,26.872541427612305,-1080.2666355609108,299792458,20,-86073.49886623508,340282346638528860000000000000000000000,1575420030,,,,0,,6,52.795997619628906,,,,,,C,
Raw,1697799150000,145306000000,,,-1381834222694080975,0.0,8.46518905824201,,,0,3,0.0,16392,471167916432332,1000000000,15.235904693603516,-1323.4977224938602,299792458,20,23958.73503074987,340282346638528860000000000000000000000,1176450050,,,,1,,6,9.451472282409668,,,,,,Q,
Raw,1697799150000,145306000000,,,-1381834222694080975,0.0,8.46518905824201,,,0,5,0.0,84011,471167922224101,11,35.254573822021484,-916.344270541762,0.004202327225357294,17,-13658.003434836013,0.002101163612678647,1176450050,,,,0,,6,9.451472282409668,,,,,,Q,
Raw,1697799150000,145306000000,,,-1381834222694080975,0.0,8.46518905824201,,,0,9,0.0,84011,471167912522467,60,21.913583755493164,-566.0297019832142,0.018406158313155174,17,-22573.7395751486,0.009203079156577587,1176450050,,,,1,,6,9.451472282409668,,,,,,Q,
Raw,1697799150000,145306000000,,,-1381834222694080975,0.0,8.46518905824201,,,0,15,0.0,84011,471167916230881,79,19.75320816040039,-1158.2038068705779,1.0632909654371656,20,-132304.88011059232,340282346638528860000000000000000000000,1176450050,,,,0,,6,9.451472282409668,,,,,,Q,
Raw,1697799150000,145306000000,,,-1381834222694080975,0.0,8.46518905824201,,,0,24,0.0,84011,471167909805709,8,36.595394134521484,-1450.1988994787098,0.0036012132186442614,17,-176528.26346545888,0.0018006066093221307,1176450050,,,,0,,6,9.451472282409668,,,,,,Q,
Raw,1697799150000,145306000000,,,-1381834222694080975,0.0,8.46518905824201,,,0,31,0.0,84011,471167910133694,15,26.7021427154541,-1079.9349514539936,0.010605599731206894,17,-157119.6367987032,0.005302799865603447,1176450050,,,,0,,6,9.451472282409668,,,,,,Q,
Raw,1697799151000,146306000000,,,-1381834222694084266,0.0,8.524604335609258,,,0,3,0.0,16392,471168914604467,1000000000,18.796772003173828,-329.53263839261854,299792458,18,-9.163774569592384,340282346638528860000000000000000000000,1575420030,,,,0,,1,52.929969787597656,,,,,,C,
Raw,1697799151000,146306000000,,,-1381834222694084266,0.0,8.524604335609258,,,0,4,0.0,47,471168923346492,35,26.781679153442383,-444.5389491520254,0.007847576402127743,17,-64673.835795587904,0.09907062460024631,1575420030,,,,1,,1,52.929969787597656,,,,,,C,
Raw,1697799151000,146306000000,,,-1381834222694084266,0.0,8.524604335609258,,,0,5,0.0,16392,471168916167871,1000000000,20.09471893310547,-1662.700917100261,299792458,18,-1414.3338042674613,340282346638528860000000000000000000000,1575420030,,,,0,,1,52.929969787597656,,,,,,C,
Raw,1697799151000,146306000000,,,-1381834222694084266,0.0,8.524604335609258,,,0,6,0.0,47,471168928545364,18,34.86244201660156,-565.4157598249294,0.003283020807430148,17,-83114.44281857161,0.001641510403715074,1575420030,,,,0,,1,52.929969787597656,,,,,,C,
Raw,1697799151000,146306000000,,,-1381834222694084266,0.0,8.524604335609258,,,0,7,0.0,47,471168929487741,15,37.31693649291992,-1243.7519224787827,0.002474849810823798,17,-181838.2216538713,0.001237424905411899,1575420030,,,,0,,1,52.929969787597656,,,,,,C,
Raw,1697799151000,146306000000,,,-1381834222694084266,0.0,8.524604335609258,,,0,9,0.0,47,471168930511654,18,35.042572021484375,-674.986907731378,0.0032156379893422122,17,-98704.05905128903,0.0016078189946711063,1575420030,,,,0,,1,52.929969787597656,,,,,,C,
Raw,1697799151000,146306000000,,,-1381834222694084266,0.0,8.524604335609258,,,0,11,0.0,47,471168928003665,43,24.311824798583984,-1056.1312803041087,0.8568153166495107,20,-155014.08032547764,340282346638528860000000000000000000000,1575420030,,,,1,,1,52.929969787597656,,,,,,C,
Raw,1697799151000,146306000000,,,-1381834222694084266,0.0,8.524604335609258,,,0,16,0.0,47,471168918843218,38,25.96737289428711,-969.525238236849,0.00861887913197279,17,-141374.0039069046,0.004309439565986395,1575420030,,,,1,,1,52.929969787597656,,,,,,C,
Raw,1697799151000,146306000000,,,-1381834222694084266,0.0,8.524604335609258,,,0,20,0.0,47,471168926067164,35,26.814523696899414,-1528.046993561159,0.7439234367437035,20,-222711.90499769844,340282346638528860000000000000000000000,1575420030,,,,1,,1,52.929969787597656,,,,,,C,
Raw,1697799151000,146306000000,,,-1381834222694084266,0.0,8.524604335609258,,,0,26,0.0,16392,471168915142723,1000000000,18.46601104736328,-610.7956569102416,299792458,18,-539.6702816695188,340282346638528860000000000000000000000,1575420030,,,,0,,1,52.929969787597656,,,,,,C,
Raw,1697799151000,146306000000,,,-1381834222694084266,0.0,8.524604335609258,,,0,29,0.0,16392,471168914139845,1000000000,7.0,-1097.5756837656722,299792458,18,-29.582361338034275,340282346638528860000000000000000000000,1575420030,,,,0,,1,52.929969787597656,,,,,,C,
Raw,1697799151000,146306000000,,,-1381834222694084266,0.0,8.524604335609258,,,0,30,0.0,47,471168924734106,16,36.58911895751953,-1572.6400317045627,0.002691161585971713,17,-229407.4120768333,0.0013455807929858565,1575420030,,,,0,,1,52.929969787597656,,,,,,C,
Raw,1697799151000,146306000000,,,-1381834222694084266,0.0,8.524604335609258,,,0,6,0.0,81929,471168928545360,17,29.028030395507812,-565.6021586770948,0.008114109747111797,17,-152247.21503913603,0.004057054873555899,1176450050,,,,1,,1,9.451472282409668,,,,,,Q,
Raw,1697799151000,146306000000,,,-1381834222694084266,0.0,8.524604335609258,,,0,9,0.0,81929,471168930511625,17,29.094188690185547,-674.9775159727432,0.008052540943026543,17,-168862.85668662575,0.004026270471513271,1176450050,,,,1,,1,9.451472282409668,,,,,,Q,
Raw,1697799151000,146306000000,,,-1381834222694084266,0.0,8.524604335609258,,,0,30,0.0,81929,471168924734077,9,33.720367431640625,-1572.6382354072996,0.0050141834653913975,17,-416971.19294195564,0.0025070917326956987,1176450050,,,,0,,1,9.451472282409668,,,,,,Q,
Raw,1697799151000,146306000000,,,-1381834222694084266,0.0,8.524604335609258,,,0,10,0.0,227,49950926621846,36,35.13603973388672,-1737.7327418979257,0.0031361463479697704,17,-258533.2601849306,0.0015680731739848852,1598062460,,,,0,,3,61.556697845458984,,,,,,C,
Raw,1697799151000,146306000000,,,-1381834222694084266,0.0,8.524604335609258,,,0,96,0.0,16392,49950922836678,1000000000,22.8746337890625,-417.72044932608605,299792458,18,-1517.2463698293527,340282346638528860000000000000000000000,1599750020,,,,0,,3,61.556697845458984,,,,,,C,
Raw,1697799151000,146306000000,,,-1381834222694084266,0.0,8.524604335609258,,,0,22,0.0,227,49950924314137,53,30.3427791595459,-199.12453687484572,0.5849464839660334,20,-29694.186038349275,340282346638528860000000000000000000000,1600312450,,,,0,,3,61.556697845458984,,,,,,C,
Raw,1697799151000,146306000000,,,-1381834222694084266,0.0,8.524604335609258,,,0,9,0.0,227,49950931238841,33,37.98820495605469,-1217.9021663717576,0.0022543657105416064,17,-182298.135125376,0.001127182855270803,1600875010,,,,0,,3,61.556697845458984,,,,,,C,
Raw,1697799151000,146306000000,,,-1381834222694084266,0.0,8.524604335609258,,,0,16,0.0,227,49950924962753,103,22.159149169921875,-490.38806386784836,0.9530716294072916,20,-73325.82268517987,340282346638528860000000000000000000000,1601437440,,,,0,,3,61.556697845458984,,,,,,C,
Raw,1697799151000,146306000000,,,-1381834222694084266,0.0,8.524604335609258,,,0,101,0.0,16392,49950918802012,1000000000,7.0,-1589.2742180868227,299792458,18,-56.99110968066002,340282346638528860000000000000000000000,1602562560,,,,0,,3,61.556697845458984,,,,,,C,
Raw,1697799151000,146306000000,,,-1381834222694084266,0.0,8.524604335609258,,,0,24,0.0,227,49950924470279,57,29.589385986328125,-1414.0687151172287,0.6188538019280792,20,-210689.212340109,340282346638528860000000000000000000000,1603124990,,,,1,,3,61.556697845458984,,,,,,C,
Raw,1697799151000,146306000000,,,-1381834222694084266,0.0,8.524604335609258,,,0,23,0.0,227,49950930019750,105,21.951581954956055,-707.0256324497445,0.963315404611333,20,-103375.1813577885,340282346638528860000000000000000000000,1603687550,,,,0,,3,61.556697845458984,,,,,,C,
Raw,1697799151000,146306000000,,,-1381834222694084266,0.0,8.524604335609258,,,0,7,0.0,227,49950933476161,68,27.23724365234375,-777.5917227223104,0.7262470233257736,20,-113416.4634931904,340282346638528860000000000000000000000,1604812540,,,,0,,3,61.556697845458984,,,,,,C,
Raw,1697799151000,146306000000,,,-1381834222694084266,0.0,8.524604335609258,,,0,8,0.0,227,49950932066317,76,25.924291610717773,-1302.8856070976472,0.7850353333570457,20,-188723.30103891605,340282346638528860000000000000000000000,1605374980,,,,0,,3,61.556697845458984,,,,,,C,
Raw,1697799151000,146306000000,,,-1381834222694084266,0.0,8.524604335609258,,,0,5,0.0,809,471154867800021,27,30.168298721313477,-974.4266342504102,0.5923404465798443,20,-140072.1052590829,340282346638528860000000000000000000000,1561097980,,,,0,,5,61.906715393066406,,,,,,C,
Raw,1697799151000,146306000000,,,-1381834222694084266,0.0,8.524604335609258,,,0,9,0.0,16392,471154867405580,1000000000,20.4776611328125,-817.0717497197252,299792458,20,432813.9653140015,340282346638528860000000000000000000000,1561097980,,,,1,,5,61.906715393066406,,,,,,C,
Raw,1697799151000,146306000000,,,-1381834222694084266,0.0,8.524604335609258,,,0,19,0.0,65583,471154926282213,17,27.208072662353516,-1133.6166949199105,0.007540184073150158,17,-202787.5892685761,0.09978983519171332,1561097980,,,,1,,5,61.906715393066406,,,,,,C,
Raw,1697799151000,146306000000,,,-1381834222694084266,0.0,8.524604335609258,,,0,20,0.0,65583,471154924235164,7,37.01187515258789,-665.6809742517944,0.0025868311058729887,17,-97655.361332656,0.09731315870807473,1561097980,,,,0,,5,61.906715393066406,,,,,,C,
Raw,1697799151000,146306000000,,,-1381834222694084266,0.0,8.524604335609258,,,0,22,0.0,65583,471154916264285,19,25.97614860534668,-1487.106737796481,0.7834584206371846,20,-265229.8255470949,340282346638528860000000000000000000000,1561097980,,,,0,,5,61.906715393066406,,,,,,C,
Raw,1697799151000,146306000000,,,-1381834222694084266,0.0,8.524604335609258,,,0,29,0.0,16392,471154911060692,1000000000,7.0,-397.1935059887235,299792458,18,-8.572881039984466,340282346638528860000000000000000000000,1561097980,,,,0,,5,61.906715393066406,,,,,,C,
Raw,1697799151000,146306000000,,,-1381834222694084266,0.0,8.524604335609258,,,0,35,0.0,65583,471154917579583,30,20.028636932373047,-596.5645271891422,1.0511478920895523,20,457136.3774483222,340282346638528860000000000000000000000,1561097980,,,,1,,5,61.906715393066406,,,,,,C,
Raw,1697799151000,146306000000,,,-1381834222694084266,0.0,8.524604335609258,,,0,36,0.0,65583,471154913233260,44,15.330799102783203,-1645.5968407890277,1.261622704432912,20,-288027.65417956834,340282346638528860000000000000000000000,1561097980,,,,1,,5,61.906715393066406,,,,,,C,
Raw,1697799151000,146306000000,,,-1381834222694084266,0.0,8.524604335609258,,,0,37,0.0,65583,471154920045673,24,22.959320068359375,-822.404222702371,0.9198019595917928,20,-142900.24095368566,340282346638528860000000000000000000000,1561097980,,,,1,,5,61.906715393066406,,,,,,C,
Raw,1697799151000,146306000000,,,-1381834222694084266,0.0,8.524604335609258,,,0,3,0.0,83976,471168916436817,1000000000,20.980167388916016,-1322.1893651528626,299792458,20,-135989.76737309012,340282346638528860000000000000000000000,1575420030,,,,1,,6,52.929969787597656,,,,,,C,
Raw,1697799151000,146306000000,,,-1381834222694084266,0.0,8.524604335609258,,,0,5,0.0,85034,471168922227202,17,35.900909423828125,-915.8859668282093,0.0029130654875189066,17,-14465.646116886215,0.0014565327437594533,1575420030,,,,0,,6,52.929969787597656,,,,,,C,
Raw,1697799151000,146306000000,,,-1381834222694084266,0.0,8.524604335609258,,,0,9,0.0,83976,471168912524386,1000000000,28.338165283203125,-565.6620661072795,299792458,20,-30938.08494987946,340282346638528860000000000000000000000,1575420030,,,,0,,6,52.929969787597656,,,,,,C,
Raw,1697799151000,146306000000,,,-1381834222694084266,0.0,8.524604335609258,,,0,13,0.0,16392,471168904007728,1000000000,16.12096405029297,-1521.2339105022493,299792458,18,-10.369586967625931,340282346638528860000000000000000000000,1575420030,,,,0,,6,52.929969787597656,,,,,,C,
Raw,1697799151000,146306000000,,,-1381834222694084266,0.0,8.524604335609258,,,0,15,0.0,83976,471168916234533,1000000000,22.056936264038086,-1159.0426442905173,299792458,20,-129746.08826764172,340282346638528860000000000000000000000,1575420030,,,,1,,6,52.929969787597656,,,,,,C,
Raw,1697799151000,146306000000,,,-1381834222694084266,0.0,8.524604335609258,,,0,24,0.0,85034,471168909810604,21,33.22787094116211,-1450.2795528849756,0.45475689200002734,20,-31592.541882246147,340282346638528860000000000000000000000,1575420030,,,,0,,6,52.929969787597656,,,,,,C,
Raw,1697799151000,146306000000,,,-1381834222694084266,0.0,8.524604335609258,,,0,31,0.0,83976,471168910137336,1000000000,28.90850067138672,-1079.5922119112374,299792458,20,-87154.04809955122,340282346638528860000000000000000000000,1575420030,,,,0,,6,52.929969787597656,,,,,,C,
Raw,1697799151000,146306000000,,,-1381834222694084266,0.0,8.524604335609258,,,0,3,0.0,16392,471168916436758,1000000000,19.20160675048828,-1323.1158626509787,299792458,20,22634.547888487345,340282346638528860000000000000000000000,1176450050,,,,1,,6,9.451472282409668,,,,,,Q,
Raw,1697799151000,146306000000,,,-1381834222694084266,0.0,8.524604335609258,,,0,5,0.0,84011,471168922227164,9,36.398468017578125,-915.8618554560453,0.0036837926600128412,17,-14573.865290292058,0.0018418963300064206,1176450050,,,,0,,6,9.451472282409668,,,,,,Q,
Raw,1697799151000,146306000000,,,-1381834222694084266,0.0,8.524604335609258,,,0,9,0.0,84011,471168912524355,40,22.73715591430664,-565.9328162433594,0.01674112305045128,17,-23139.67239139196,0.00837056152522564,1176450050,,,,1,,6,9.451472282409668,,,,,,Q,
Raw,1697799151000,146306000000,,,-1381834222694084266,0.0,8.524604335609258,,,0,15,0.0,84011,471168916234739,109,18.175880432128906,-1158.7783007577264,1.134222348816051,20,-133462.08695003545,340282346638528860000000000000000000000,1176450050,,,,0,,6,9.451472282409668,,,,,,Q,
Raw,1697799151000,146306000000,,,-1381834222694084266,0.0,8.524604335609258,,,0,24,0.0,84011,471168909810545,10,36.1231689453125,-1450.1563578473867,0.0038024205714464188,17,-177978.41982330626,0.0019012102857232094,1176450050,,,,0,,6,9.451472282409668,,,,,,Q,
Raw,1697799151000,146306000000,,,-1381834222694084266,0.0,8.524604335609258,,,0,31,0.0,84011,471168910137284,29,25.30806541442871,-1079.6285146281298,0.012451998889446259,17,-158199.26531333133,0.006225999444723129,1176450050,,,,0,,6,9.451472282409668,,,,,,Q,
Raw,1697799152000,147306000000,,,-1381834222694087555,0.0,8.819616178742551,,,0,3,0.0,16392,471169914605567,1000000000,7.0,-329.53263839261854,299792458,18,-9.171505540235056,340282346638528860000000000000000000000,1575420030,,,,0,,1,53.003517150878906,,,,,,C,
Raw,1697799152000,147306000000,,,-1381834222694087555,0.0,8.819616178742551,,,0,4,0.0,47,471169923347999,29,29.14987564086914,-444.1400371475247,0.005974831059575081,17,-65117.97583273543,0.09813425192896998,1575420030,,,,0,,1,53.003517150878906,,,,,,C,
Raw,1697799152000,147306000000,,,-1381834222694087555,0.0,8.819616178742551,,,0,5,0.0,16392,471169916173417,1000000000,16.985673904418945,-1662.1440097606783,299792458,18,-1414.3639158742253,340282346638528860000000000000000000000,1575420030,,,,0,,1,53.003517150878906,,,,,,C,
Raw,1697799152000,147306000000,,,-1381834222694087555,0.0,8.819616178742551,,,0,6,0.0,47,471169928547281,15,36.77786636352539,-564.8815826967912,0.0026333127170801163,17,-83679.3244012684,0.0013166563585400581,1575420030,,,,0,,1,53.003517150878906,,,,,,C,
Raw,1697799152000,147306000000,,,-1381834222694087555,0.0,8.819616178742551,,,0,7,0.0,47,471169929491894,18,34.99835968017578,-1243.2099673571647,0.00323204742744565,17,-183081.43162122846,0.001616023713722825,1575420030,,,,0,,1,53.003517150878906,,,,,,C,
Raw,1697799152000,147306000000,,,-1381834222694087555,0.0,8.819616178742551,,,0,9,0.0,47,471169930513866,22,32.51350021362305,-674.4560142029512,0.004302498884499073,17,-99378.51506549199,0.0021512494422495365,1575420030,,,,1,,1,53.003517150878906,,,,,,C,
Raw,1697799152000,147306000000,,,-1381834222694087555,0.0,8.819616178742551,,,0,11,0.0,47,471169928007228,48,22.99576187133789,-1056.0845873386725,0.9159979047862215,20,-156070.6951375975,340282346638528860000000000000000000000,1575420030,,,,1,,1,53.003517150878906,,,,,,C,
Raw,1697799152000,147306000000,,,-1381834222694087555,0.0,8.819616178742551,,,0,16,0.0,47,471169918846567,35,27.001575469970703,-968.6733110946207,0.7378106283452013,20,-142342.90878872402,340282346638528860000000000000000000000,1575420030,,,,1,,1,53.003517150878906,,,,,,C,
Raw,1697799152000,147306000000,,,-1381834222694087555,0.0,8.819616178742551,,,0,20,0.0,47,471169926072420,47,23.14276695251465,-1527.3499391603546,0.9090391591660554,20,-224239.5710252221,340282346638528860000000000000000000000,1575420030,,,,1,,1,53.003517150878906,,,,,,C,
Raw,1697799152000,147306000000,,,-1381834222694087555,0.0,8.819616178742551,,,0,26,0.0,16392,471169915144761,1000000000,7.0,-610.6100438520184,299792458,18,-539.6818319550691,340282346638528860000000000000000000000,1575420030,,,,0,,1,53.003517150878906,,,,,,C,
Raw,1697799152000,147306000000,,,-1381834222694087555,0.0,8.819616178742551,,,0,29,0.0,16392,471169914143505,1000000000,7.0,-1097.0187764260895,299792458,18,-29.600329735665248,340282346638528860000000000000000000000,1575420030,,,,0,,1,53.003517150878906,,,,,,C,
Raw,1697799152000,147306000000,,,-1381834222694087555,0.0,8.819616178742551,,,0,30,0.0,47,471169924739350,14,38.06196594238281,-1572.1787658671674,0.0022714196238666773,17,-230979.59084270048,0.0011357098119333386,1575420030,,,,0,,1,53.003517150878906,,,,,,C,
Raw,1697799152000,147306000000,,,-1381834222694087555,0.0,8.819616178742551,,,0,6,0.0,81929,471169928547257,13,29.6922664642334,-564.4351658373714,0.6149607466452207,20,-152812.22901560468,340282346638528860000000000000000000000,1176450050,,,,0,,1,9.172757148742676,,,,,,Q,
Raw,1697799152000,147306000000,,,-1381834222694087555,0.0,8.819616178742551,,,0,9,0.0,81929,471169930513878,22,26.637374877929688,-674.4671877250366,0.010684976354241371,17,-169537.32387435078,0.005342488177120686,1176450050,,,,1,,1,9.172757148742676,,,,,,Q,
Raw,1697799152000,147306000000,,,-1381834222694087555,0.0,8.819616178742551,,,0,30,0.0,81929,471169924739306,17,32.79012680053711,-1571.9763943959842,0.005261819809675217,17,-418543.1693363516,0.0026309099048376083,1176450050,,,,1,,1,9.172757148742676,,,,,,Q,
Raw,1697799152000,147306000000,,,-1381834222694087555,0.0,8.819616178742551,,,0,10,0.0,227,49951926627640,41,33.43665313720703,-1737.0361180747714,0.44623461368687733,20,-260270.35935279276,340282346638528860000000000000000000000,1598062460,,,,0,,3,63.945350646972656,,,,,,C,
Raw,1697799152000,147306000000,,,-1381834222694087555,0.0,8.819616178742551,,,0,96,0.0,16392,49951922838069,1000000000,20.866418838500977,-417.72044932608605,299792458,18,-1517.2659887927332,340282346638528860000000000000000000000,1599750020,,,,0,,3,63.945350646972656,,,,,,C,
Raw,1697799152000,147306000000,,,-1381834222694087555,0.0,8.819616178742551,,,0,22,0.0,227,49951924314860,58,29.226760864257812,-198.36303254875656,0.635132701493978,20,-29893.289694098654,340282346638528860000000000000000000000,1600312450,,,,0,,3,63.945350646972656,,,,,,C,
Raw,1697799152000,147306000000,,,-1381834222694087555,0.0,8.819616178742551,,,0,9,0.0,227,49951931242874,33,37.08916473388672,-1217.303283264133,0.002500209724530578,17,-183515.43840864013,0.0012501048622652888,1600875010,,,,0,,3,63.945350646972656,,,,,,C,
Raw,1697799152000,147306000000,,,-1381834222694087555,0.0,8.819616178742551,,,0,16,0.0,227,49951924964628,82,25.02880096435547,-490.81000467960075,0.8240271280996945,20,-73817.27573638472,340282346638528860000000000000000000000,1601437440,,,,0,,3,63.945350646972656,,,,,,C,
Raw,1697799152000,147306000000,,,-1381834222694087555,0.0,8.819616178742551,,,0,101,0.0,16392,49951918807315,1000000000,10.810216903686523,-1588.7271264947185,299792458,18,-56.956406505678785,340282346638528860000000000000000000000,1602562560,,,,0,,3,63.945350646972656,,,,,,C,
Raw,1697799152000,147306000000,,,-1381834222694087555,0.0,8.819616178742551,,,0,24,0.0,227,49951924474908,55,29.865211486816406,-1412.677878231446,0.606451116118671,20,-212102.06674839064,340282346638528860000000000000000000000,1603124990,,,,0,,3,63.945350646972656,,,,,,C,
Raw,1697799152000,147306000000,,,-1381834222694087555,0.0,8.819616178742551,,,0,23,0.0,227,49951930022247,111,21.23787498474121,-706.8501759635651,0.9954105610227528,20,-104080.91082414205,340282346638528860000000000000000000000,1603687550,,,,0,,3,63.945350646972656,,,,,,C,
Raw,1697799152000,147306000000,,,-1381834222694087555,0.0,8.819616178742551,,,0,7,0.0,227,49951933478559,74,26.283174514770508,-777.7054217972704,0.7691507784638834,20,-114193.6279790382,340282346638528860000000000000000000000,1604812540,,,,0,,3,63.945350646972656,,,,,,C,
Raw,1697799152000,147306000000,,,-1381834222694087555,0.0,8.819616178742551,,,0,8,0.0,227,49951932070792,63,28.299781799316406,-1303.0535786235414,0.006466215942054987,17,-190026.3546175396,0.0032331079710274935,1605374980,,,,0,,3,63.945350646972656,,,,,,C,
Raw,1697799152000,147306000000,,,-1381834222694087555,0.0,8.819616178742551,,,0,5,0.0,809,471155867803264,29,29.25482940673828,-974.4275203942798,0.633418660140451,20,-141044.64700397305,340282346638528860000000000000000000000,1561097980,,,,0,,5,62.037113189697266,,,,,,C,
Raw,1697799152000,147306000000,,,-1381834222694087555,0.0,8.819616178742551,,,0,9,0.0,16393,471155867408331,24,22.905948638916016,-816.8587343664576,0.9199289034288807,20,431997.16400883585,340282346638528860000000000000000000000,1561097980,,,,1,,5,62.037113189697266,,,,,,C,
Raw,1697799152000,147306000000,,,-1381834222694087555,0.0,8.819616178742551,,,0,19,0.0,65583,471155926286018,12,31.26629638671875,-1133.0226468425826,0.0047257510013878345,17,-203920.61191541867,0.09838261865583216,1561097980,,,,0,,5,62.037113189697266,,,,,,C,
Raw,1697799152000,147306000000,,,-1381834222694087555,0.0,8.819616178742551,,,0,20,0.0,65583,471155924237425,8,36.619407653808594,-665.1755150281242,0.0027063970919698477,17,-98320.53684768412,0.09737294170112316,1561097980,,,,0,,5,62.037113189697266,,,,,,C,
Raw,1697799152000,147306000000,,,-1381834222694087555,0.0,8.819616178742551,,,0,22,0.0,65583,471155916269228,23,23.270488739013672,-1485.5772534775633,0.9051297948952124,20,-266715.94314406323,340282346638528860000000000000000000000,1561097980,,,,0,,5,62.037113189697266,,,,,,C,
Raw,1697799152000,147306000000,,,-1381834222694087555,0.0,8.819616178742551,,,0,29,0.0,16392,471155911062016,1000000000,7.0,-396.8188034617117,299792458,18,-8.578088848442608,340282346638528860000000000000000000000,1561097980,,,,0,,5,62.037113189697266,,,,,,C,
Raw,1697799152000,147306000000,,,-1381834222694087555,0.0,8.819616178742551,,,0,35,0.0,65583,471155917581543,25,22.223098754882812,-595.4434188642808,0.952465866996437,20,456539.8132112316,340282346638528860000000000000000000000,1561097980,,,,1,,5,62.037113189697266,,,,,,C,
Raw,1697799152000,147306000000,,,-1381834222694087555,0.0,8.819616178742551,,,0,36,0.0,65583,471155913238610,29,20.643573760986328,-1645.677820705726,1.0227140036297167,20,-289673.5963722801,340282346638528860000000000000000000000,1561097980,,,,1,,5,62.037113189697266,,,,,,C,
Raw,1697799152000,147306000000,,,-1381834222694087555,0.0,8.819616178742551,,,0,37,0.0,65583,471155920048699,27,21.64350128173828,-821.9372930480085,0.9789734309897549,20,-143722.2934369819,340282346638528860000000000000000000000,1561097980,,,,1,,5,62.037113189697266,,,,,,C,
Raw,1697799152000,147306000000,,,-1381834222694087555,0.0,8.819616178742551,,,0,3,0.0,83976,471169916441193,1000000000,24.51343536376953,-1320.666015676119,299792458,20,-137312.8424770526,340282346638528860000000000000000000000,1575420030,,,,1,,6,53.003517150878906,,,,,,C,
Raw,1697799152000,147306000000,,,-1381834222694087555,0.0,8.819616178742551,,,0,5,0.0,85034,471169922230252,21,33.32746124267578,-915.3597859981545,0.0039176237769424915,17,-15381.00590288437,0.0019588118884712458,1575420030,,,,0,,6,53.003517150878906,,,,,,C,
Raw,1697799152000,147306000000,,,-1381834222694087555,0.0,8.819616178742551,,,0,9,0.0,83976,471169912526284,1000000000,28.1268310546875,-565.8288315670457,299792458,20,-31503.979635489264,340282346638528860000000000000000000000,1575420030,,,,0,,6,53.003517150878906,,,,,,C,
Raw,1697799152000,147306000000,,,-1381834222694087555,0.0,8.819616178742551,,,0,13,0.0,16392,471169904012800,1000000000,7.0,-1520.6770031626666,299792458,18,-10.40306885194331,340282346638528860000000000000000000000,1575420030,,,,0,,6,53.003517150878906,,,,,,C,
Raw,1697799152000,147306000000,,,-1381834222694087555,0.0,8.819616178742551,,,0,15,0.0,83976,471169916238460,1000000000,21.559734344482422,-1157.1202574128047,299792458,20,-130902.82004078428,340282346638528860000000000000000000000,1575420030,,,,1,,6,53.003517150878906,,,,,,C,
Raw,1697799152000,147306000000,,,-1381834222694087555,0.0,8.819616178742551,,,0,24,0.0,85034,471169909815420,17,35.36231994628906,-1448.998188849544,0.3587739378510568,20,-33042.092676318134,340282346638528860000000000000000000000,1575420030,,,,0,,6,53.003517150878906,,,,,,C,
Raw,1697799152000,147306000000,,,-1381834222694087555,0.0,8.819616178742551,,,0,31,0.0,83976,471169910140945,1000000000,27.759761810302734,-1079.9055660165081,299792458,20,-88233.07348272338,340282346638528860000000000000000000000,1575420030,,,,0,,6,53.003517150878906,,,,,,C,
Raw,1697799152000,147306000000,,,-1381834222694087555,0.0,8.819616178742551,,,0,3,0.0,84011,471169916441176,152,17.678668975830078,-1324.184688487534,1.1566185167894112,20,21310.213404501323,340282346638528860000000000000000000000,1176450050,,,,1,,6,9.172757148742676,,,,,,Q,
Raw,1697799152000,147306000000,,,-1381834222694087555,0.0,8.819616178742551,,,0,5,0.0,84011,471169922230216,9,36.2335319519043,-915.3738256622946,0.0037544122897088528,17,-15489.239115954353,0.0018772061448544264,1176450050,,,,0,,6,9.172757148742676,,,,,,Q,
Raw,1697799152000,147306000000,,,-1381834222694087555,0.0,8.819616178742551,,,0,9,0.0,84011,471169912526255,43,22.745071411132812,-565.2008533822809,0.016725873574614525,17,-23704.87324477424,0.008362936787307262,1176450050,,,,0,,6,9.172757148742676,,,,,,Q,
Raw,1697799152000,147306000000,,,-1381834222694087555,0.0,8.819616178742551,,,0,15,0.0,84011,471169916238608,71,19.853254318237305,-1156.6463749373115,1.0587934125221126,20,-134618.52302959943,340282346638528860000000000000000000000,1176450050,,,,0,,6,9.172757148742676,,,,,,Q,
Raw,1697799152000,147306000000,,,-1381834222694087555,0.0,8.819616178742551,,,0,24,0.0,84011,471169909815383,8,34.639564514160156,-1449.6485933703661,0.004510663449764252,17,-179428.06841667663,0.002255331724882126,1176450050,,,,0,,6,9.172757148742676,,,,,,Q,
Raw,1697799152000,147306000000,,,-1381834222694087555,0.0,8.819616178742551,,,0,31,0.0,84011,471169910140881,39,23.155025482177734,-1079.0658618071175,0.01595478691160679,17,-159278.33117513845,0.007977393455803394,1176450050,,,,0,,6,9.172757148742676,,,,,,Q,
Raw,1697799153000,148306000000,,,-1381834222694090843,0.0,8.828781766637846,,,0,3,0.0,16392,471170914606660,1000000000,7.0,-328.790015747443,299792458,18,-9.16884276274603,340282346638528860000000000000000000000,1575420030,,,,0,,1,52.795997619628906,,,,,,C,
Raw,1697799153000,148306000000,,,-1381834222694090843,0.0,8.828781766637846,,,0,4,0.0,47,471170923349423,39,25.425533294677734,-443.5322183718756,0.8058959934698362,20,-65561.83289424209,340282346638528860000000000000000000000,1575420030,,,,0,,1,52.795997619628906,,,,,,C,
Raw,1697799153000,148306000000,,,-1381834222694090843,0.0,8.828781766637846,,,0,5,0.0,16392,471170916178956,1000000000,17.465585708618164,-1661.5871024210956,299792458,18,-1414.394001351449,340282346638528860000000000000000000000,1575420030,,,,0,,1,52.795997619628906,,,,,,C,
Raw,1697799153000,148306000000,,,-1381834222694090843,0.0,8.828781766637846,,,0,6,0.0,47,471170928549149,15,37.11747741699219,-564.7278399151983,0.002532339422032237,17,-84244.0522411836,0.0012661697110161185,1575420030,,,,0,,1,52.795997619628906,,,,,,C,
Raw,1697799153000,148306000000,,,-1381834222694090843,0.0,8.828781766637846,,,0,7,0.0,47,471170929496034,15,37.517005920410156,-1242.880396110675,0.0024184961803257465,17,-184324.31201733914,0.0012092480901628733,1575420030,,,,0,,1,52.795997619628906,,,,,,C,
Raw,1697799153000,148306000000,,,-1381834222694090843,0.0,8.828781766637846,,,0,9,0.0,47,471170930516181,24,31.621912002563477,-674.0994331283728,0.004494939465075731,17,-100052.61449862036,0.0022474697325378656,1575420030,,,,1,,1,52.795997619628906,,,,,,C,
Raw,1697799153000,148306000000,,,-1381834222694090843,0.0,8.828781766637846,,,0,11,0.0,47,471170928010779,34,27.204261779785156,-1056.169043665936,0.7267470103002713,20,-157127.07746196428,340282346638528860000000000000000000000,1575420030,,,,1,,1,52.795997619628906,,,,,,C,
Raw,1697799153000,148306000000,,,-1381834222694090843,0.0,8.828781766637846,,,0,16,0.0,47,471170918849753,34,27.290771484375,-968.3188535467834,0.7248064404320038,20,-143311.27104447284,340282346638528860000000000000000000000,1575420030,,,,0,,1,52.795997619628906,,,,,,C,
Raw,1697799153000,148306000000,,,-1381834222694090843,0.0,8.828781766637846,,,0,20,0.0,46,471170926077360,1000000000,20.972915649414062,-1526.5577265409383,299792458,20,-225766.67649119947,340282346638528860000000000000000000000,1575420030,,,,1,,1,52.795997619628906,,,,,,C,
Raw,1697799153000,148306000000,,,-1381834222694090843,0.0,8.828781766637846,,,0,26,0.0,16392,471170915146794,1000000000,21.688154220581055,-609.8674552892994,299792458,18,-539.6850200286516,340282346638528860000000000000000000000,1575420030,,,,0,,1,52.795997619628906,,,,,,C,
Raw,1697799153000,148306000000,,,-1381834222694090843,0.0,8.828781766637846,,,0,29,0.0,16392,471170914147157,1000000000,16.134170532226562,-1096.2761878633705,299792458,18,-29.615671644694373,340282346638528860000000000000000000000,1575420030,,,,0,,1,52.795997619628906,,,,,,C,
Raw,1697799153000,148306000000,,,-1381834222694090843,0.0,8.828781766637846,,,0,30,0.0,47,471170924744606,17,35.30434799194336,-1571.9761407089536,0.0031201704405248165,17,-232551.56698340943,0.0015600852202624083,1575420030,,,,0,,1,52.795997619628906,,,,,,C,
Raw,1697799153000,148306000000,,,-1381834222694090843,0.0,8.828781766637846,,,0,6,0.0,81929,471170928549125,8,36.784603118896484,-564.7172425917524,0.0035236147232353687,17,-153376.94625819643,0.0017618073616176844,1176450050,,,,0,,1,8.884800910949707,,,,,,Q,
Raw,1697799153000,148306000000,,,-1381834222694090843,0.0,8.828781766637846,,,0,9,0.0,81929,471170930516112,16,28.39361000061035,-674.0574513337633,0.00872894749045372,17,-170211.38132568455,0.00436447374522686,1176450050,,,,0,,1,8.884800910949707,,,,,,Q,
Raw,1697799153000,148306000000,,,-1381834222694090843,0.0,8.828781766637846,,,0,30,0.0,81929,471170924744575,21,31.981983184814453,-1571.9510217628558,0.00577488262206316,17,-420115.1203581145,0.00288744131103158,1176450050,,,,1,,1,8.884800910949707,,,,,,Q,
Raw,1697799153000,148306000000,,,-1381834222694090843,0.0,8.828781766637846,,,0,10,0.0,227,49952926633413,33,36.10688018798828,-1736.8284814388608,0.0028044928330928087,17,-262007.18783423162,0.0014022464165464044,1598062460,,,,0,,3,63.91412353515625,,,,,,C,
Raw,1697799153000,148306000000,,,-1381834222694090843,0.0,8.828781766637846,,,0,96,0.0,16392,49952922839458,1000000000,20.514781951904297,-416.98982370560657,299792458,18,-1517.2580111431225,340282346638528860000000000000000000000,1599750020,,,,0,,3,63.91412353515625,,,,,,C,
Raw,1697799153000,148306000000,,,-1381834222694090843,0.0,8.828781766637846,,,0,22,0.0,227,49952924315745,73,26.4440975189209,-198.76157575410605,0.760266041213689,20,-30092.327315172453,340282346638528860000000000000000000000,1600312450,,,,0,,3,63.91412353515625,,,,,,C,
Raw,1697799153000,148306000000,,,-1381834222694090843,0.0,8.828781766637846,,,0,9,0.0,227,49952931246801,35,35.338539123535156,-1216.7967371864943,0.00305849383585155,17,-184732.23514582662,0.001529246917925775,1600875010,,,,0,,3,63.91412353515625,,,,,,C,
Raw,1697799153000,148306000000,,,-1381834222694090843,0.0,8.828781766637846,,,0,16,0.0,227,49952924966158,73,26.51319122314453,-490.7415330244464,0.7572759713267914,20,-74307.81308017924,340282346638528860000000000000000000000,1601437440,,,,0,,3,63.91412353515625,,,,,,C,
Raw,1697799153000,148306000000,,,-1381834222694090843,0.0,8.828781766637846,,,0,101,0.0,16392,49952918812610,1000000000,7.049665451049805,-1588.0889665787854,299792458,18,-56.920087050372885,340282346638528860000000000000000000000,1602562560,,,,0,,3,63.91412353515625,,,,,,C,
Raw,1697799153000,148306000000,,,-1381834222694090843,0.0,8.828781766637846,,,0,24,0.0,227,49952924479605,76,25.913631439208984,-1411.556020092541,0.7841500548623253,20,-213514.26808209915,340282346638528860000000000000000000000,1603124990,,,,0,,3,63.91412353515625,,,,,,C,
Raw,1697799153000,148306000000,,,-1381834222694090843,0.0,8.828781766637846,,,0,23,0.0,227,49952930024714,145,17.94681739807129,-705.8478109172293,1.143405973233799,20,-104787.67923845616,340282346638528860000000000000000000000,1603687550,,,,0,,3,63.91412353515625,,,,,,C,
Raw,1697799153000,148306000000,,,-1381834222694090843,0.0,8.828781766637846,,,0,7,0.0,227,49952933481179,59,29.15216636657715,-777.4263977540104,0.0058638546615839005,17,-114971.0543767922,0.0029319273307919502,1604812540,,,,0,,3,63.91412353515625,,,,,,C,
Raw,1697799153000,148306000000,,,-1381834222694090843,0.0,8.828781766637846,,,0,8,0.0,227,49952932075344,66,27.70893096923828,-1302.573201436986,0.0069213807582855225,17,-191328.92781897658,0.0034606903791427612,1605374980,,,,0,,3,63.91412353515625,,,,,,C,
Raw,1697799153000,148306000000,,,-1381834222694090843,0.0,8.828781766637846,,,0,5,0.0,809,471156867806511,30,28.549402236938477,-974.4243166433666,0.6651415722220357,20,-142015.94718523682,340282346638528860000000000000000000000,1561097980,,,,0,,5,62.08014678955078,,,,,,C,
Raw,1697799153000,148306000000,,,-1381834222694090843,0.0,8.828781766637846,,,0,9,0.0,16393,471156867411047,19,25.676136016845703,-816.3757177926163,0.7953572585688171,20,431180.6437290406,340282346638528860000000000000000000000,1561097980,,,,1,,5,62.08014678955078,,,,,,C,
Raw,1697799153000,148306000000,,,-1381834222694090843,0.0,8.828781766637846,,,0,19,0.0,65583,471156926289811,10,33.07896041870117,-1132.946874582878,0.0040683080442249775,17,-205053.55879000155,0.0020341540221124887,1561097980,,,,0,,5,62.08014678955078,,,,,,C,
Raw,1697799153000,148306000000,,,-1381834222694090843,0.0,8.828781766637846,,,0,20,0.0,65583,471156924239627,8,36.04343795776367,-664.7605828754604,0.0028919444885104895,17,-98985.29743055959,0.0014459722442552447,1561097980,,,,1,,5,62.08014678955078,,,,,,C,
Raw,1697799153000,148306000000,,,-1381834222694090843,0.0,8.828781766637846,,,0,22,0.0,65583,471156916274237,25,22.238008499145508,-1485.0110757098064,0.9515601523412625,20,-268201.7407396324,340282346638528860000000000000000000000,1561097980,,,,0,,5,62.08014678955078,,,,,,C,
Raw,1697799153000,148306000000,,,-1381834222694090843,0.0,8.828781766637846,,,0,29,0.0,16392,471156911063334,1000000000,7.0,-396.0693643252316,299792458,18,-8.579159100707933,340282346638528860000000000000000000000,1561097980,,,,0,,5,62.08014678955078,,,,,,C,
Raw,1697799153000,148306000000,,,-1381834222694090843,0.0,8.828781766637846,,,0,35,0.0,65583,471156917583511,23,23.568614959716797,-595.1933899632295,0.8919597878429557,20,455944.15206134546,340282346638528860000000000000000000000,1561097980,,,,1,,5,62.08014678955078,,,,,,C,
Raw,1697799153000,148306000000,,,-1381834222694090843,0.0,8.828781766637846,,,0,36,0.0,65583,471156913244117,33,19.088661193847656,-1645.8994930029503,1.0926376912530507,20,-291319.23949017085,340282346638528860000000000000000000000,1561097980,,,,1,,5,62.08014678955078,,,,,,C,
Raw,1697799153000,148306000000,,,-1381834222694090843,0.0,8.828781766637846,,,0,37,0.0,65583,471156920051325,17,27.07583236694336,-820.9649887283258,0.7346880895354904,20,-144543.8799926675,340282346638528860000000000000000000000,1561097980,,,,1,,5,62.08014678955078,,,,,,C,
Raw,1697799153000,148306000000,,,-1381834222694090843,0.0,8.828781766637846,,,0,3,0.0,83976,471170916445629,1000000000,24.632606506347656,-1323.7219850577803,299792458,20,-138635.34347892192,340282346638528860000000000000000000000,1575420030,,,,0,,6,52.795997619628906,,,,,,C,
Raw,1697799153000,148306000000,,,-1381834222694090843,0.0,8.828781766637846,,,0,5,0.0,85034,471170922233283,18,35.10224533081055,-915.1194823751739,0.003193621290847659,17,-16296.125385259544,0.0015968106454238296,1575420030,,,,0,,6,52.795997619628906,,,,,,C,
Raw,1697799153000,148306000000,,,-1381834222694090843,0.0,8.828781766637846,,,0,9,0.0,83976,471170912528181,1000000000,29.586345672607422,-566.3422837745618,299792458,20,-32070.182655180266,340282346638528860000000000000000000000,1575420030,,,,0,,6,52.795997619628906,,,,,,C,
Raw,1697799153000,148306000000,,,-1381834222694090843,0.0,8.828781766637846,,,0,13,0.0,16392,471170904017869,1000000000,19.13287925720215,-1519.9344145999476,299792458,18,-10.435783973961833,340282346638528860000000000000000000000,1575420030,,,,0,,6,52.795997619628906,,,,,,C,
Raw,1697799153000,148306000000,,,-1381834222694090843,0.0,8.828781766637846,,,0,15,0.0,83976,471170916242334,1000000000,19.048860549926758,-1156.2754214805173,299792458,20,-132060.07041857712,340282346638528860000000000000000000000,1575420030,,,,1,,6,52.795997619628906,,,,,,C,
Raw,1697799153000,148306000000,,,-1381834222694090843,0.0,8.828781766637846,,,0,24,0.0,85034,471170909820291,22,32.553321838378906,-1449.1418117907524,0.004037879407405853,17,-34491.23448810889,0.0020189397037029266,1575420030,,,,0,,6,52.795997619628906,,,,,,C,
Raw,1697799153000,148306000000,,,-1381834222694090843,0.0,8.828781766637846,,,0,31,0.0,83976,471170910144562,1000000000,25.625452041625977,-1079.1353706640057,299792458,20,-89312.95777534686,340282346638528860000000000000000000000,1575420030,,,,0,,6,52.795997619628906,,,,,,C,
Raw,1697799153000,148306000000,,,-1381834222694090843,0.0,8.828781766637846,,,0,3,0.0,84011,471170916445565,130,19.72188949584961,-1322.2320363884292,1.0647380719261292,20,19983.63231551496,340282346638528860000000000000000000000,1176450050,,,,0,,6,8.884800910949707,,,,,,Q,
Raw,1697799153000,148306000000,,,-1381834222694090843,0.0,8.828781766637846,,,0,5,0.0,84011,471170922233267,8,35.2071533203125,-915.1129472880584,0.004225333221256733,17,-16404.35206324241,0.0021126666106283665,1176450050,,,,0,,6,8.884800910949707,,,,,,Q,
Raw,1697799153000,148306000000,,,-1381834222694090843,0.0,8.828781766637846,,,0,9,0.0,16392,471170912528137,1000000000,22.184438705444336,-564.6203358236598,299792458,20,-24269.80393444753,340282346638528860000000000000000000000,1176450050,,,,0,,6,8.884800910949707,,,,,,Q,
Raw,1697799153000,148306000000,,,-1381834222694090843,0.0,8.828781766637846,,,0,15,0.0,84011,471170916242464,102,18.241256713867188,-1154.3257686375864,1.1312839351523207,20,-135774.81521005766,340282346638528860000000000000000000000,1176450050,,,,0,,6,8.884800910949707,,,,,,Q,
Raw,1697799153000,148306000000,,,-1381834222694090843,0.0,8.828781766637846,,,0,24,0.0,84011,471170909820206,17,33.48497772216797,-1449.1818578748498,0.004857282619923353,17,-180877.25027455148,0.0024286413099616766,1176450050,,,,1,,6,8.884800910949707,,,,,,Q,
Raw,1697799153000,148306000000,,,-1381834222694090843,0.0,8.828781766637846,,,0,31,0.0,84011,471170910144494,46,22.117856979370117,-1078.8566443345621,0.9558607326218409,20,-160357.10855306213,340282346638528860000000000000000000000,1176450050,,,,0,,6,8.884800910949707,,,,,,Q,
