# 
# Header Description:
# 
# Version: v3.0.6.1 Platform: 10 Manufacturer: Xiaomi Model: MI 8 Pro
# 
# Raw,utcTimeMillis,TimeNanos,LeapSecond,TimeUncertaintyNanos,FullBiasNanos,BiasNanos,BiasUncertaintyNanos,DriftNanosPerSecond,DriftUncertaintyNanosPerSecond,HardwareClockDiscontinuityCount,Svid,TimeOffsetNanos,State,ReceivedSvTimeNanos,ReceivedSvTimeUncertaintyNanos,Cn0DbHz,PseudorangeRateMetersPerSecond,PseudorangeRateUncertaintyMetersPerSecond,AccumulatedDeltaRangeState,AccumulatedDeltaRangeMeters,AccumulatedDeltaRangeUncertaintyMeters,CarrierFrequencyHz,CarrierCycles,CarrierPhase,CarrierPhaseUncertainty,MultipathIndicator,SnrInDb,ConstellationType,AgcDb,BasebandCn0DbHz,FullInterSignalBiasNanos,FullInterSignalBiasUncertaintyNanos,SatelliteInterSignalBiasNanos,SatelliteInterSignalBiasUncertaintyNanos,CodeType,ChipsetElapsedRealtimeNanos
# 
# UncalAccel,utcTimeMillis,elapsedRealtimeNanos,UncalAccelXMps2,UncalAccelYMps2,UncalAccelZMps2,BiasXMps2,BiasYMps2,BiasZMps2
# 
# Accel,utcTimeMillis,elapsedRealtimeNanos,AccelXMps2,AccelYMps2,AccelZMps2
# 
# UncalGyro,utcTimeMillis,elapsedRealtimeNanos,UncalGyroXRadPerSec,UncalGyroYRadPerSec,UncalGyroZRadPerSec,DriftXRadPerSec,DriftYRadPerSec,DriftZRadPerSec
# 
# Gyro,utcTimeMillis,elapsedRealtimeNanos,GyroXRadPerSec,GyroYRadPerSec,GyroZRadPerSec
# 
# UncalMag,utcTimeMillis,elapsedRealtimeNanos,UncalMagXMicroT,UncalMagYMicroT,UncalMagZMicroT,BiasXMicroT,BiasYMicroT,BiasZMicroT
# 
# Mag,utcTimeMillis,elapsedRealtimeNanos,MagXMicroT,MagYMicroT,MagZMicroT
# 
# OrientationDeg,utcTimeMillis,elapsedRealtimeNanos,yawDeg,rollDeg,pitchDeg
# 
# Fix,Provider,LatitudeDegrees,LongitudeDegrees,AltitudeMeters,SpeedMps,AccuracyMeters,BearingDegrees,UnixTimeMillis,SpeedAccuracyMps,BearingAccuracyDegrees,elapsedRealtimeNanos,VerticalAccuracyMeters
# 
# Nav,Svid,Type,Status,MessageId,Sub-messageId,Data(Bytes)
# 
# Status,UnixTimeMillis,SignalCount,SignalIndex,ConstellationType,Svid,CarrierFrequencyHz,Cn0DbHz,AzimuthDegrees,ElevationDegrees,UsedInFix,HasAlmanacData,HasEphemerisData,BasebandCn0DbHz
# 
Raw,1697800317125,7108000000,,,-1381835528017023456,0.0,1005497575.1985099,,,0,4,0.0,16,717483317,1000000000,21.491418838500977,-415.860876415745,299792458,22,-356.24766464395356,340282346638528860000000000000000000000,1575420030,,,,0,,1,52.90037536621094,,,,,,C,
Raw,1697800317125,7108000000,,,-1381835528017023456,0.0,1005497575.1985099,,,0,9,0.0,17,55094,115,20.84169578552246,-1016.5063347015589,1.0128723614722657,20,-3606.9838413986618,340282346638528860000000000000000000000,1600875010,,,,0,,3,61.51556396484375,,,,,,C,
Raw,1697800317125,7108000000,,,-1381835528017023456,0.0,1005497575.1985099,,,0,7,0.0,17,814335,94,23.3518123626709,-699.984401426871,0.9001319221691721,20,-1231.4138485187143,340282346638528860000000000000000000000,1604812540,,,,0,,3,61.51556396484375,,,,,,C,
Raw,1697800317125,7108000000,,,-1381835528017023456,0.0,1005497575.1985099,,,0,20,0.0,17,178563,21,24.24030113220215,-609.470939990113,0.8620418480438241,20,783839.618799363,340282346638528860000000000000000000000,1561097980,,,,0,,5,62.02272033691406,,,,,,C,
Raw,1697800318125,8108000000,,,-1381835528017026756,0.0,1005497678.1985099,,,0,4,0.0,17,484681,51,22.184181213378906,-417.63575442162687,0.9541985471933749,20,-772.8058414372682,340282346638528860000000000000000000000,1575420030,,,,0,,1,49.115211486816406,,,,,,C,
Raw,1697800318125,8108000000,,,-1381835528017026756,0.0,1005497678.1985099,,,0,9,0.0,17,462734,55,21.42657470703125,-604.4333484213025,0.9897022155262674,22,-3268.09458275405,340282346638528860000000000000000000000,1575420030,,,,0,,1,49.115211486816406,,,,,,C,
Raw,1697800318125,8108000000,,,-1381835528017026756,0.0,1005497678.1985099,,,0,9,0.0,17,58381,98,22.841144561767578,-1016.5203085087333,0.9229600453385802,20,-4623.943135472732,340282346638528860000000000000000000000,1600875010,,,,0,,3,61.584014892578125,,,,,,C,
Raw,1697800318125,8108000000,,,-1381835528017026756,0.0,1005497678.1985099,,,0,7,0.0,17,816584,100,22.515642166137695,-698.3947956546472,0.937733858299048,20,-1931.1290271819591,340282346638528860000000000000000000000,1604812540,,,,0,,3,61.584014892578125,,,,,,C,
Raw,1697800318125,8108000000,,,-1381835528017026756,0.0,1005497678.1985099,,,0,20,0.0,17,180633,19,25.585596084594727,-609.2974249172257,0.009088784456253052,17,783230.3213744458,0.10056413538326477,1561097980,,,,0,,5,61.848121643066406,,,,,,C,
Raw,1697800319125,9108000000,,,-1381835528017030056,0.0,1005497781.1985099,,,0,4,0.0,17,486135,121,22.48271369934082,-417.04684365536923,0.9407741199285593,20,-1189.5821710872913,340282346638528860000000000000000000000,1575420030,,,,0,,1,52.795997619628906,,,,,,C,
Raw,1697800319125,9108000000,,,-1381835528017030056,0.0,1005497781.1985099,,,0,9,0.0,16,5464719,1000000000,16.399799346923828,-603.5455004288833,299792458,20,-3871.3528908689004,340282346638528860000000000000000000000,1575420030,,,,0,,1,52.795997619628906,,,,,,C,
Raw,1697800319125,9108000000,,,-1381835528017030056,0.0,1005497781.1985099,,,0,9,0.0,17,61818,103,22.18800926208496,-1017.4348089821533,0.9523313344873889,20,-5641.505153104102,340282346638528860000000000000000000000,1600875010,,,,0,,3,61.584014892578125,,,,,,C,
Raw,1697800319125,9108000000,,,-1381835528017030056,0.0,1005497781.1985099,,,0,7,0.0,17,818989,119,20.404796600341797,-697.9770129025906,1.0326565618107781,20,-2630.7582312373215,340282346638528860000000000000000000000,1604812540,,,,0,,3,61.584014892578125,,,,,,C,
Raw,1697800319125,9108000000,,,-1381835528017030056,0.0,1005497781.1985099,,,0,20,0.0,17,182659,23,23.299739837646484,-608.5184716601266,0.9043384428578234,20,782621.3450947066,340282346638528860000000000000000000000,1561097980,,,,0,,5,61.77432632446289,,,,,,C,
Raw,1697800320125,10108000000,,,-1381835528017033356,0.0,1005497884.1985099,,,0,4,0.0,17,487505,58,20.649948120117188,-416.21703808640837,1.023191823694015,20,-1606.1411364890375,340282346638528860000000000000000000000,1575420030,,,,0,,1,52.81098556518555,,,,,,C,
Raw,1697800320125,10108000000,,,-1381835528017033356,0.0,1005497884.1985099,,,0,9,0.0,17,466644,52,21.945602416992188,-603.6887149111922,0.9627653590288174,20,-4475.248817806778,340282346638528860000000000000000000000,1575420030,,,,0,,1,52.81098556518555,,,,,,C,
Raw,1697800320125,10108000000,,,-1381835528017033356,0.0,1005497884.1985099,,,0,9,0.0,17,65220,103,22.192033767700195,-1017.0149131177923,0.9521510702446863,20,-6659.828594150221,340282346638528860000000000000000000000,1600875010,,,,0,,3,63.91412353515625,,,,,,C,
Raw,1697800320125,10108000000,,,-1381835528017033356,0.0,1005497884.1985099,,,0,7,0.0,17,821329,109,21.441986083984375,-699.0214357002756,0.9860158517033764,20,-3330.0589682943123,340282346638528860000000000000000000000,1604812540,,,,0,,3,63.91412353515625,,,,,,C,
Raw,1697800320125,10108000000,,,-1381835528017033356,0.0,1005497884.1985099,,,0,20,0.0,17,184677,18,26.16173553466797,-609.0757198242745,0.775638161047647,20,782012.4509216251,340282346638528860000000000000000000000,1561097980,,,,0,,5,61.906715393066406,,,,,,C,
Raw,1697800321125,11108000000,,,-1381835528017036656,0.0,1005497987.1985099,,,0,4,0.0,17,488884,50,22.426166534423828,-416.34563119486893,0.9433174566792761,20,-2023.0120796979147,340282346638528860000000000000000000000,1575420030,,,,0,,1,52.840885162353516,,,,,,C,
Raw,1697800321125,11108000000,,,-1381835528017036656,0.0,1005497987.1985099,,,0,9,0.0,17,468662,57,20.949472427368164,-603.736225855585,1.0075605573693474,20,-5079.157298711237,340282346638528860000000000000000000000,1575420030,,,,0,,1,52.840885162353516,,,,,,C,
Raw,1697800321125,11108000000,,,-1381835528017036656,0.0,1005497987.1985099,,,0,9,0.0,17,68526,73,26.41644287109375,-1016.9141653763108,0.7621847104409487,20,-7676.57291850061,340282346638528860000000000000000000000,1600875010,,,,0,,3,63.91412353515625,,,,,,C,
Raw,1697800321125,11108000000,,,-1381835528017036656,0.0,1005497987.1985099,,,0,7,0.0,17,823732,109,21.4622745513916,-699.1165939188872,0.9851038797221996,20,-4028.9753055445085,340282346638528860000000000000000000000,1604812540,,,,0,,3,63.91412353515625,,,,,,C,
Raw,1697800321125,11108000000,,,-1381835528017036656,0.0,1005497987.1985099,,,0,20,0.0,17,186664,22,23.869712829589844,-608.7378263503074,0.8787082358507763,20,781403.9004401717,340282346638528860000000000000000000000,1561097980,,,,0,,5,61.848121643066406,,,,,,C,
Raw,1697800321125,11108000000,,,-1381835528017036656,0.0,1005497987.1985099,,,0,24,0.0,48,3818721,1000000000,21.9656982421875,-1387.7142511162265,299792458,22,-7719.448758896357,340282346638528860000000000000000000000,1575420030,,,,0,,6,52.840885162353516,,,,,,C,
Raw,1697800322125,12108000000,,,-1381835528017039956,0.0,1005498090.1985099,,,0,4,0.0,51,17490284,50,22.533954620361328,-416.6576901667918,0.9384706251521622,20,-2439.0950611850258,340282346638528860000000000000000000000,1575420030,,,,0,,1,52.795997619628906,,,,,,C,
Raw,1697800322125,12108000000,,,-1381835528017039956,0.0,1005498090.1985099,,,0,9,0.0,51,5470651,64,19.459020614624023,-603.4052170378354,1.0745848397655182,20,-5682.852256870584,340282346638528860000000000000000000000,1575420030,,,,1,,1,52.795997619628906,,,,,,C,
Raw,1697800322125,12108000000,,,-1381835528017039956,0.0,1005498090.1985099,,,0,9,0.0,49,71921,67,27.449867248535156,-1016.490528968724,0.0071509708650410175,17,-8693.063447469334,0.0035754854325205088,1600875010,,,,0,,3,63.945350646972656,,,,,,C,
Raw,1697800322125,12108000000,,,-1381835528017039956,0.0,1005498090.1985099,,,0,7,0.0,17,826088,98,22.79397201538086,-699.4890470037685,0.9252194059964722,20,-4727.717496479915,340282346638528860000000000000000000000,1604812540,,,,0,,3,63.945350646972656,,,,,,C,
Raw,1697800322125,12108000000,,,-1381835528017039956,0.0,1005498090.1985099,,,0,20,0.0,17,188720,27,21.235410690307617,-608.6088583348251,0.9971701344080408,20,780795.210590705,340282346638528860000000000000000000000,1561097980,,,,0,,5,61.848121643066406,,,,,,C,
Raw,1697800322125,12108000000,,,-1381835528017039956,0.0,1005498090.1985099,,,0,24,0.0,48,3823338,1000000000,22.37827491760254,-1387.384741926564,299792458,20,-9112.306805879638,340282346638528860000000000000000000000,1575420030,,,,1,,6,52.795997619628906,,,,,,C,
Raw,1697800323125,13108000000,,,-1381835528017043256,0.0,1005498193.1985099,,,0,4,0.0,51,17491676,55,21.264076232910156,-416.7775581663825,0.9955758476234289,20,-2855.3241334505597,340282346638528860000000000000000000000,1575420030,,,,0,,1,48.976600646972656,,,,,,C,
Raw,1697800323125,13108000000,,,-1381835528017043256,0.0,1005498193.1985099,,,0,9,0.0,51,5472684,59,20.48401641845703,-602.9438087414296,1.028492311356291,20,-6285.992155121165,340282346638528860000000000000000000000,1575420030,,,,1,,1,48.976600646972656,,,,,,C,
Raw,1697800323125,13108000000,,,-1381835528017043256,0.0,1005498193.1985099,,,0,9,0.0,16,5472824,1000000000,10.110408782958984,-8122.186396715813,299792458,22,-110037.9354214013,340282346638528860000000000000000000000,1176450050,,,,1,,1,8.884800910949707,,,,,,Q,
Raw,1697800323125,13108000000,,,-1381835528017043256,0.0,1005498193.1985099,,,0,9,0.0,49,75324,74,26.206642150878906,-1015.9608790673678,0.7716204917831271,20,-9709.17485017947,340282346638528860000000000000000000000,1600875010,,,,0,,3,63.903690338134766,,,,,,C,
Raw,1697800323125,13108000000,,,-1381835528017043256,0.0,1005498193.1985099,,,0,7,0.0,17,828452,104,22.025901794433594,-699.2938226928059,0.9597590467212331,20,-5426.253736358487,340282346638528860000000000000000000000,1604812540,,,,0,,3,63.903690338134766,,,,,,C,
Raw,1697800323125,13108000000,,,-1381835528017043256,0.0,1005498193.1985099,,,0,20,0.0,17,190751,24,22.96516227722168,-607.9914887173709,0.9193855145761547,20,780186.5376316468,340282346638528860000000000000000000000,1561097980,,,,0,,5,61.96491241455078,,,,,,C,
Raw,1697800323125,13108000000,,,-1381835528017043256,0.0,1005498193.1985099,,,0,24,0.0,48,3827923,1000000000,20.530393600463867,-1387.293537272909,299792458,20,-10505.615546061821,340282346638528860000000000000000000000,1575420030,,,,1,,6,48.976600646972656,,,,,,C,
Raw,1697800324125,14108000000,,,-1381835528017046556,0.0,1005498296.1985099,,,0,4,0.0,51,17493047,49,22.651962280273438,-415.11764028635207,0.933164479269565,20,-3272.10934931086,340282346638528860000000000000000000000,1575420030,,,,0,,1,52.88554382324219,,,,,,C,
Raw,1697800324125,14108000000,,,-1381835528017046556,0.0,1005498296.1985099,,,0,9,0.0,51,5474743,65,19.22336196899414,-603.3924020341829,1.0851829526962606,20,-6888.742939883769,340282346638528860000000000000000000000,1575420030,,,,1,,1,52.88554382324219,,,,,,C,
Raw,1697800324125,14108000000,,,-1381835528017046556,0.0,1005498296.1985099,,,0,9,0.0,16,5474697,1000000000,7.0,-572.2723244674221,299792458,20,-110605.03075738654,340282346638528860000000000000000000000,1176450050,,,,1,,1,11.110957145690918,,,,,,Q,
Raw,1697800324125,14108000000,,,-1381835528017046556,0.0,1005498296.1985099,,,0,9,0.0,51,8078754,72,26.612329483032227,-1015.4997434306142,0.7533777903619949,20,-10724.96330601327,340282346638528860000000000000000000000,1600875010,,,,1,,3,63.91412353515625,,,,,,C,
Raw,1697800324125,14108000000,,,-1381835528017046556,0.0,1005498296.1985099,,,0,7,0.0,17,830721,140,18.417171478271484,-697.3841144889197,1.1220401338972747,20,-6125.223614535013,340282346638528860000000000000000000000,1604812540,,,,0,,3,63.91412353515625,,,,,,C,
Raw,1697800324125,14108000000,,,-1381835528017046556,0.0,1005498296.1985099,,,0,20,0.0,17,192786,22,24.205835342407227,-607.7902658940602,0.8635942639980594,20,779578.6739719899,340282346638528860000000000000000000000,1561097980,,,,0,,5,61.93585968017578,,,,,,C,
Raw,1697800324125,14108000000,,,-1381835528017046556,0.0,1005498296.1985099,,,0,24,0.0,48,3832488,1000000000,21.39511489868164,-1387.026194483944,299792458,20,-11896.128506269635,340282346638528860000000000000000000000,1575420030,,,,1,,6,52.88554382324219,,,,,,C,
Raw,1697800325125,15108000000,,,-1381835528017049856,0.0,1005498399.1985099,,,0,4,0.0,51,17494466,50,22.615345001220703,-414.00147391768655,0.934811287652217,20,-3687.8732562812484,340282346638528860000000000000000000000,1575420030,,,,0,,1,52.81098556518555,,,,,,C,
Raw,1697800325125,15108000000,,,-1381835528017049856,0.0,1005498399.1985099,,,0,9,0.0,51,5476802,63,19.700572967529297,-602.6562209732901,1.0637235863061925,20,-7491.561016704842,340282346638528860000000000000000000000,1575420030,,,,1,,1,52.81098556518555,,,,,,C,
Raw,1697800325125,15108000000,,,-1381835528017049856,0.0,1005498399.1985099,,,0,30,0.0,16,20197499,1000000000,15.04507064819336,-1488.9306945397557,299792458,22,-7235.789229136539,340282346638528860000000000000000000000,1575420030,,,,0,,1,52.81098556518555,,,,,,C,
Raw,1697800325125,15108000000,,,-1381835528017049856,0.0,1005498399.1985099,,,0,9,0.0,16,5476712,1000000000,7.931221008300781,-603.7131179500625,299792458,20,-111209.09052270885,340282346638528860000000000000000000000,1176450050,,,,1,,1,11.69510269165039,,,,,,Q,
Raw,1697800325125,15108000000,,,-1381835528017049856,0.0,1005498399.1985099,,,0,9,0.0,51,8082139,84,24.719249725341797,-1014.8663550585943,0.8385079783821214,20,-11740.366548082991,340282346638528860000000000000000000000,1600875010,,,,0,,3,61.51556396484375,,,,,,C,
Raw,1697800325125,15108000000,,,-1381835528017049856,0.0,1005498399.1985099,,,0,7,0.0,17,833033,133,19.069799423217773,-696.1151564676625,1.0926924761392192,20,-6821.721475503887,340282346638528860000000000000000000000,1604812540,,,,0,,3,61.51556396484375,,,,,,C,
Raw,1697800325125,15108000000,,,-1381835528017049856,0.0,1005498399.1985099,,,0,20,0.0,17,194820,19,25.468467712402344,-607.1200684689957,0.8068153544210794,20,778970.9065728844,340282346638528860000000000000000000000,1561097980,,,,0,,5,61.848121643066406,,,,,,C,
Raw,1697800325125,15108000000,,,-1381835528017049856,0.0,1005498399.1985099,,,0,24,0.0,48,3837184,1000000000,22.399391174316406,-1386.758715365153,299792458,20,-13282.101165468372,340282346638528860000000000000000000000,1575420030,,,,1,,6,52.81098556518555,,,,,,C,
Raw,1697800326125,16108000000,,,-1381835528017053156,0.0,1005498502.1985099,,,0,4,0.0,51,17495857,54,21.502033233642578,-414.7783494316675,0.9848759532942033,20,-4103.485946092625,340282346638528860000000000000000000000,1575420030,,,,0,,1,52.795997619628906,,,,,,C,
Raw,1697800326125,16108000000,,,-1381835528017053156,0.0,1005498502.1985099,,,0,9,0.0,51,5478778,61,20.038646697998047,-602.6956884579436,1.0485212796491674,20,-8094.110119788627,340282346638528860000000000000000000000,1575420030,,,,0,,1,52.795997619628906,,,,,,C,
Raw,1697800326125,16108000000,,,-1381835528017053156,0.0,1005498502.1985099,,,0,30,0.0,16,20202400,1000000000,16.45028305053711,-1488.9306945397557,299792458,20,-8720.782503979835,340282346638528860000000000000000000000,1575420030,,,,0,,1,52.795997619628906,,,,,,C,
Raw,1697800326125,16108000000,,,-1381835528017053156,0.0,1005498502.1985099,,,0,9,0.0,16,5478815,1000000000,15.008867263793945,-601.294899494856,299792458,20,-111803.49518377734,340282346638528860000000000000000000000,1176450050,,,,0,,1,8.687385559082031,,,,,,Q,
Raw,1697800326125,16108000000,,,-1381835528017053156,0.0,1005498502.1985099,,,0,9,0.0,51,8085523,95,23.208396911621094,-1014.460978320712,0.9064499575470881,20,-12754.04090909088,340282346638528860000000000000000000000,1600875010,,,,0,,3,64.00746154785156,,,,,,C,
Raw,1697800326125,16108000000,,,-1381835528017053156,0.0,1005498502.1985099,,,0,7,0.0,17,835284,141,18.282297134399414,-695.4637043936855,1.1281060123507602,20,-7516.635765046827,340282346638528860000000000000000000000,1604812540,,,,0,,3,64.00746154785156,,,,,,C,
Raw,1697800326125,16108000000,,,-1381835528017053156,0.0,1005498502.1985099,,,0,20,0.0,17,196844,18,26.157032012939453,-607.1240220339523,0.7758518420738936,20,778363.5641891771,340282346638528860000000000000000000000,1561097980,,,,0,,5,61.96491241455078,,,,,,C,
Raw,1697800326125,16108000000,,,-1381835528017053156,0.0,1005498502.1985099,,,0,24,0.0,48,3841723,1000000000,20.036256790161133,-1386.6307016584533,299792458,20,-14665.572529411093,340282346638528860000000000000000000000,1575420030,,,,1,,6,52.795997619628906,,,,,,C,
Raw,1697800327125,17108000000,,,-1381835528017056456,0.0,1005498605.1985099,,,0,4,0.0,51,17497269,47,23.338184356689453,-415.6908049576962,0.9023065426568424,20,-4518.747346621686,340282346638528860000000000000000000000,1575420030,,,,0,,1,49.115211486816406,,,,,,C,
Raw,1697800327125,17108000000,,,-1381835528017056456,0.0,1005498605.1985099,,,0,9,0.0,51,5480773,77,17.107173919677734,-601.9211305510062,1.1803465632590768,20,-8695.197894420071,340282346638528860000000000000000000000,1575420030,,,,0,,1,49.115211486816406,,,,,,C,
Raw,1697800327125,17108000000,,,-1381835528017056456,0.0,1005498605.1985099,,,0,30,0.0,16,20207400,1000000000,12.939535140991211,-1486.2575393097586,299792458,20,-10205.809796862584,340282346638528860000000000000000000000,1575420030,,,,0,,1,49.115211486816406,,,,,,C,
Raw,1697800327125,17108000000,,,-1381835528017056456,0.0,1005498605.1985099,,,0,9,0.0,16,5480806,1000000000,16.184593200683594,-601.8096809181766,299792458,20,-112405.06077944036,340282346638528860000000000000000000000,1176450050,,,,1,,1,11.110957145690918,,,,,,Q,
Raw,1697800327125,17108000000,,,-1381835528017056456,0.0,1005498605.1985099,,,0,9,0.0,51,8088951,121,20.22320556640625,-1013.2154690295424,1.040691301234137,20,-13768.338872145918,340282346638528860000000000000000000000,1600875010,,,,0,,3,61.47423553466797,,,,,,C,
Raw,1697800327125,17108000000,,,-1381835528017056456,0.0,1005498605.1985099,,,0,7,0.0,17,837493,136,18.794723510742188,-695.2960187075932,1.1050632096456372,20,-8210.521741425438,340282346638528860000000000000000000000,1604812540,,,,0,,3,61.47423553466797,,,,,,C,
Raw,1697800327125,17108000000,,,-1381835528017056456,0.0,1005498605.1985099,,,0,20,0.0,17,198855,24,22.765939712524414,-607.1726917818669,0.9283457391421632,20,777757.0384481819,340282346638528860000000000000000000000,1561097980,,,,0,,5,62.037113189697266,,,,,,C,
Raw,1697800327125,17108000000,,,-1381835528017056456,0.0,1005498605.1985099,,,0,24,0.0,48,3846463,1000000000,20.444894790649414,-1386.4782849128833,299792458,20,-16046.9175253559,340282346638528860000000000000000000000,1575420030,,,,1,,6,49.115211486816406,,,,,,C,
Raw,1697800328125,18108000000,,,-1381835528017059756,0.0,1005498708.19851,,,0,4,0.0,48,17498638,1000000000,21.255414962768555,-416.04764827749,299792458,20,-4933.842968240213,340282346638528860000000000000000000000,1575420030,,,,0,,1,52.97417449951172,,,,,,C,
Raw,1697800328125,18108000000,,,-1381835528017059756,0.0,1005498708.19851,,,0,9,0.0,51,5482716,110,12.81888198852539,-602.2472996599295,1.3731865667456917,20,-9296.141345116426,340282346638528860000000000000000000000,1575420030,,,,1,,1,52.97417449951172,,,,,,C,
Raw,1697800328125,18108000000,,,-1381835528017059756,0.0,1005498708.19851,,,0,30,0.0,16,20212396,1000000000,12.525398254394531,-1485.2335659859873,299792458,20,-11693.25958674858,340282346638528860000000000000000000000,1575420030,,,,0,,1,52.97417449951172,,,,,,C,
Raw,1697800328125,18108000000,,,-1381835528017059756,0.0,1005498708.19851,,,0,9,0.0,16,5482779,1000000000,12.226211547851562,-602.0087224642698,299792458,20,-113007.11068357993,340282346638528860000000000000000000000,1176450050,,,,1,,1,8.485379219055176,,,,,,Q,
Raw,1697800328125,18108000000,,,-1381835528017059756,0.0,1005498708.19851,,,0,9,0.0,51,8092243,162,16.588394165039062,-1012.9765510093175,1.2041451710645124,20,-14781.83690771464,340282346638528860000000000000000000000,1600875010,,,,0,,3,63.903690338134766,,,,,,C,
Raw,1697800328125,18108000000,,,-1381835528017059756,0.0,1005498708.19851,,,0,7,0.0,17,839985,139,18.52825355529785,-695.8521080682194,1.117046388343704,20,-8904.610756341603,340282346638528860000000000000000000000,1604812540,,,,0,,3,63.903690338134766,,,,,,C,
Raw,1697800328125,18108000000,,,-1381835528017059756,0.0,1005498708.19851,,,0,20,0.0,17,200863,25,22.571565628051758,-607.9337530360212,0.9370868907307957,20,777149.7105315881,340282346638528860000000000000000000000,1561097980,,,,0,,5,61.848121643066406,,,,,,C,
Raw,1697800328125,18108000000,,,-1381835528017059756,0.0,1005498708.19851,,,0,24,0.0,48,3851079,1000000000,21.38802146911621,-1386.3833993539238,299792458,20,-17450.592835708594,340282346638528860000000000000000000000,1575420030,,,,1,,6,52.97417449951172,,,,,,C,
Raw,1697800329125,19108000000,,,-1381835528017063056,0.0,1005498811.19851,,,0,4,0.0,51,17499983,63,19.71570587158203,-415.2342022876601,1.0652058403284452,20,-5348.759897371998,340282346638528860000000000000000000000,1575420030,,,,0,,1,52.76594161987305,,,,,,C,
Raw,1697800329125,19108000000,,,-1381835528017063056,0.0,1005498811.19851,,,0,9,0.0,51,5484662,86,15.742481231689453,-601.4222315524253,1.2417160202662707,20,-9897.164794201013,340282346638528860000000000000000000000,1575420030,,,,1,,1,52.76594161987305,,,,,,C,
Raw,1697800329125,19108000000,,,-1381835528017063056,0.0,1005498811.19851,,,0,30,0.0,16,20217454,1000000000,16.31757354736328,-1485.787610399222,299792458,20,-13179.287578204163,340282346638528860000000000000000000000,1575420030,,,,0,,1,52.76594161987305,,,,,,C,
Raw,1697800329125,19108000000,,,-1381835528017063056,0.0,1005498811.19851,,,0,9,0.0,16,5484784,1000000000,13.856439590454102,-602.6448374328115,299792458,20,-113609.29123441398,340282346638528860000000000000000000000,1176450050,,,,0,,1,7.849542140960693,,,,,,Q,
Raw,1697800329125,19108000000,,,-1381835528017063056,0.0,1005498811.19851,,,0,9,0.0,51,8095551,142,18.248241424560547,-1014.4755656121038,1.1295044581449618,20,-15794.618029223078,340282346638528860000000000000000000000,1600875010,,,,0,,3,61.47423553466797,,,,,,C,
Raw,1697800329125,19108000000,,,-1381835528017063056,0.0,1005498811.19851,,,0,7,0.0,17,842674,136,18.800819396972656,-698.0886670301593,1.1047899508877737,20,-9601.268569598868,340282346638528860000000000000000000000,1604812540,,,,1,,3,61.47423553466797,,,,,,C,
Raw,1697800329125,19108000000,,,-1381835528017063056,0.0,1005498811.19851,,,0,20,0.0,17,202904,19,25.897321701049805,-607.199976129923,0.008768383413553236,17,776542.5105554581,0.10040393486191486,1561097980,,,,0,,5,61.80392074584961,,,,,,C,
Raw,1697800329125,19108000000,,,-1381835528017063056,0.0,1005498811.19851,,,0,24,0.0,1074,3855737,45,23.79241371154785,-1386.1862664253958,0.8794265635623733,20,-18831.92580228481,340282346638528860000000000000000000000,1575420030,,,,1,,6,52.76594161987305,,,,,,C,
Raw,1697800330125,20108000000,,,-1381835528017066356,0.0,1005498914.19851,,,0,4,0.0,51,17501383,63,19.647628784179688,-414.8342787428214,1.0682673369259854,20,-5763.661054468929,340282346638528860000000000000000000000,1575420030,,,,0,,1,52.76594161987305,,,,,,C,
Raw,1697800330125,20108000000,,,-1381835528017066356,0.0,1005498914.19851,,,0,9,0.0,51,5486645,76,17.275638580322266,-600.6320638804004,1.1727720035660738,20,-10497.90260794378,340282346638528860000000000000000000000,1575420030,,,,1,,1,52.76594161987305,,,,,,C,
Raw,1697800330125,20108000000,,,-1381835528017066356,0.0,1005498914.19851,,,0,30,0.0,16,20222332,1000000000,15.170153617858887,-1485.5294017086053,299792458,20,-14665.377856149707,340282346638528860000000000000000000000,1575420030,,,,1,,1,52.76594161987305,,,,,,C,
Raw,1697800330125,20108000000,,,-1381835528017066356,0.0,1005498914.19851,,,0,9,0.0,16,5486673,1000000000,15.51009750366211,-602.2175115929285,299792458,20,-114211.99841215072,340282346638528860000000000000000000000,1176450050,,,,1,,1,8.884800910949707,,,,,,Q,
Raw,1697800330125,20108000000,,,-1381835528017066356,0.0,1005498914.19851,,,0,9,0.0,51,8098972,152,17.34739875793457,-1014.6023523503686,1.1700147860872168,20,-16808.57607729692,340282346638528860000000000000000000000,1600875010,,,,0,,3,63.91412353515625,,,,,,C,
Raw,1697800330125,20108000000,,,-1381835528017066356,0.0,1005498914.19851,,,0,7,0.0,17,844813,126,19.671127319335938,-697.8425916940646,1.0656535054067966,20,-10298.93151498803,340282346638528860000000000000000000000,1604812540,,,,0,,3,63.91412353515625,,,,,,C,
Raw,1697800330125,20108000000,,,-1381835528017066356,0.0,1005498914.19851,,,0,20,0.0,65583,472334139204934,19,25.618200302124023,-607.1290687508881,0.009054731577634811,17,775935.3814867073,0.004527365788817406,1561097980,,,,0,,5,61.96491241455078,,,,,,C,
Raw,1697800330125,20108000000,,,-1381835528017066356,0.0,1005498914.19851,,,0,24,0.0,1074,3860363,43,24.21970558166504,-1384.7125410053495,0.860212512130341,20,-20216.043932212688,340282346638528860000000000000000000000,1575420030,,,,0,,6,52.76594161987305,,,,,,C,
Raw,1697800331125,21108000000,,,-1381835528017069656,0.0,1005499017.19851,,,0,4,0.0,51,17502762,65,19.33042335510254,-413.9710382840117,1.0825319766248458,20,-6177.750441158201,340282346638528860000000000000000000000,1575420030,,,,0,,1,52.76594161987305,,,,,,C,
Raw,1697800331125,21108000000,,,-1381835528017069656,0.0,1005499017.19851,,,0,9,0.0,51,5488678,78,17.061269760131836,-601.0254435935867,1.182412279647389,20,-11098.245275446661,340282346638528860000000000000000000000,1575420030,,,,1,,1,52.76594161987305,,,,,,C,
Raw,1697800331125,21108000000,,,-1381835528017069656,0.0,1005499017.19851,,,0,30,0.0,16,20227215,1000000000,16.835487365722656,-1485.7644343287866,299792458,20,-16150.699366983346,340282346638528860000000000000000000000,1575420030,,,,0,,1,52.76594161987305,,,,,,C,
Raw,1697800331125,21108000000,,,-1381835528017069656,0.0,1005499017.19851,,,0,9,0.0,16,5488677,1000000000,11.51869010925293,-602.4312085953266,299792458,20,-114814.1265562064,340282346638528860000000000000000000000,1176450050,,,,0,,1,8.06670093536377,,,,,,Q,
Raw,1697800331125,21108000000,,,-1381835528017069656,0.0,1005499017.19851,,,0,9,0.0,51,8102357,148,17.68552017211914,-1014.6403883718481,1.1548105489785527,20,-17822.219713331586,340282346638528860000000000000000000000,1600875010,,,,0,,3,64.028076171875,,,,,,C,
Raw,1697800331125,21108000000,,,-1381835528017069656,0.0,1005499017.19851,,,0,7,0.0,17,847415,126,19.706615447998047,-699.1739206107586,1.0640582201127162,20,-10996.738058853593,340282346638528860000000000000000000000,1604812540,,,,1,,3,64.028076171875,,,,,,C,
Raw,1697800331125,21108000000,,,-1381835528017069656,0.0,1005499017.19851,,,0,20,0.0,65583,472335139206939,20,25.404155731201172,-607.1005954263965,0.00928063876926899,17,775328.2808912809,0.004640319384634495,1561097980,,,,0,,5,61.906715393066406,,,,,,C,
Raw,1697800331125,21108000000,,,-1381835528017069656,0.0,1005499017.19851,,,0,24,0.0,1074,3864932,43,24.43082618713379,-1385.4053691815452,0.8507195494792699,20,-21601.194763291354,340282346638528860000000000000000000000,1575420030,,,,0,,6,52.76594161987305,,,,,,C,
Raw,1697800332125,22108000000,,,-1381835528017072956,0.0,1005499120.19851,,,0,4,0.0,51,17504155,67,18.848159790039062,-414.65681139170715,1.1042192028756124,20,-6591.001176050701,340282346638528860000000000000000000000,1575420030,,,,0,,1,52.750877380371094,,,,,,C,
Raw,1697800332125,22108000000,,,-1381835528017072956,0.0,1005499120.19851,,,0,9,0.0,51,5490730,93,14.879279136657715,-602.2800869831044,1.2805343406306022,20,-11699.096835759674,340282346638528860000000000000000000000,1575420030,,,,1,,1,52.750877380371094,,,,,,C,
Raw,1697800332125,22108000000,,,-1381835528017072956,0.0,1005499120.19851,,,0,30,0.0,16,20232110,1000000000,16.420581817626953,-1484.798401181104,299792458,20,-17635.694053239036,340282346638528860000000000000000000000,1575420030,,,,1,,1,52.750877380371094,,,,,,C,
Raw,1697800332125,22108000000,,,-1381835528017072956,0.0,1005499120.19851,,,0,9,0.0,16,5490686,1000000000,7.0,-601.9844557552256,299792458,20,-115416.03183693712,340282346638528860000000000000000000000,1176450050,,,,1,,1,8.687385559082031,,,,,,Q,
Raw,1697800332125,22108000000,,,-1381835528017072956,0.0,1005499120.19851,,,0,9,0.0,51,8105924,156,17.09201431274414,-1013.81702438717,1.181500440800808,20,-18835.25756690729,340282346638528860000000000000000000000,1600875010,,,,0,,3,63.945350646972656,,,,,,C,
Raw,1697800332125,22108000000,,,-1381835528017072956,0.0,1005499120.19851,,,0,7,0.0,17,849463,119,20.438234329223633,-697.3967931627462,1.031158464771626,20,-11696.453797017786,340282346638528860000000000000000000000,1604812540,,,,0,,3,63.945350646972656,,,,,,C,
Raw,1697800332125,22108000000,,,-1381835528017072956,0.0,1005499120.19851,,,0,20,0.0,65583,472336139208991,18,26.125991821289062,-607.4150862126571,0.7772498218970099,20,774721.0247464011,340282346638528860000000000000000000000,1561097980,,,,0,,5,61.87746810913086,,,,,,C,
Raw,1697800332125,22108000000,,,-1381835528017072956,0.0,1005499120.19851,,,0,24,0.0,1074,3869567,44,24.115524291992188,-1384.496458230995,0.8648992493060148,20,-22987.523026272087,340282346638528860000000000000000000000,1575420030,,,,1,,6,52.750877380371094,,,,,,C,
Raw,1697800333125,23108000000,,,-1381835528017076256,0.0,1005499223.19851,,,0,4,0.0,51,17505537,69,18.445560455322266,-416.15425820149335,1.1223237105863122,20,-7005.726701004197,340282346638528860000000000000000000000,1575420030,,,,0,,1,52.90037536621094,,,,,,C,
Raw,1697800333125,23108000000,,,-1381835528017076256,0.0,1005499223.19851,,,0,6,0.0,16,20004543,1000000000,15.80828857421875,-446.4936089366861,299792458,22,-2247.427267462385,340282346638528860000000000000000000000,1575420030,,,,0,,1,52.90037536621094,,,,,,C,
Raw,1697800333125,23108000000,,,-1381835528017076256,0.0,1005499223.19851,,,0,9,0.0,51,5492675,89,15.337207794189453,-602.5926231094186,1.2599421464302267,20,-12302.421582365896,340282346638528860000000000000000000000,1575420030,,,,1,,1,52.90037536621094,,,,,,C,
Raw,1697800333125,23108000000,,,-1381835528017076256,0.0,1005499223.19851,,,0,9,0.0,16,5492693,1000000000,7.0,-601.0521642395006,299792458,20,-116017.6668407369,340282346638528860000000000000000000000,1176450050,,,,0,,1,9.983428001403809,,,,,,Q,
Raw,1697800333125,23108000000,,,-1381835528017076256,0.0,1005499223.19851,,,0,9,0.0,51,8109225,195,14.322491645812988,-1013.7852595376908,1.3060434617227763,20,-19848.293493764613,340282346638528860000000000000000000000,1600875010,,,,0,,3,61.556697845458984,,,,,,C,
Raw,1697800333125,23108000000,,,-1381835528017076256,0.0,1005499223.19851,,,0,7,0.0,17,851792,110,21.389423370361328,-695.3366449957684,0.988384981835499,20,-12393.073318862036,340282346638528860000000000000000000000,1604812540,,,,0,,3,61.556697845458984,,,,,,C,
Raw,1697800333125,23108000000,,,-1381835528017076256,0.0,1005499223.19851,,,0,20,0.0,65583,472337139210995,19,26.039905548095703,-607.3565283792559,0.008625620976090431,17,774113.6682180219,0.10033255364318346,1561097980,,,,0,,5,62.10871887207031,,,,,,C,
Raw,1697800333125,23108000000,,,-1381835528017076256,0.0,1005499223.19851,,,0,24,0.0,1074,3874234,42,24.53250503540039,-1385.7355600203382,0.846148839103829,20,-24374.608456129594,340282346638528860000000000000000000000,1575420030,,,,0,,6,52.90037536621094,,,,,,C,
Raw,1697800334125,24108000000,,,-1381835528017079556,0.0,1005499326.19851,,,0,4,0.0,51,17506970,78,17.078845977783203,-416.3270903385205,1.183783565984049,20,-7421.575015274237,340282346638528860000000000000000000000,1575420030,,,,0,,1,52.81098556518555,,,,,,C,
Raw,1697800334125,24108000000,,,-1381835528017079556,0.0,1005499326.19851,,,0,6,0.0,16,20006013,1000000000,14.475946426391602,-446.4936089366861,299792458,20,-2696.3232515900613,340282346638528860000000000000000000000,1575420030,,,,0,,1,52.81098556518555,,,,,,C,
Raw,1697800334125,24108000000,,,-1381835528017079556,0.0,1005499326.19851,,,0,9,0.0,51,5494745,91,15.127362251281738,-603.420963132749,1.2693789928491714,20,-12905.506792098653,340282346638528860000000000000000000000,1575420030,,,,1,,1,52.81098556518555,,,,,,C,
Raw,1697800334125,24108000000,,,-1381835528017079556,0.0,1005499326.19851,,,0,9,0.0,16,5494700,1000000000,7.0,-601.6396776250408,299792458,20,-116619.30951678181,340282346638528860000000000000000000000,1176450050,,,,0,,1,8.687385559082031,,,,,,Q,
Raw,1697800334125,24108000000,,,-1381835528017079556,0.0,1005499326.19851,,,0,9,0.0,51,8112924,176,15.576066970825195,-1011.9368315906327,1.2496721437108143,20,-20861.503069391205,340282346638528860000000000000000000000,1600875010,,,,0,,3,61.47423553466797,,,,,,C,
Raw,1697800334125,24108000000,,,-1381835528017079556,0.0,1005499326.19851,,,0,7,0.0,17,854224,106,21.824600219726562,-695.3312599676378,0.9688161267056805,20,-13087.793332511883,340282346638528860000000000000000000000,1604812540,,,,0,,3,61.47423553466797,,,,,,C,
Raw,1697800334125,24108000000,,,-1381835528017079556,0.0,1005499326.19851,,,0,20,0.0,65583,472338139213020,19,26.0201473236084,-607.2719398952613,0.7820102490714547,20,773506.373895269,340282346638528860000000000000000000000,1561097980,,,,0,,5,61.93585968017578,,,,,,C,
Raw,1697800334125,24108000000,,,-1381835528017079556,0.0,1005499326.19851,,,0,24,0.0,1074,3878863,42,24.744901657104492,-1384.4147966651663,0.8365984288746735,20,-25762.702844844425,340282346638528860000000000000000000000,1575420030,,,,0,,6,52.81098556518555,,,,,,C,
Raw,1697800335125,25108000000,,,-1381835528017082856,0.0,1005499429.19851,,,0,4,0.0,51,17508287,72,17.94024085998535,-414.73274710484,1.1450479222037044,20,-7838.303501893172,340282346638528860000000000000000000000,1575420030,,,,0,,1,52.81098556518555,,,,,,C,
Raw,1697800335125,25108000000,,,-1381835528017082856,0.0,1005499429.19851,,,0,6,0.0,16,20007584,1000000000,14.794678688049316,-449.6294335139803,299792458,20,-3145.8173502526897,340282346638528860000000000000000000000,1575420030,,,,0,,1,52.81098556518555,,,,,,C,
Raw,1697800335125,25108000000,,,-1381835528017082856,0.0,1005499429.19851,,,0,9,0.0,51,5496633,90,15.223241806030273,-603.1692982737845,1.2650676952336317,20,-13509.14985031698,340282346638528860000000000000000000000,1575420030,,,,1,,1,52.81098556518555,,,,,,C,
Raw,1697800335125,25108000000,,,-1381835528017082856,0.0,1005499429.19851,,,0,9,0.0,16,5496771,1000000000,7.0,-601.6348379162146,299792458,20,-117223.29968272746,340282346638528860000000000000000000000,1176450050,,,,0,,1,10.565475463867188,,,,,,Q,
Raw,1697800335125,25108000000,,,-1381835528017082856,0.0,1005499429.19851,,,0,9,0.0,51,8116372,190,14.638014793395996,-1014.0212464666547,1.2918559735221775,20,-21874.208083649177,340282346638528860000000000000000000000,1600875010,,,,0,,3,61.51556396484375,,,,,,C,
Raw,1697800335125,25108000000,,,-1381835528017082856,0.0,1005499429.19851,,,0,7,0.0,17,856527,100,22.584857940673828,-697.3328544743094,0.9346285604194922,20,-13782.955877526001,340282346638528860000000000000000000000,1604812540,,,,0,,3,61.51556396484375,,,,,,C,
Raw,1697800335125,25108000000,,,-1381835528017082856,0.0,1005499429.19851,,,0,20,0.0,65583,472339139215037,18,26.61136245727539,-607.0682123414008,0.008076394908130169,17,772899.3056829276,0.0040381974540650845,1561097980,,,,0,,5,61.96491241455078,,,,,,C,
Raw,1697800335125,25108000000,,,-1381835528017082856,0.0,1005499429.19851,,,0,24,0.0,1074,3883492,42,24.574352264404297,-1385.161611452494,0.8442687123420511,20,-27146.87811647191,340282346638528860000000000000000000000,1575420030,,,,1,,6,52.81098556518555,,,,,,C,
Raw,1697800336125,26108000000,,,-1381835528017086156,0.0,1005499532.19851,,,0,4,0.0,51,17509674,72,17.932353973388672,-414.2219192464761,1.1454028590360865,20,-8253.865209845391,340282346638528860000000000000000000000,1575420030,,,,0,,1,53.003517150878906,,,,,,C,
Raw,1697800336125,26108000000,,,-1381835528017086156,0.0,1005499532.19851,,,0,6,0.0,16,20009107,1000000000,14.007469177246094,-450.91884100915127,299792458,20,-3595.778959426146,340282346638528860000000000000000000000,1575420030,,,,0,,1,53.003517150878906,,,,,,C,
Raw,1697800336125,26108000000,,,-1381835528017086156,0.0,1005499532.19851,,,0,9,0.0,51,5498583,91,15.133350372314453,-602.0396693347925,1.2691104603694585,20,-14111.993001303166,340282346638528860000000000000000000000,1575420030,,,,1,,1,53.003517150878906,,,,,,C,
Raw,1697800336125,26108000000,,,-1381835528017086156,0.0,1005499532.19851,,,0,9,0.0,16,5498795,1000000000,8.621368408203125,-601.9310144633978,299792458,20,-117826.31937347038,340282346638528860000000000000000000000,1176450050,,,,1,,1,10.88136100769043,,,,,,Q,
Raw,1697800336125,26108000000,,,-1381835528017086156,0.0,1005499532.19851,,,0,9,0.0,51,8119486,186,14.858450889587402,-1013.4338694109406,1.2819438365962545,20,-22887.762816555372,340282346638528860000000000000000000000,1600875010,,,,0,,3,61.44657516479492,,,,,,C,
Raw,1697800336125,26108000000,,,-1381835528017086156,0.0,1005499532.19851,,,0,7,0.0,17,858748,97,22.900394439697266,-698.1830072698144,0.9204396743056376,20,-14479.709512974176,340282346638528860000000000000000000000,1604812540,,,,0,,3,61.44657516479492,,,,,,C,
Raw,1697800336125,26108000000,,,-1381835528017086156,0.0,1005499532.19851,,,0,20,0.0,65583,472340139217076,18,26.176860809326172,-606.8074483594391,0.00849068257957697,17,772292.4982345682,0.004245341289788485,1561097980,,,,0,,5,61.848121643066406,,,,,,C,
Raw,1697800336125,26108000000,,,-1381835528017086156,0.0,1005499532.19851,,,0,24,0.0,1074,3888123,41,24.914833068847656,-1384.5128178101259,0.8289584335278386,20,-28528.361821380964,340282346638528860000000000000000000000,1575420030,,,,1,,6,53.003517150878906,,,,,,C,
Raw,1697800337125,27108000000,,,-1381835528017089456,0.0,1005499635.19851,,,0,4,0.0,51,17511051,77,17.22519302368164,-415.0321955678494,1.1772033885870181,20,-8669.009751423362,340282346638528860000000000000000000000,1575420030,,,,0,,1,52.840885162353516,,,,,,C,
Raw,1697800337125,27108000000,,,-1381835528017089456,0.0,1005499635.19851,,,0,6,0.0,16,20010608,1000000000,13.091550827026367,-450.2676275123699,299792458,20,-4046.30993947163,340282346638528860000000000000000000000,1575420030,,,,0,,1,52.840885162353516,,,,,,C,
Raw,1697800337125,27108000000,,,-1381835528017089456,0.0,1005499635.19851,,,0,9,0.0,51,5500605,86,15.870808601379395,-601.660876912998,1.2359480970381682,20,-14713.851566804973,340282346638528860000000000000000000000,1575420030,,,,0,,1,52.840885162353516,,,,,,C,
Raw,1697800337125,27108000000,,,-1381835528017089456,0.0,1005499635.19851,,,0,9,0.0,16,5500796,1000000000,11.839075088500977,-600.5374509810931,299792458,20,-118422.37338896432,340282346638528860000000000000000000000,1176450050,,,,0,,1,10.1537446975708,,,,,,Q,
Raw,1697800337125,27108000000,,,-1381835528017089456,0.0,1005499635.19851,,,0,9,0.0,51,8122697,195,14.287962913513184,-1011.7956620557152,1.3075984738016295,20,-23901.23313713991,340282346638528860000000000000000000000,1600875010,,,,0,,3,63.91412353515625,,,,,,C,
Raw,1697800337125,27108000000,,,-1381835528017089456,0.0,1005499635.19851,,,0,7,0.0,17,861039,95,23.223773956298828,-697.8113039989767,0.9058979815129335,20,-15176.540537306279,340282346638528860000000000000000000000,1604812540,,,,0,,3,63.91412353515625,,,,,,C,
Raw,1697800337125,27108000000,,,-1381835528017089456,0.0,1005499635.19851,,,0,20,0.0,65583,472341139219098,18,26.421945571899414,-606.9371820072943,0.7639430190475767,20,771685.7442738756,340282346638528860000000000000000000000,1561097980,,,,0,,5,61.87746810913086,,,,,,C,
Raw,1697800337125,27108000000,,,-1381835528017089456,0.0,1005499635.19851,,,0,24,0.0,1074,3892711,40,25.268848419189453,-1385.1561582594504,0.8130396630435577,20,-29910.538692849233,340282346638528860000000000000000000000,1575420030,,,,0,,6,52.840885162353516,,,,,,C,
Raw,1697800338125,28108000000,,,-1381835528017092756,0.0,1005499738.19851,,,0,4,0.0,51,17512456,74,17.660762786865234,-414.1979933619971,1.1576164937194697,20,-9082.776905070803,340282346638528860000000000000000000000,1575420030,,,,0,,1,52.855796813964844,,,,,,C,
Raw,1697800338125,28108000000,,,-1381835528017092756,0.0,1005499738.19851,,,0,6,0.0,16,20012064,1000000000,16.120502471923828,-450.9217380179557,299792458,20,-4496.139526989775,340282346638528860000000000000000000000,1575420030,,,,0,,1,52.855796813964844,,,,,,C,
Raw,1697800338125,28108000000,,,-1381835528017092756,0.0,1005499738.19851,,,0,9,0.0,51,5502613,85,15.958805084228516,-601.6762821833463,1.2319913368512232,20,-15314.395559938253,340282346638528860000000000000000000000,1575420030,,,,0,,1,52.855796813964844,,,,,,C,
Raw,1697800338125,28108000000,,,-1381835528017092756,0.0,1005499738.19851,,,0,9,0.0,16,5502608,1000000000,8.893392562866211,-594.7202573017798,299792458,20,-119027.15338492801,340282346638528860000000000000000000000,1176450050,,,,1,,1,20.027101516723633,,,,,,Q,
Raw,1697800338125,28108000000,,,-1381835528017092756,0.0,1005499738.19851,,,0,9,0.0,51,8125983,160,16.775835037231445,-1012.2767018470781,1.1957222777271213,20,-24912.78994707702,340282346638528860000000000000000000000,1600875010,,,,1,,3,63.93495178222656,,,,,,C,
Raw,1697800338125,28108000000,,,-1381835528017092756,0.0,1005499738.19851,,,0,7,0.0,49,863270,86,24.490726470947266,-696.3319890560606,0.8489249616952885,20,-15873.386637131804,340282346638528860000000000000000000000,1604812540,,,,0,,3,63.93495178222656,,,,,,C,
Raw,1697800338125,28108000000,,,-1381835528017092756,0.0,1005499738.19851,,,0,20,0.0,65583,472342139221121,18,26.599246978759766,-606.7973956795176,0.00808766670525074,17,771078.9468781961,0.10006357650776361,1561097980,,,,0,,5,61.848121643066406,,,,,,C,
Raw,1697800338125,28108000000,,,-1381835528017092756,0.0,1005499738.19851,,,0,24,0.0,1074,3897344,38,25.83254051208496,-1384.9503002220526,0.7876919010814838,20,-31295.42473902945,340282346638528860000000000000000000000,1575420030,,,,0,,6,52.855796813964844,,,,,,C,
Raw,1697800339125,29108000000,,,-1381835528017096056,0.0,1005499841.19851,,,0,4,0.0,51,17513906,66,19.143537521362305,-415.3943898333173,1.090938095003167,20,-9497.004117359344,340282346638528860000000000000000000000,1575420030,,,,0,,1,52.855796813964844,,,,,,C,
Raw,1697800339125,29108000000,,,-1381835528017096056,0.0,1005499841.19851,,,0,6,0.0,16,20013513,1000000000,15.833036422729492,-449.47858456141034,299792458,20,-4944.533362107688,340282346638528860000000000000000000000,1575420030,,,,0,,1,52.855796813964844,,,,,,C,
Raw,1697800339125,29108000000,,,-1381835528017096056,0.0,1005499841.19851,,,0,9,0.0,51,5504671,84,16.127506256103516,-601.6406319338234,1.224405327582982,20,-15915.95473068227,340282346638528860000000000000000000000,1575420030,,,,0,,1,52.855796813964844,,,,,,C,
Raw,1697800339125,29108000000,,,-1381835528017096056,0.0,1005499841.19851,,,0,9,0.0,16,5504598,1000000000,7.0,-593.6714719496599,299792458,20,-119628.78689057923,340282346638528860000000000000000000000,1176450050,,,,1,,1,9.632434844970703,,,,,,Q,
Raw,1697800339125,29108000000,,,-1381835528017096056,0.0,1005499841.19851,,,0,9,0.0,51,8129163,154,17.202856063842773,-1013.9579212624353,1.1765201418414124,20,-25924.933335590293,340282346638528860000000000000000000000,1600875010,,,,1,,3,61.556697845458984,,,,,,C,
Raw,1697800339125,29108000000,,,-1381835528017096056,0.0,1005499841.19851,,,0,7,0.0,49,865606,83,24.83575439453125,-695.7433850319117,0.8334097887381517,20,-16570.454946937083,340282346638528860000000000000000000000,1604812540,,,,0,,3,61.556697845458984,,,,,,C,
Raw,1697800339125,29108000000,,,-1381835528017096056,0.0,1005499841.19851,,,0,20,0.0,65583,472343139223144,17,26.995391845703125,-607.0409142719582,0.007727091666311026,17,770471.9059639241,0.09988328898829375,1561097980,,,,0,,5,61.833412170410156,,,,,,C,
Raw,1697800339125,29108000000,,,-1381835528017096056,0.0,1005499841.19851,,,0,24,0.0,1074,3901948,39,25.662076950073242,-1385.2849899451066,0.7953582570782856,20,-32680.574503845648,340282346638528860000000000000000000000,1575420030,,,,0,,6,52.855796813964844,,,,,,C,
Raw,1697800340125,30108000000,,,-1381835528017099356,0.0,1005499944.19851,,,0,4,0.0,39,2137515267,66,19.16518783569336,-416.42303245363223,1.0899646814060322,20,-9912.475852686335,340282346638528860000000000000000000000,1575420030,,,,0,,1,52.95946502685547,,,,,,C,
Raw,1697800340125,30108000000,,,-1381835528017099356,0.0,1005499944.19851,,,0,6,0.0,16,20014976,1000000000,16.735332489013672,-449.272624276643,299792458,20,-5392.811347090709,340282346638528860000000000000000000000,1575420030,,,,0,,1,52.95946502685547,,,,,,C,
Raw,1697800340125,30108000000,,,-1381835528017099356,0.0,1005499944.19851,,,0,9,0.0,51,5506684,86,15.762537956237793,-601.2502514768112,1.2408178942830563,20,-16517.18217487649,340282346638528860000000000000000000000,1575420030,,,,0,,1,52.95946502685547,,,,,,C,
Raw,1697800340125,30108000000,,,-1381835528017099356,0.0,1005499944.19851,,,0,9,0.0,16,5506622,1000000000,7.0,-601.6396776250408,299792458,20,-120230.4659625715,340282346638528860000000000000000000000,1176450050,,,,1,,1,9.077828407287598,,,,,,Q,
Raw,1697800340125,30108000000,,,-1381835528017099356,0.0,1005499944.19851,,,0,9,0.0,51,8132681,140,18.36809539794922,-1013.7217980036453,1.1241214270332947,20,-26939.90684603419,340282346638528860000000000000000000000,1600875010,,,,0,,3,61.584014892578125,,,,,,C,
Raw,1697800340125,30108000000,,,-1381835528017099356,0.0,1005499944.19851,,,0,7,0.0,51,8867975,80,25.361927032470703,-697.3803654187022,0.8097489752393612,20,-17267.72117503866,340282346638528860000000000000000000000,1604812540,,,,0,,3,61.584014892578125,,,,,,C,
Raw,1697800340125,30108000000,,,-1381835528017099356,0.0,1005499944.19851,,,0,20,0.0,65583,472344139225181,17,27.32467269897461,-607.2367494611535,0.007439642213284969,17,769864.669214463,0.09973956426178072,1561097980,,,,0,,5,62.10871887207031,,,,,,C,
Raw,1697800340125,30108000000,,,-1381835528017099356,0.0,1005499944.19851,,,0,24,0.0,1074,3906573,39,25.610103607177734,-1385.28103638015,0.7976963668495887,20,-34065.865531477095,340282346638528860000000000000000000000,1575420030,,,,1,,6,52.95946502685547,,,,,,C,
Raw,1697800341125,31108000000,,,-1381835528017102656,0.0,1005500047.19851,,,0,4,0.0,39,3137516637,65,19.311885833740234,-416.0705176058168,1.0833681284537189,20,-10328.197404091738,340282346638528860000000000000000000000,1575420030,,,,0,,1,52.855796813964844,,,,,,C,
Raw,1697800341125,31108000000,,,-1381835528017102656,0.0,1005500047.19851,,,0,9,0.0,51,5508713,86,15.776334762573242,-601.4081895803379,1.240197886470452,20,-17117.502202866806,340282346638528860000000000000000000000,1575420030,,,,1,,1,52.855796813964844,,,,,,C,
Raw,1697800341125,31108000000,,,-1381835528017102656,0.0,1005500047.19851,,,0,9,0.0,16,5508691,1000000000,7.0,-601.6348379162146,299792458,20,-120830.50706370285,340282346638528860000000000000000000000,1176450050,,,,1,,1,9.451472282409668,,,,,,Q,
Raw,1697800341125,31108000000,,,-1381835528017102656,0.0,1005500047.19851,,,0,9,0.0,51,8135987,133,19.004131317138672,-1013.1588239868015,1.0955200552519524,20,-27952.862810501414,340282346638528860000000000000000000000,1600875010,,,,0,,3,63.903690338134766,,,,,,C,
Raw,1697800341125,31108000000,,,-1381835528017102656,0.0,1005500047.19851,,,0,7,0.0,51,8870301,81,25.158262252807617,-697.4082448681379,0.8189079697568875,20,-17965.141697521813,340282346638528860000000000000000000000,1604812540,,,,0,,3,63.903690338134766,,,,,,C,
Raw,1697800341125,31108000000,,,-1381835528017102656,0.0,1005500047.19851,,,0,20,0.0,65583,472345139227205,18,26.47277069091797,-607.4404193605296,0.008206293918192387,17,769257.2287951024,0.004103146959096193,1561097980,,,,0,,5,62.08014678955078,,,,,,C,
Raw,1697800341125,31108000000,,,-1381835528017102656,0.0,1005500047.19851,,,0,24,0.0,1074,3911165,39,25.399930953979492,-1385.9074719310393,0.8071483240451558,20,-35451.36658316547,340282346638528860000000000000000000000,1575420030,,,,0,,6,52.855796813964844,,,,,,C,
Raw,1697800342125,32108000000,,,-1381835528017105956,0.0,1005500150.19851,,,0,4,0.0,39,4137517989,65,19.181575775146484,-415.34548150820706,1.0892282473894075,20,-10744.072379890044,340282346638528860000000000000000000000,1575420030,,,,0,,1,52.855796813964844,,,,,,C,
Raw,1697800342125,32108000000,,,-1381835528017105956,0.0,1005500150.19851,,,0,9,0.0,51,5510705,87,15.703123092651367,-601.566741168082,1.2434904381589895,20,-17718.662897998547,340282346638528860000000000000000000000,1575420030,,,,0,,1,52.855796813964844,,,,,,C,
Raw,1697800342125,32108000000,,,-1381835528017105956,0.0,1005500150.19851,,,0,9,0.0,16,5510698,1000000000,7.0,-601.6396776250408,299792458,20,-121432.14681159859,340282346638528860000000000000000000000,1176450050,,,,1,,1,9.632434844970703,,,,,,Q,
Raw,1697800342125,32108000000,,,-1381835528017105956,0.0,1005500150.19851,,,0,9,0.0,51,8139308,127,19.56471824645996,-1012.851741053531,1.0703118183462688,20,-28964.89454645304,340282346638528860000000000000000000000,1600875010,,,,0,,3,63.91412353515625,,,,,,C,
Raw,1697800342125,32108000000,,,-1381835528017105956,0.0,1005500150.19851,,,0,7,0.0,99,148872622,81,25.158044815063477,-697.8905797928487,0.8189180214188698,20,-18662.731453524633,340282346638528860000000000000000000000,1604812540,,,,0,,3,63.91412353515625,,,,,,C,
Raw,1697800342125,32108000000,,,-1381835528017105956,0.0,1005500150.19851,,,0,20,0.0,65583,472346139229241,18,26.28934097290039,-607.6042682208354,0.008381438441574574,17,768649.6245268816,0.004190719220787287,1561097980,,,,0,,5,62.037113189697266,,,,,,C,
Raw,1697800342125,32108000000,,,-1381835528017105956,0.0,1005500150.19851,,,0,24,0.0,1074,3915810,40,25.277477264404297,-1384.8465532243972,0.8126558360038887,20,-36836.98196963324,340282346638528860000000000000000000000,1575420030,,,,0,,6,52.855796813964844,,,,,,C,
Raw,1697800343125,33108000000,,,-1381835528017109256,0.0,1005500253.19851,,,0,4,0.0,39,5137519418,67,18.926128387451172,-416.09481839731757,1.100715632852744,20,-11160.116517584547,340282346638528860000000000000000000000,1575420030,,,,0,,1,52.750877380371094,,,,,,C,
Raw,1697800343125,33108000000,,,-1381835528017109256,0.0,1005500253.19851,,,0,9,0.0,51,5512715,88,15.57917594909668,-603.0695048410857,1.2490646505502143,20,-18319.995319129346,340282346638528860000000000000000000000,1575420030,,,,1,,1,52.750877380371094,,,,,,C,
Raw,1697800343125,33108000000,,,-1381835528017109256,0.0,1005500253.19851,,,0,9,0.0,16,5512705,1000000000,7.0,-601.6396776250408,299792458,20,-122033.78653585786,340282346638528860000000000000000000000,1176450050,,,,1,,1,9.077828407287598,,,,,,Q,
Raw,1697800343125,33108000000,,,-1381835528017109256,0.0,1005500253.19851,,,0,9,0.0,51,8142806,143,18.16605567932129,-1012.9182018437505,1.1332087951382848,20,-29976.443374511528,340282346638528860000000000000000000000,1600875010,,,,0,,3,63.966102600097656,,,,,,C,
Raw,1697800343125,33108000000,,,-1381835528017109256,0.0,1005500253.19851,,,0,7,0.0,99,1148874989,86,24.468196868896484,-697.9131423790668,0.8499402461228001,20,-19360.422508958905,340282346638528860000000000000000000000,1604812540,,,,0,,3,63.966102600097656,,,,,,C,
Raw,1697800343125,33108000000,,,-1381835528017109256,0.0,1005500253.19851,,,0,20,0.0,65583,472347139231255,18,26.12143325805664,-607.7191251987824,0.008545037358999252,17,768041.9054016828,0.004272518679499626,1561097980,,,,0,,5,61.99386215209961,,,,,,C,
Raw,1697800343125,33108000000,,,-1381835528017109256,0.0,1005500253.19851,,,0,24,0.0,1074,3920436,37,26.077503204345703,-1385.6766655354668,0.7766803386635086,20,-38222.774995986285,340282346638528860000000000000000000000,1575420030,,,,1,,6,52.750877380371094,,,,,,C,
Raw,1697800344125,34108000000,,,-1381835528017112556,0.0,1005500356.19851,,,0,4,0.0,39,137520837,73,17.777210235595703,-417.54560632412404,1.1523815082783235,20,-11576.400055011394,340282346638528860000000000000000000000,1575420030,,,,0,,1,52.795997619628906,,,,,,C,
Raw,1697800344125,34108000000,,,-1381835528017112556,0.0,1005500356.19851,,,0,9,0.0,51,5514593,89,15.430861473083496,-603.6230039350162,1.2557345606648092,20,-18923.305436461374,340282346638528860000000000000000000000,1575420030,,,,1,,1,52.795997619628906,,,,,,C,
Raw,1697800344125,34108000000,,,-1381835528017112556,0.0,1005500356.19851,,,0,9,0.0,16,5514729,1000000000,7.0,-601.6396776250408,299792458,20,-122637.89996158815,340282346638528860000000000000000000000,1176450050,,,,1,,1,9.451472282409668,,,,,,Q,
Raw,1697800344125,34108000000,,,-1381835528017112556,0.0,1005500356.19851,,,0,9,0.0,51,8146295,154,17.183441162109375,-1012.87723473101,1.1773964337509168,20,-30989.714586609345,340282346638528860000000000000000000000,1600875010,,,,0,,3,63.93495178222656,,,,,,C,
Raw,1697800344125,34108000000,,,-1381835528017112556,0.0,1005500356.19851,,,0,7,0.0,99,148877290,87,24.289243698120117,-697.8470118185942,0.010264299809932709,17,-20058.2695207775,0.005132149904966354,1604812540,,,,0,,3,63.93495178222656,,,,,,C,
Raw,1697800344125,34108000000,,,-1381835528017112556,0.0,1005500356.19851,,,0,20,0.0,65583,472348139233292,19,25.970491409301758,-607.9021542371484,0.008694828487932682,17,767434.0032474457,0.004347414243966341,1561097980,,,,0,,5,61.93585968017578,,,,,,C,
Raw,1697800344125,34108000000,,,-1381835528017112556,0.0,1005500356.19851,,,0,24,0.0,1074,3925054,37,26.245098114013672,-1385.5881874783336,0.7691446542724769,20,-39608.660871664586,340282346638528860000000000000000000000,1575420030,,,,0,,6,52.795997619628906,,,,,,C,
Raw,1697800345125,35108000000,,,-1381835528017115856,0.0,1005500459.19851,,,0,4,0.0,39,1137522249,67,18.89506721496582,-417.5953326281908,1.1021130135701793,20,-11992.607349990396,340282346638528860000000000000000000000,1575420030,,,,0,,1,52.795997619628906,,,,,,C,
Raw,1697800345125,35108000000,,,-1381835528017115856,0.0,1005500459.19851,,,0,9,0.0,51,5516509,91,15.09508228302002,-604.4326667721721,1.2708345533849679,20,-19527.02121788696,340282346638528860000000000000000000000,1575420030,,,,1,,1,52.795997619628906,,,,,,C,
Raw,1697800345125,35108000000,,,-1381835528017115856,0.0,1005500459.19851,,,0,9,0.0,16,5516744,1000000000,7.0,-601.6348379162146,299792458,20,-123242.02530367332,340282346638528860000000000000000000000,1176450050,,,,1,,1,8.884800910949707,,,,,,Q,
Raw,1697800345125,35108000000,,,-1381835528017115856,0.0,1005500459.19851,,,0,9,0.0,51,8149728,193,14.436578750610352,-1012.0731614167239,1.3009203093420956,20,-32003.593196946487,340282346638528860000000000000000000000,1600875010,,,,0,,3,61.584014892578125,,,,,,C,
Raw,1697800345125,35108000000,,,-1381835528017115856,0.0,1005500459.19851,,,0,7,0.0,99,1148879635,87,24.283842086791992,-698.1744184907707,0.858231269643059,20,-20756.346736262076,340282346638528860000000000000000000000,1604812540,,,,0,,3,61.584014892578125,,,,,,C,
Raw,1697800345125,35108000000,,,-1381835528017115856,0.0,1005500459.19851,,,0,20,0.0,65583,472349139235330,19,25.9051513671875,-608.0706870548893,0.008760483004152775,17,766825.9325603908,0.004380241502076387,1561097980,,,,0,,5,62.037113189697266,,,,,,C,
Raw,1697800345125,35108000000,,,-1381835528017115856,0.0,1005500459.19851,,,0,24,0.0,1074,3929672,37,26.16508674621582,-1385.9314659804313,0.7727434155313366,20,-40994.75573819859,340282346638528860000000000000000000000,1575420030,,,,0,,6,52.795997619628906,,,,,,C,
Raw,1697800346125,36108000000,,,-1381835528017119156,0.0,1005500562.19851,,,0,4,0.0,39,2137523638,81,16.597797393798828,-416.98903980910654,1.2054188697424566,20,-12408.954735897116,340282346638528860000000000000000000000,1575420030,,,,1,,1,52.795997619628906,,,,,,C,
Raw,1697800346125,36108000000,,,-1381835528017119156,0.0,1005500562.19851,,,0,9,0.0,51,5518516,94,14.674482345581055,-604.7918958639225,1.2897487191399781,20,-20131.24150941082,340282346638528860000000000000000000000,1575420030,,,,1,,1,52.795997619628906,,,,,,C,
Raw,1697800346125,36108000000,,,-1381835528017119156,0.0,1005500562.19851,,,0,9,0.0,16,5518760,1000000000,7.0,-604.1258564985537,299792458,20,-123846.16346370534,340282346638528860000000000000000000000,1176450050,,,,0,,1,9.172757148742676,,,,,,Q,
Raw,1697800346125,36108000000,,,-1381835528017119156,0.0,1005500562.19851,,,0,9,0.0,51,8153110,263,10.573028564453125,-1013.1278089513658,1.4746602911779743,20,-33015.18799500588,340282346638528860000000000000000000000,1600875010,,,,1,,3,61.584014892578125,,,,,,C,
Raw,1697800346125,36108000000,,,-1381835528017119156,0.0,1005500562.19851,,,0,7,0.0,99,148881954,85,24.52395248413086,-698.2012073015976,0.847434187058905,20,-21454.45227744354,340282346638528860000000000000000000000,1604812540,,,,0,,3,61.584014892578125,,,,,,C,
Raw,1697800346125,36108000000,,,-1381835528017119156,0.0,1005500562.19851,,,0,20,0.0,65583,472350139237355,18,26.21470069885254,-608.1961967252428,0.008453774265944958,17,766217.7363636656,0.004226887132972479,1561097980,,,,0,,5,61.72974395751953,,,,,,C,
Raw,1697800346125,36108000000,,,-1381835528017119156,0.0,1005500562.19851,,,0,24,0.0,1074,3934322,40,25.329748153686523,-1385.058409774143,0.810308473378178,20,-42380.89752929619,340282346638528860000000000000000000000,1575420030,,,,1,,6,52.795997619628906,,,,,,C,
Raw,1697800347125,37108000000,,,-1381835528017122456,0.0,1005500665.19851,,,0,4,0.0,39,3137525005,92,15.030183792114258,-416.8343395389495,1.2759129725414624,20,-12826.02146736713,340282346638528860000000000000000000000,1575420030,,,,0,,1,52.855796813964844,,,,,,C,
Raw,1697800347125,37108000000,,,-1381835528017122456,0.0,1005500665.19851,,,0,9,0.0,51,5520589,97,14.327207565307617,-604.6632005080924,1.305365673495598,20,-20735.983280377448,340282346638528860000000000000000000000,1575420030,,,,1,,1,52.855796813964844,,,,,,C,
Raw,1697800347125,37108000000,,,-1381835528017122456,0.0,1005500665.19851,,,0,9,0.0,16,5520532,1000000000,9.372169494628906,-604.1209486248144,299792458,20,-124449.78565361438,340282346638528860000000000000000000000,1176450050,,,,0,,1,9.632434844970703,,,,,,Q,
Raw,1697800347125,37108000000,,,-1381835528017122456,0.0,1005500665.19851,,,0,9,0.0,48,8156394,1000000000,10.00367546081543,-1012.7623086876151,299792458,20,-34028.48258409852,340282346638528860000000000000000000000,1600875010,,,,1,,3,63.93495178222656,,,,,,C,
Raw,1697800347125,37108000000,,,-1381835528017122456,0.0,1005500665.19851,,,0,7,0.0,99,1148884279,85,24.5780029296875,-698.0428602085926,0.8450040147146116,20,-22152.64366935668,340282346638528860000000000000000000000,1604812540,,,,0,,3,63.93495178222656,,,,,,C,
Raw,1697800347125,37108000000,,,-1381835528017122456,0.0,1005500665.19851,,,0,20,0.0,65583,472351139239389,18,26.489789962768555,-608.3033849982312,0.008190230466425419,17,765609.4329786673,0.004095115233212709,1561097980,,,,0,,5,62.16558074951172,,,,,,C,
Raw,1697800347125,37108000000,,,-1381835528017122456,0.0,1005500665.19851,,,0,24,0.0,1074,3938939,39,25.565916061401367,-1386.6001637774089,0.7996891920467046,20,-43767.20153528872,340282346638528860000000000000000000000,1575420030,,,,1,,6,52.855796813964844,,,,,,C,
Raw,1697800348125,38108000000,,,-1381835528017125756,0.0,1005500768.1985099,,,0,4,0.0,39,4137526359,81,16.615463256835938,-417.0021274724113,1.2046248550131518,20,-13242.809296588493,340282346638528860000000000000000000000,1575420030,,,,0,,1,52.840885162353516,,,,,,C,
Raw,1697800348125,38108000000,,,-1381835528017125756,0.0,1005500768.1985099,,,0,9,0.0,51,5522767,98,14.181123733520508,-604.2781369142976,1.3119353332595614,20,-21340.985141212816,340282346638528860000000000000000000000,1575420030,,,,1,,1,52.840885162353516,,,,,,C,
Raw,1697800348125,38108000000,,,-1381835528017125756,0.0,1005500768.1985099,,,0,9,0.0,16,5522547,1000000000,7.0,-604.1258564985537,299792458,20,-125053.91152700168,340282346638528860000000000000000000000,1176450050,,,,1,,1,9.451472282409668,,,,,,Q,
Raw,1697800348125,38108000000,,,-1381835528017125756,0.0,1005500768.1985099,,,0,9,0.0,51,8159680,262,10.64862060546875,-1015.0184991445121,1.4712622968895692,20,-35042.39985830631,340282346638528860000000000000000000000,1600875010,,,,0,,3,63.903690338134766,,,,,,C,
Raw,1697800348125,38108000000,,,-1381835528017125756,0.0,1005500768.1985099,,,0,7,0.0,99,148886596,88,24.1451416015625,-698.434944788431,0.8644697570999891,20,-22850.879776263962,340282346638528860000000000000000000000,1604812540,,,,0,,3,63.903690338134766,,,,,,C,
Raw,1697800348125,38108000000,,,-1381835528017125756,0.0,1005500768.1985099,,,0,20,0.0,65583,472352139241415,18,26.22008514404297,-608.386395691894,0.008448533713817596,17,765001.0465829754,0.004224266856908798,1561097980,,,,0,,5,61.759490966796875,,,,,,C,
Raw,1697800348125,38108000000,,,-1381835528017125756,0.0,1005500768.1985099,,,0,24,0.0,1074,3943554,39,25.381149291992188,-1386.7475363194135,0.8079987212757787,20,-45153.52776566931,340282346638528860000000000000000000000,1575420030,,,,0,,6,52.840885162353516,,,,,,C,
Raw,1697800349125,39108000000,,,-1381835528017129056,0.0,1005500871.1985099,,,0,4,0.0,39,5137527723,76,17.363388061523438,-416.92554419260455,1.1709917277511401,20,-13659.47037640693,340282346638528860000000000000000000000,1575420030,,,,0,,1,52.929969787597656,,,,,,C,
Raw,1697800349125,39108000000,,,-1381835528017129056,0.0,1005500871.1985099,,,0,9,0.0,51,5524735,90,15.185396194458008,-602.5830800215922,1.2667746138862839,20,-21945.60283643615,340282346638528860000000000000000000000,1575420030,,,,1,,1,52.929969787597656,,,,,,C,
Raw,1697800349125,39108000000,,,-1381835528017129056,0.0,1005500871.1985099,,,0,9,0.0,16,5524562,1000000000,7.900964736938477,-604.1258564985537,299792458,20,-125658.0373761931,340282346638528860000000000000000000000,1176450050,,,,1,,1,8.687385559082031,,,,,,Q,
Raw,1697800349125,39108000000,,,-1381835528017129056,0.0,1005500871.1985099,,,0,9,0.0,51,8163186,239,11.785829544067383,-1014.9471986454664,1.4201239672998165,20,-36057.00894672296,340282346638528860000000000000000000000,1600875010,,,,0,,3,61.556697845458984,,,,,,C,
Raw,1697800349125,39108000000,,,-1381835528017129056,0.0,1005500871.1985099,,,0,7,0.0,99,1148888911,88,24.11048126220703,-698.3993627038212,0.8660287632167161,20,-23549.215769203278,340282346638528860000000000000000000000,1604812540,,,,0,,3,61.556697845458984,,,,,,C,
Raw,1697800349125,39108000000,,,-1381835528017129056,0.0,1005500871.1985099,,,0,20,0.0,65583,472353139243452,18,26.35177230834961,-608.4931263088947,0.008321412838995457,17,764392.5534566665,0.004160706419497728,1561097980,,,,0,,5,61.906715393066406,,,,,,C,
Raw,1697800349125,39108000000,,,-1381835528017129056,0.0,1005500871.1985099,,,0,24,0.0,1074,3948161,42,24.648801803588867,-1387.1753393136878,0.8409324259387958,20,-46539.98672295565,340282346638528860000000000000000000000,1575420030,,,,0,,6,52.929969787597656,,,,,,C,
Raw,1697800350125,40108000000,,,-1381835528017132356,0.0,1005500974.1985099,,,0,4,0.0,38,137529132,1000000000,17.560152053833008,-417.6374244619965,299792458,20,-14076.822904201597,340282346638528860000000000000000000000,1575420030,,,,0,,1,52.81098556518555,,,,,,C,
Raw,1697800350125,40108000000,,,-1381835528017132356,0.0,1005500974.1985099,,,0,9,0.0,51,5526638,86,15.855716705322266,-603.4206223081837,1.2366314769183697,20,-22549.39053264513,340282346638528860000000000000000000000,1575420030,,,,1,,1,52.81098556518555,,,,,,C,
Raw,1697800350125,40108000000,,,-1381835528017132356,0.0,1005500974.1985099,,,0,9,0.0,16,5526744,1000000000,10.514270782470703,-604.1258564985537,299792458,20,-126259.68950032911,340282346638528860000000000000000000000,1176450050,,,,1,,1,8.884800910949707,,,,,,Q,
Raw,1697800350125,40108000000,,,-1381835528017132356,0.0,1005500974.1985099,,,0,9,0.0,51,8166648,214,13.161823272705078,-1014.5868107501942,1.3582476668864416,20,-37072.282428187,340282346638528860000000000000000000000,1600875010,,,,0,,3,63.99714279174805,,,,,,C,
Raw,1697800350125,40108000000,,,-1381835528017132356,0.0,1005500974.1985099,,,0,7,0.0,99,148891299,85,24.593053817749023,-698.237607365164,0.8443284897755619,20,-24247.62909297796,340282346638528860000000000000000000000,1604812540,,,,0,,3,63.99714279174805,,,,,,C,
Raw,1697800350125,40108000000,,,-1381835528017132356,0.0,1005500974.1985099,,,0,20,0.0,65583,472354139245476,18,26.63486099243164,-608.5797947258687,0.008054574951529503,17,763783.9736619407,0.0040272874757647514,1561097980,,,,0,,5,61.833412170410156,,,,,,C,
Raw,1697800350125,40108000000,,,-1381835528017132356,0.0,1005500974.1985099,,,0,24,0.0,1074,3952801,42,24.71979331970215,-1385.8635737270379,0.8377407237065708,20,-47926.49249632369,340282346638528860000000000000000000000,1575420030,,,,0,,6,52.81098556518555,,,,,,C,
Raw,1697800351125,41108000000,,,-1381835528017135656,0.0,1005501077.1985099,,,0,4,0.0,39,1137530529,69,18.45431137084961,-417.39922217335857,1.1219346912974073,20,-14494.921269595434,340282346638528860000000000000000000000,1575420030,,,,0,,1,52.90037536621094,,,,,,C,
Raw,1697800351125,41108000000,,,-1381835528017135656,0.0,1005501077.1985099,,,0,9,0.0,51,5528638,71,18.199939727783203,-603.3027651735279,1.1312148382971046,20,-23152.727193698993,340282346638528860000000000000000000000,1575420030,,,,1,,1,52.90037536621094,,,,,,C,
Raw,1697800351125,41108000000,,,-1381835528017135656,0.0,1005501077.1985099,,,0,9,0.0,16,5528737,1000000000,7.0,-602.8633059791227,299792458,20,-126861.42380703232,340282346638528860000000000000000000000,1176450050,,,,0,,1,9.983428001403809,,,,,,Q,
Raw,1697800351125,41108000000,,,-1381835528017135656,0.0,1005501077.1985099,,,0,9,0.0,51,8170038,129,19.391897201538086,-1013.7052339297752,1.0780888757594718,20,-38087.56208464015,340282346638528860000000000000000000000,1600875010,,,,0,,3,63.91412353515625,,,,,,C,
Raw,1697800351125,41108000000,,,-1381835528017135656,0.0,1005501077.1985099,,,0,7,0.0,99,1148893613,85,24.591209411621094,-697.7370042437569,0.844411698897932,20,-24946.043498647694,340282346638528860000000000000000000000,1604812540,,,,0,,3,63.91412353515625,,,,,,C,
Raw,1697800351125,41108000000,,,-1381835528017135656,0.0,1005501077.1985099,,,0,20,0.0,65583,472355139247496,18,26.082836151123047,-608.6334353238344,0.008583093993365765,17,763175.3402266168,0.004291546996682882,1561097980,,,,0,,5,62.361724853515625,,,,,,C,
Raw,1697800351125,41108000000,,,-1381835528017135656,0.0,1005501077.1985099,,,0,24,0.0,1074,3957424,41,24.977182388305664,-1386.5731704718428,0.8261672001597566,20,-49313.04698327344,340282346638528860000000000000000000000,1575420030,,,,1,,6,52.90037536621094,,,,,,C,
Raw,1697800352125,42108000000,,,-1381835528017138956,0.0,1005501180.1985099,,,0,4,0.0,39,2137531897,66,19.117816925048828,-416.51600939502646,1.092097963601709,20,-14913.077316823921,340282346638528860000000000000000000000,1575420030,,,,0,,1,52.95946502685547,,,,,,C,
Raw,1697800352125,42108000000,,,-1381835528017138956,0.0,1005501180.1985099,,,0,9,0.0,51,5530695,78,17.064512252807617,-602.818794290904,1.182273952802361,20,-23755.981558792897,340282346638528860000000000000000000000,1575420030,,,,0,,1,52.95946502685547,,,,,,C,
Raw,1697800352125,42108000000,,,-1381835528017138956,0.0,1005501180.1985099,,,0,9,0.0,16,5530767,1000000000,7.0,-602.9022281444718,299792458,20,-127463.33208737115,340282346638528860000000000000000000000,1176450050,,,,1,,1,8.884800910949707,,,,,,Q,
Raw,1697800352125,42108000000,,,-1381835528017138956,0.0,1005501180.1985099,,,0,9,0.0,48,8173364,1000000000,19.920766830444336,-1013.1984959661941,299792458,20,-39101.08183621192,340282346638528860000000000000000000000,1600875010,,,,0,,3,63.93495178222656,,,,,,C,
Raw,1697800352125,42108000000,,,-1381835528017138956,0.0,1005501180.1985099,,,0,7,0.0,227,51152148895947,82,25.01448631286621,-698.6373216446045,0.009442069567739964,17,-25644.6808202923,0.004721034783869982,1604812540,,,,0,,3,63.93495178222656,,,,,,C,
Raw,1697800352125,42108000000,,,-1381835528017138956,0.0,1005501180.1985099,,,0,20,0.0,65583,472356139249527,18,26.357866287231445,-608.8432743574958,0.008315576240420341,17,762566.4969522593,0.004157788120210171,1561097980,,,,0,,5,61.848121643066406,,,,,,C,
Raw,1697800352125,42108000000,,,-1381835528017138956,0.0,1005501180.1985099,,,0,24,0.0,1074,3962036,40,25.28013038635254,-1387.0391458174226,0.8125447351837001,20,-50699.7548362356,340282346638528860000000000000000000000,1575420030,,,,1,,6,52.95946502685547,,,,,,C,
Raw,1697800353125,43108000000,,,-1381835528017142256,0.0,1005501283.1985099,,,0,4,0.0,39,3137533387,69,18.514598846435547,-415.4229168494269,1.1192242040616733,20,-15329.783328339137,340282346638528860000000000000000000000,1575420030,,,,0,,1,52.855796813964844,,,,,,C,
Raw,1697800353125,43108000000,,,-1381835528017142256,0.0,1005501283.1985099,,,0,9,0.0,51,5532717,73,17.823829650878906,-603.3932881780524,1.1481286567503366,20,-24359.65120138149,340282346638528860000000000000000000000,1575420030,,,,0,,1,52.855796813964844,,,,,,C,
Raw,1697800353125,43108000000,,,-1381835528017142256,0.0,1005501283.1985099,,,0,9,0.0,16,5532707,1000000000,8.862907409667969,-603.8684657868935,299792458,20,-128066.78111649601,340282346638528860000000000000000000000,1176450050,,,,1,,1,8.884800910949707,,,,,,Q,
Raw,1697800353125,43108000000,,,-1381835528017142256,0.0,1005501283.1985099,,,0,9,0.0,51,8176715,119,20.414512634277344,-1012.9218145841419,1.032104252940134,20,-40112.81549974039,340282346638528860000000000000000000000,1600875010,,,,0,,3,61.37702941894531,,,,,,C,
Raw,1697800353125,43108000000,,,-1381835528017142256,0.0,1005501283.1985099,,,0,7,0.0,227,51153148898220,80,25.383750915527344,-699.3004346893713,0.8087728989503105,20,-26343.347766335828,340282346638528860000000000000000000000,1604812540,,,,0,,3,61.37702941894531,,,,,,C,
Raw,1697800353125,43108000000,,,-1381835528017142256,0.0,1005501283.1985099,,,0,20,0.0,65583,472357139251555,18,26.431177139282227,-608.9082303458126,0.008245686069130898,17,761957.5887219135,0.004122843034565449,1561097980,,,,0,,5,61.77432632446289,,,,,,C,
Raw,1697800353125,43108000000,,,-1381835528017142256,0.0,1005501283.1985099,,,0,24,0.0,1074,3966665,40,25.074493408203125,-1386.691641090716,0.8217928633131093,20,-52086.56760038881,340282346638528860000000000000000000000,1575420030,,,,0,,6,52.855796813964844,,,,,,C,
Raw,1697800354125,44108000000,,,-1381835528017145556,0.0,1005501386.1985099,,,0,4,0.0,39,4137534758,68,18.729639053344727,-417.2023278220263,1.1095543721000922,20,-15745.471428628493,340282346638528860000000000000000000000,1575420030,,,,0,,1,52.88554382324219,,,,,,C,
Raw,1697800354125,44108000000,,,-1381835528017145556,0.0,1005501386.1985099,,,0,9,0.0,51,5534768,74,17.699954986572266,-603.6876924374965,1.1536995407766666,20,-24964.21231342323,340282346638528860000000000000000000000,1575420030,,,,1,,1,52.88554382324219,,,,,,C,
Raw,1697800354125,44108000000,,,-1381835528017145556,0.0,1005501386.1985099,,,0,9,0.0,16,5534702,1000000000,10.206672668457031,-608.097825981722,299792458,20,-128669.20482724268,340282346638528860000000000000000000000,1176450050,,,,1,,1,9.451472282409668,,,,,,Q,
Raw,1697800354125,44108000000,,,-1381835528017145556,0.0,1005501386.1985099,,,0,9,0.0,48,8180075,1000000000,19.9449405670166,-1013.6121888234679,299792458,20,-41125.29020157959,340282346638528860000000000000000000000,1600875010,,,,0,,3,61.44657516479492,,,,,,C,
Raw,1697800354125,44108000000,,,-1381835528017145556,0.0,1005501386.1985099,,,0,7,0.0,227,51154148900560,79,25.458282470703125,-698.098619107464,0.8054217680396243,20,-27041.837240976765,340282346638528860000000000000000000000,1604812540,,,,0,,3,61.44657516479492,,,,,,C,
Raw,1697800354125,44108000000,,,-1381835528017145556,0.0,1005501386.1985099,,,0,20,0.0,65583,472358139253583,18,26.672332763671875,-608.7179228581954,0.008019900880753994,17,761348.8707990553,0.004009950440376997,1561097980,,,,0,,5,61.87746810913086,,,,,,C,
Raw,1697800354125,44108000000,,,-1381835528017145556,0.0,1005501386.1985099,,,0,24,0.0,1074,3971294,43,24.34885597229004,-1387.3581576104762,0.8544247518474655,20,-53473.16543075603,340282346638528860000000000000000000000,1575420030,,,,0,,6,52.88554382324219,,,,,,C,
Raw,1697800355125,45108000000,,,-1381835528017148856,0.0,1005501489.1985099,,,0,4,0.0,39,5137536078,59,20.496139526367188,-416.99251621967187,1.0301170859633393,20,-16162.08291318182,340282346638528860000000000000000000000,1575420030,,,,1,,1,52.795997619628906,,,,,,C,
Raw,1697800355125,45108000000,,,-1381835528017148856,0.0,1005501489.1985099,,,0,9,0.0,51,5536856,73,17.75407600402832,-601.6987766046514,1.151266239769372,20,-25567.67588177023,340282346638528860000000000000000000000,1575420030,,,,1,,1,52.795997619628906,,,,,,C,
Raw,1697800355125,45108000000,,,-1381835528017148856,0.0,1005501489.1985099,,,0,9,0.0,16,5536719,1000000000,7.0,-602.4748341396757,299792458,20,-129272.55401575755,340282346638528860000000000000000000000,1176450050,,,,1,,1,9.632434844970703,,,,,,Q,
Raw,1697800355125,45108000000,,,-1381835528017148856,0.0,1005501489.1985099,,,0,9,0.0,51,8183441,141,18.308401107788086,-1012.034443746114,1.1268148730407672,20,-42138.89449431228,340282346638528860000000000000000000000,1600875010,,,,0,,3,63.93495178222656,,,,,,C,
Raw,1697800355125,45108000000,,,-1381835528017148856,0.0,1005501489.1985099,,,0,7,0.0,227,51155148902949,77,25.801721572875977,-698.101711253712,0.008623935282230377,17,-27739.938952230477,0.004311967641115189,1604812540,,,,0,,3,63.93495178222656,,,,,,C,
Raw,1697800355125,45108000000,,,-1381835528017148856,0.0,1005501489.1985099,,,0,20,0.0,65583,472359139255603,16,27.53225326538086,-608.3843335101847,0.007263951934874059,17,760740.4864655451,0.003631975967437029,1561097980,,,,0,,5,61.87746810913086,,,,,,C,
Raw,1697800355125,45108000000,,,-1381835528017148856,0.0,1005501489.1985099,,,0,24,0.0,1074,3975895,40,25.159456253051758,-1386.1093764034804,0.8179737642982134,20,-54859.40682386974,340282346638528860000000000000000000000,1575420030,,,,0,,6,52.795997619628906,,,,,,C,
Raw,1697800356125,46108000000,,,-1381835528017152156,0.0,1005501592.1985099,,,0,4,0.0,39,137537451,61,20.096187591552734,-416.82455787392746,1.0481027044799966,20,-16578.829486011302,340282346638528860000000000000000000000,1575420030,,,,1,,1,49.160926818847656,,,,,,C,
Raw,1697800356125,46108000000,,,-1381835528017152156,0.0,1005501592.1985099,,,0,9,0.0,51,5538869,74,17.61046600341797,-602.0072228361828,1.1577244658766572,20,-26170.186268434692,340282346638528860000000000000000000000,1575420030,,,,1,,1,49.160926818847656,,,,,,C,
Raw,1697800356125,46108000000,,,-1381835528017152156,0.0,1005501592.1985099,,,0,9,0.0,16,5538870,1000000000,7.339725494384766,-601.2561136593331,299792458,20,-129870.54941949676,340282346638528860000000000000000000000,1176450050,,,,1,,1,10.565475463867188,,,,,,Q,
Raw,1697800356125,46108000000,,,-1381835528017152156,0.0,1005501592.1985099,,,0,9,0.0,51,8186923,130,19.270021438598633,-1010.8654836522946,1.08357249005826,20,-43150.42278505407,340282346638528860000000000000000000000,1600875010,,,,0,,3,61.37702941894531,,,,,,C,
Raw,1697800356125,46108000000,,,-1381835528017152156,0.0,1005501592.1985099,,,0,7,0.0,227,51156148905268,74,26.329803466796875,-697.7620544717211,0.008115239441394806,17,-28437.7010067022,0.004057619720697403,1604812540,,,,0,,3,61.37702941894531,,,,,,C,
Raw,1697800356125,46108000000,,,-1381835528017152156,0.0,1005501592.1985099,,,0,20,0.0,65583,472360139257639,17,27.176101684570312,-608.0737723733764,0.0075679896399378785,17,760132.4126931718,0.003783994819968939,1561097980,,,,0,,5,62.02272033691406,,,,,,C,
Raw,1697800356125,46108000000,,,-1381835528017152156,0.0,1005501592.1985099,,,0,24,0.0,1074,3980534,40,25.184417724609375,-1385.0656352549258,0.8168521718959618,20,-56245.28839932638,340282346638528860000000000000000000000,1575420030,,,,0,,6,49.160926818847656,,,,,,C,
Raw,1697800357125,47108000000,,,-1381835528017155456,0.0,1005501695.1985099,,,0,4,0.0,39,1137538854,61,20.112470626831055,-416.8392474126888,1.0473707970396289,20,-16995.48849940097,340282346638528860000000000000000000000,1575420030,,,,1,,1,52.81098556518555,,,,,,C,
Raw,1697800357125,47108000000,,,-1381835528017155456,0.0,1005501695.1985099,,,0,9,0.0,51,5540839,82,16.38507843017578,-602.5240492068947,1.212829141344252,20,-26772.928544926275,340282346638528860000000000000000000000,1575420030,,,,1,,1,52.81098556518555,,,,,,C,
Raw,1697800357125,47108000000,,,-1381835528017155456,0.0,1005501695.1985099,,,0,9,0.0,16,5540873,1000000000,7.0,-607.2237473017381,299792458,20,-130471.82950653945,340282346638528860000000000000000000000,1176450050,,,,1,,1,10.320786476135254,,,,,,Q,
Raw,1697800357125,47108000000,,,-1381835528017155456,0.0,1005501695.1985099,,,0,9,0.0,51,8190249,148,17.752796173095703,-1011.1219200551723,1.1518010414406694,20,-44161.48082191305,340282346638528860000000000000000000000,1600875010,,,,0,,3,61.47423553466797,,,,,,C,
Raw,1697800357125,47108000000,,,-1381835528017155456,0.0,1005501695.1985099,,,0,7,0.0,227,51157148907571,74,26.28642463684082,-697.618436751025,0.00815586932003498,17,-29135.319443453223,0.00407793466001749,1604812540,,,,0,,3,61.47423553466797,,,,,,C,
Raw,1697800357125,47108000000,,,-1381835528017155456,0.0,1005501695.1985099,,,0,20,0.0,65583,472361139259672,17,27.00926971435547,-607.9518100391141,0.007714754436165094,17,759524.4608831326,0.003857377218082547,1561097980,,,,0,,5,62.037113189697266,,,,,,C,
Raw,1697800357125,47108000000,,,-1381835528017155456,0.0,1005501695.1985099,,,0,24,0.0,1074,3985137,41,25.00226593017578,-1386.380809087228,0.8250441432769513,20,-57631.10243121405,340282346638528860000000000000000000000,1575420030,,,,0,,6,52.81098556518555,,,,,,C,
Raw,1697800358125,48108000000,,,-1381835528017158756,0.0,1005501798.1985099,,,0,4,0.0,39,2137540201,56,21.03282928466797,-415.3685212488165,1.0059834449475926,20,-17412.122783892133,340282346638528860000000000000000000000,1575420030,,,,1,,1,53.03276443481445,,,,,,C,
Raw,1697800358125,48108000000,,,-1381835528017158756,0.0,1005501798.1985099,,,0,9,0.0,51,5542814,70,18.274444580078125,-603.6457710159734,1.1278669026167174,20,-27376.04611529439,340282346638528860000000000000000000000,1575420030,,,,0,,1,53.03276443481445,,,,,,C,
Raw,1697800358125,48108000000,,,-1381835528017158756,0.0,1005501798.1985099,,,0,9,0.0,16,5542874,1000000000,7.0,-600.2072601423001,299792458,20,-131071.62281954437,340282346638528860000000000000000000000,1176450050,,,,1,,1,9.632434844970703,,,,,,Q,
Raw,1697800358125,48108000000,,,-1381835528017158756,0.0,1005501798.1985099,,,0,9,0.0,51,8193567,190,14.599632263183594,-1009.1373667767621,1.2935959095545861,20,-45172.400079736864,340282346638528860000000000000000000000,1600875010,,,,0,,3,61.556697845458984,,,,,,C,
Raw,1697800358125,48108000000,,,-1381835528017158756,0.0,1005501798.1985099,,,0,7,0.0,227,51158148909912,74,26.23023223876953,-697.6107474600503,0.008208803832530975,17,-29832.930190913274,0.004104401916265488,1604812540,,,,0,,3,61.556697845458984,,,,,,C,
Raw,1697800358125,48108000000,,,-1381835528017158756,0.0,1005501798.1985099,,,0,20,0.0,65583,472362139261690,17,26.980228424072266,-607.9314682009863,0.007740593049675226,17,758916.5294149317,0.003870296524837613,1561097980,,,,0,,5,61.72974395751953,,,,,,C,
Raw,1697800358125,48108000000,,,-1381835528017158756,0.0,1005501798.1985099,,,0,24,0.0,1074,3989731,41,24.936922073364258,-1386.0847007049579,0.8279834223155542,20,-59016.835350625544,340282346638528860000000000000000000000,1575420030,,,,0,,6,53.03276443481445,,,,,,C,
Raw,1697800359125,49108000000,,,-1381835528017162056,0.0,1005501901.1985099,,,0,4,0.0,39,3137541586,61,20.133697509765625,-415.6968375525007,1.0464166879588839,20,-17828.914641389303,340282346638528860000000000000000000000,1575420030,,,,0,,1,49.160926818847656,,,,,,C,
Raw,1697800359125,49108000000,,,-1381835528017162056,0.0,1005501901.1985099,,,0,9,0.0,51,5544900,71,18.253765106201172,-603.8623309447194,1.1287972471721135,20,-27979.312138095574,340282346638528860000000000000000000000,1575420030,,,,1,,1,49.160926818847656,,,,,,C,
Raw,1697800359125,49108000000,,,-1381835528017162056,0.0,1005501901.1985099,,,0,30,0.0,16,20366092,1000000000,18.417213439941406,-1485.7193091563504,299792458,22,-7415.915201886507,340282346638528860000000000000000000000,1575420030,,,,0,,1,49.160926818847656,,,,,,C,
Raw,1697800359125,49108000000,,,-1381835528017162056,0.0,1005501901.1985099,,,0,9,0.0,16,5544828,1000000000,7.0,-600.5131842720489,299792458,20,-131676.46154260205,340282346638528860000000000000000000000,1176450050,,,,1,,1,8.06670093536377,,,,,,Q,
Raw,1697800359125,49108000000,,,-1381835528017162056,0.0,1005501901.1985099,,,0,9,0.0,51,8196933,247,11.382196426391602,-1008.6940221823133,1.4382809966085564,20,-46181.15319671504,340282346638528860000000000000000000000,1600875010,,,,0,,3,61.584014892578125,,,,,,C,
Raw,1697800359125,49108000000,,,-1381835528017162056,0.0,1005501901.1985099,,,0,7,0.0,227,51159148912283,77,25.749961853027344,-697.6708825439491,0.008675477467477322,17,-30530.601073457223,0.004337738733738661,1604812540,,,,0,,3,61.584014892578125,,,,,,C,
Raw,1697800359125,49108000000,,,-1381835528017162056,0.0,1005501901.1985099,,,0,20,0.0,65583,472363139263711,18,26.667388916015625,-608.0160293151857,0.008024466224014759,17,758308.5133856165,0.0040122331120073795,1561097980,,,,0,,5,61.87746810913086,,,,,,C,
Raw,1697800359125,49108000000,,,-1381835528017162056,0.0,1005501901.1985099,,,0,24,0.0,1074,3994383,41,24.845191955566406,-1385.802497964949,0.8321091968718575,20,-60402.65156555726,340282346638528860000000000000000000000,1575420030,,,,0,,6,49.160926818847656,,,,,,C,
Raw,1697800360125,50108000000,,,-1381835528017165356,0.0,1005502004.1985099,,,0,4,0.0,39,4137542961,60,20.20690155029297,-417.17046072517746,1.043125001645219,20,-18244.890567534927,340282346638528860000000000000000000000,1575420030,,,,1,,1,52.81098556518555,,,,,,C,
Raw,1697800360125,50108000000,,,-1381835528017165356,0.0,1005502004.1985099,,,0,9,0.0,51,5546991,65,19.3187198638916,-603.4634980384894,1.0809077345561806,20,-28583.359896899216,340282346638528860000000000000000000000,1575420030,,,,1,,1,52.81098556518555,,,,,,C,
Raw,1697800360125,50108000000,,,-1381835528017165356,0.0,1005502004.1985099,,,0,11,0.0,16,20401572,1000000000,15.761369705200195,-890.9449970785254,299792458,22,-3634.2016998376566,340282346638528860000000000000000000000,1575420030,,,,0,,1,52.81098556518555,,,,,,C,
Raw,1697800360125,50108000000,,,-1381835528017165356,0.0,1005502004.1985099,,,0,30,0.0,16,20370984,1000000000,17.88469696044922,-1485.1099148337225,299792458,20,-8901.32951159,340282346638528860000000000000000000000,1575420030,,,,0,,1,52.81098556518555,,,,,,C,
Raw,1697800360125,50108000000,,,-1381835528017165356,0.0,1005502004.1985099,,,0,9,0.0,16,5546843,1000000000,12.062934875488281,-600.8578942373206,299792458,20,-132280.58850336287,340282346638528860000000000000000000000,1176450050,,,,1,,1,9.809704780578613,,,,,,Q,
Raw,1697800360125,50108000000,,,-1381835528017165356,0.0,1005502004.1985099,,,0,9,0.0,48,8200302,1000000000,10.733089447021484,-1008.8138560994475,299792458,20,-47188.655958239724,340282346638528860000000000000000000000,1600875010,,,,0,,3,63.91412353515625,,,,,,C,
Raw,1697800360125,50108000000,,,-1381835528017165356,0.0,1005502004.1985099,,,0,7,0.0,227,51160148914580,78,25.612930297851562,-697.745910766389,0.008813429623842241,17,-31228.34698422361,0.00440671481192112,1604812540,,,,0,,3,63.91412353515625,,,,,,C,
Raw,1697800360125,50108000000,,,-1381835528017165356,0.0,1005502004.1985099,,,0,20,0.0,65583,472364139265738,18,26.219417572021484,-608.110631636926,0.008449182845652103,17,757700.4027539795,0.004224591422826052,1561097980,,,,0,,5,61.80392074584961,,,,,,C,
Raw,1697800360125,50108000000,,,-1381835528017165356,0.0,1005502004.1985099,,,0,24,0.0,1074,3999014,42,24.54104232788086,-1385.8451692005156,0.8457873786762531,20,-61788.525971617855,340282346638528860000000000000000000000,1575420030,,,,0,,6,52.81098556518555,,,,,,C,
Raw,1697800361125,51108000000,,,-1381835528017168656,0.0,1005502107.1985099,,,0,4,0.0,39,5137544333,67,18.952377319335938,-418.2046247034491,1.0995397881027071,20,-18662.52084072903,340282346638528860000000000000000000000,1575420030,,,,1,,1,49.115211486816406,,,,,,C,
Raw,1697800361125,51108000000,,,-1381835528017168656,0.0,1005502107.1985099,,,0,7,0.0,16,19717023,1000000000,14.404266357421875,-1115.2128096969222,299792458,22,-5637.653851045474,340282346638528860000000000000000000000,1575420030,,,,0,,1,49.115211486816406,,,,,,C,
Raw,1697800361125,51108000000,,,-1381835528017168656,0.0,1005502107.1985099,,,0,9,0.0,51,5548990,65,19.311458587646484,-602.6704674401167,1.0812345799888505,20,-29187.617974206325,340282346638528860000000000000000000000,1575420030,,,,1,,1,49.115211486816406,,,,,,C,
Raw,1697800361125,51108000000,,,-1381835528017168656,0.0,1005502107.1985099,,,0,11,0.0,16,20404527,1000000000,12.496601104736328,-890.9449970785254,299792458,20,-4526.607506887913,340282346638528860000000000000000000000,1575420030,,,,0,,1,49.115211486816406,,,,,,C,
Raw,1697800361125,51108000000,,,-1381835528017168656,0.0,1005502107.1985099,,,0,30,0.0,16,20375958,1000000000,17.750526428222656,-1485.9374368780964,299792458,20,-10386.155502956595,340282346638528860000000000000000000000,1575420030,,,,0,,1,49.115211486816406,,,,,,C,
Raw,1697800361125,51108000000,,,-1381835528017168656,0.0,1005502107.1985099,,,0,9,0.0,16,5548859,1000000000,10.656822204589844,-604.1258564985537,299792458,20,-132884.73049326433,340282346638528860000000000000000000000,1176450050,,,,1,,1,9.809704780578613,,,,,,Q,
Raw,1697800361125,51108000000,,,-1381835528017168656,0.0,1005502107.1985099,,,0,9,0.0,48,8203836,1000000000,9.872871398925781,-1008.5087499486553,299792458,20,-48197.09180310395,340282346638528860000000000000000000000,1600875010,,,,1,,3,63.99714279174805,,,,,,C,
Raw,1697800361125,51108000000,,,-1381835528017168656,0.0,1005502107.1985099,,,0,7,0.0,227,51161148916909,81,25.172792434692383,-698.375095994777,0.8182628660729763,20,-31926.130766188748,340282346638528860000000000000000000000,1604812540,,,,0,,3,63.99714279174805,,,,,,C,
Raw,1697800361125,51108000000,,,-1381835528017168656,0.0,1005502107.1985099,,,0,20,0.0,65583,472365139267777,18,26.47570037841797,-608.1645334657514,0.008203526958823204,17,757092.2382205138,0.004101763479411602,1561097980,,,,0,,5,61.80392074584961,,,,,,C,
Raw,1697800361125,51108000000,,,-1381835528017168656,0.0,1005502107.1985099,,,0,24,0.0,1074,3655,43,24.454740524291992,-1386.1603637584385,0.8496690509511713,20,-63174.72811654019,340282346638528860000000000000000000000,1575420030,,,,0,,6,49.115211486816406,,,,,,C,
Raw,1697800362125,52108000000,,,-1381835528017171956,0.0,1005502210.1985099,,,0,4,0.0,39,137545741,70,18.374736785888672,-418.48021544689254,1.1255158787896224,20,-19081.53676662161,340282346638528860000000000000000000000,1575420030,,,,1,,1,52.795997619628906,,,,,,C,
Raw,1697800362125,52108000000,,,-1381835528017171956,0.0,1005502210.1985099,,,0,7,0.0,16,19720802,1000000000,15.491843223571777,-1113.833492681444,299792458,20,-6754.975127168219,340282346638528860000000000000000000000,1575420030,,,,0,,1,52.795997619628906,,,,,,C,
Raw,1697800362125,52108000000,,,-1381835528017171956,0.0,1005502210.1985099,,,0,9,0.0,51,5551011,64,19.488508224487305,-602.6954157982914,1.073273264295071,20,-29791.655119544554,340282346638528860000000000000000000000,1575420030,,,,1,,1,52.795997619628906,,,,,,C,
Raw,1697800362125,52108000000,,,-1381835528017171956,0.0,1005502210.1985099,,,0,11,0.0,16,20407492,1000000000,8.560638427734375,-891.1639427792279,299792458,20,-5422.000453350673,340282346638528860000000000000000000000,1575420030,,,,0,,1,52.795997619628906,,,,,,C,
Raw,1697800362125,52108000000,,,-1381835528017171956,0.0,1005502210.1985099,,,0,30,0.0,16,20380871,1000000000,17.75425910949707,-1487.156089193526,299792458,20,-11873.487660417803,340282346638528860000000000000000000000,1575420030,,,,0,,1,52.795997619628906,,,,,,C,
Raw,1697800362125,52108000000,,,-1381835528017171956,0.0,1005502210.1985099,,,0,9,0.0,16,5550999,1000000000,12.960214614868164,-604.1209486248144,299792458,20,-133485.7236257334,340282346638528860000000000000000000000,1176450050,,,,1,,1,10.724854469299316,,,,,,Q,
Raw,1697800362125,52108000000,,,-1381835528017171956,0.0,1005502210.1985099,,,0,9,0.0,50,8207153,1000000000,10.048942565917969,-1010.2753800000587,299792458,20,-49205.359763134795,340282346638528860000000000000000000000,1600875010,,,,1,,3,63.93495178222656,,,,,,C,
Raw,1697800362125,52108000000,,,-1381835528017171956,0.0,1005502210.1985099,,,0,7,0.0,227,51162148919221,83,24.81072998046875,-698.3656210718636,0.8345447611672805,20,-32623.958425308734,340282346638528860000000000000000000000,1604812540,,,,0,,3,63.93495178222656,,,,,,C,
Raw,1697800362125,52108000000,,,-1381835528017171956,0.0,1005502210.1985099,,,0,20,0.0,65583,472366139269803,18,26.29334259033203,-608.259763910668,0.008377579040825367,17,756483.9784566031,0.0041887895204126835,1561097980,,,,0,,5,61.87746810913086,,,,,,C,
Raw,1697800362125,52108000000,,,-1381835528017171956,0.0,1005502210.1985099,,,0,24,0.0,1074,8313,42,24.542829513549805,-1386.192537597396,0.845708629562842,20,-64560.786426356266,340282346638528860000000000000000000000,1575420030,,,,0,,6,52.795997619628906,,,,,,C,
Raw,1697800363125,53108000000,,,-1381835528017175256,0.0,1005502313.1985099,,,0,4,0.0,39,1137547078,65,19.211673736572266,-416.77912595938255,1.0878800599051175,20,-19500.108114105205,340282346638528860000000000000000000000,1575420030,,,,1,,1,52.750877380371094,,,,,,C,
Raw,1697800363125,53108000000,,,-1381835528017175256,0.0,1005502313.1985099,,,0,7,0.0,16,19724693,1000000000,13.344938278198242,-1117.6378446434333,299792458,20,-7874.396101601118,340282346638528860000000000000000000000,1575420030,,,,0,,1,52.750877380371094,,,,,,C,
Raw,1697800363125,53108000000,,,-1381835528017175256,0.0,1005502313.1985099,,,0,9,0.0,51,5553033,64,19.49252700805664,-602.4620191360232,1.0730929334850705,20,-30393.88619395407,340282346638528860000000000000000000000,1575420030,,,,0,,1,52.750877380371094,,,,,,C,
Raw,1697800363125,53108000000,,,-1381835528017175256,0.0,1005502313.1985099,,,0,11,0.0,16,20410539,1000000000,9.64118766784668,-897.1106497933279,299792458,20,-6314.721688254737,340282346638528860000000000000000000000,1575420030,,,,0,,1,52.750877380371094,,,,,,C,
Raw,1697800363125,53108000000,,,-1381835528017175256,0.0,1005502313.1985099,,,0,30,0.0,16,20385873,1000000000,17.286117553710938,-1485.7533916128732,299792458,20,-13360.338134625948,340282346638528860000000000000000000000,1575420030,,,,0,,1,52.750877380371094,,,,,,C,
Raw,1697800363125,53108000000,,,-1381835528017175256,0.0,1005502313.1985099,,,0,9,0.0,16,5553010,1000000000,9.233152389526367,-604.363752045083,299792458,20,-134087.22503175272,340282346638528860000000000000000000000,1176450050,,,,1,,1,8.884800910949707,,,,,,Q,
Raw,1697800363125,53108000000,,,-1381835528017175256,0.0,1005502313.1985099,,,0,9,0.0,51,8211093,281,9.781915664672852,-1010.7441501070734,1.500439409230415,20,-50216.45862788807,340282346638528860000000000000000000000,1600875010,,,,1,,3,61.584014892578125,,,,,,C,
Raw,1697800363125,53108000000,,,-1381835528017175256,0.0,1005502313.1985099,,,0,7,0.0,227,51163148921565,86,24.472911834716797,-698.2051608665543,0.8497366167585358,20,-33321.87924622938,340282346638528860000000000000000000000,1604812540,,,,0,,3,61.584014892578125,,,,,,C,
Raw,1697800363125,53108000000,,,-1381835528017175256,0.0,1005502313.1985099,,,0,20,0.0,65583,472367139271845,18,26.13578987121582,-608.3368043155642,0.00853092409670353,17,755875.6416522876,0.004265462048351765,1561097980,,,,0,,5,61.93585968017578,,,,,,C,
Raw,1697800363125,53108000000,,,-1381835528017175256,0.0,1005502313.1985099,,,0,24,0.0,1074,12965,44,23.952913284301758,-1386.421162715751,0.8722374285241887,20,-65946.88752665963,340282346638528860000000000000000000000,1575420030,,,,1,,6,52.750877380371094,,,,,,C,
Raw,1697800364125,54108000000,,,-1381835528017178556,0.0,1005502416.1985099,,,0,4,0.0,39,2137548464,68,18.745317459106445,-416.4001290428489,1.1088518874053945,20,-19917.03345979301,340282346638528860000000000000000000000,1575420030,,,,1,,1,52.95946502685547,,,,,,C,
Raw,1697800364125,54108000000,,,-1381835528017178556,0.0,1005502416.1985099,,,0,7,0.0,16,19728458,1000000000,13.878860473632812,-1120.825849461664,299792458,20,-8993.427143615623,340282346638528860000000000000000000000,1575420030,,,,1,,1,52.95946502685547,,,,,,C,
Raw,1697800364125,54108000000,,,-1381835528017178556,0.0,1005502416.1985099,,,0,9,0.0,51,5555056,73,17.88810920715332,-602.4650865571102,1.1452420324443695,20,-30995.177407026764,340282346638528860000000000000000000000,1575420030,,,,0,,1,52.95946502685547,,,,,,C,
Raw,1697800364125,54108000000,,,-1381835528017178556,0.0,1005502416.1985099,,,0,11,0.0,16,20413620,1000000000,10.131153106689453,-890.5475274705564,299792458,20,-7207.943825480804,340282346638528860000000000000000000000,1575420030,,,,0,,1,52.95946502685547,,,,,,C,
Raw,1697800364125,54108000000,,,-1381835528017178556,0.0,1005502416.1985099,,,0,30,0.0,16,20390832,1000000000,17.306434631347656,-1485.3531272434693,299792458,20,-14845.0998448133,340282346638528860000000000000000000000,1575420030,,,,0,,1,52.95946502685547,,,,,,C,
Raw,1697800364125,54108000000,,,-1381835528017178556,0.0,1005502416.1985099,,,0,9,0.0,16,5555040,1000000000,7.0,-604.2180836259045,299792458,20,-134693.67962249226,340282346638528860000000000000000000000,1176450050,,,,1,,1,20.0,,,,,,Q,
Raw,1697800364125,54108000000,,,-1381835528017178556,0.0,1005502416.1985099,,,0,9,0.0,51,8214164,248,11.344381332397461,-1012.3985807116037,1.439984453761718,20,-51229.38729105075,340282346638528860000000000000000000000,1600875010,,,,1,,3,61.47423553466797,,,,,,C,
Raw,1697800364125,54108000000,,,-1381835528017178556,0.0,1005502416.1985099,,,0,7,0.0,227,51164148923896,86,24.418010711669922,-697.6049006422745,0.8522057975393964,20,-34019.86657966898,340282346638528860000000000000000000000,1604812540,,,,0,,3,61.47423553466797,,,,,,C,
Raw,1697800364125,54108000000,,,-1381835528017178556,0.0,1005502416.1985099,,,0,20,0.0,65583,472368139273878,18,26.285701751708984,-608.4152377244318,0.008384952321648598,17,755267.2264145631,0.004192476160824299,1561097980,,,,0,,5,61.96491241455078,,,,,,C,
Raw,1697800364125,54108000000,,,-1381835528017178556,0.0,1005502416.1985099,,,0,24,0.0,1074,17572,46,23.42475128173828,-1386.2902860827035,0.8959890398173096,20,-67333.0343937232,340282346638528860000000000000000000000,1575420030,,,,1,,6,52.95946502685547,,,,,,C,
Raw,1697800365125,55108000000,,,-1381835528017181856,0.0,1005502519.1985099,,,0,4,0.0,39,3137549894,66,19.11703109741211,-416.99425442495453,1.0921365726344887,20,-20333.16847757148,340282346638528860000000000000000000000,1575420030,,,,1,,1,52.88554382324219,,,,,,C,
Raw,1697800365125,55108000000,,,-1381835528017181856,0.0,1005502519.1985099,,,0,7,0.0,16,19732188,1000000000,16.448074340820312,-1117.7321848830884,299792458,20,-10111.299921939048,340282346638528860000000000000000000000,1575420030,,,,1,,1,52.88554382324219,,,,,,C,
Raw,1697800365125,55108000000,,,-1381835528017181856,0.0,1005502519.1985099,,,0,9,0.0,51,5557030,66,19.111778259277344,-602.6297048221154,1.090215373849909,20,-31598.85067346191,340282346638528860000000000000000000000,1575420030,,,,0,,1,52.88554382324219,,,,,,C,
Raw,1697800365125,55108000000,,,-1381835528017181856,0.0,1005502519.1985099,,,0,11,0.0,16,20416597,1000000000,11.247859954833984,-893.6615733581325,299792458,20,-8098.426930102511,340282346638528860000000000000000000000,1575420030,,,,1,,1,52.88554382324219,,,,,,C,
Raw,1697800365125,55108000000,,,-1381835528017181856,0.0,1005502519.1985099,,,0,30,0.0,16,20395795,1000000000,15.660058975219727,-1485.348083039904,299792458,20,-16330.665490339783,340282346638528860000000000000000000000,1575420030,,,,0,,1,52.88554382324219,,,,,,C,
Raw,1697800365125,55108000000,,,-1381835528017181856,0.0,1005502519.1985099,,,0,9,0.0,16,5557074,1000000000,7.0,-607.4713904308328,299792458,20,-135294.14221083897,340282346638528860000000000000000000000,1176450050,,,,0,,1,8.278562545776367,,,,,,Q,
Raw,1697800365125,55108000000,,,-1381835528017181856,0.0,1005502519.1985099,,,0,9,0.0,51,8217575,198,14.127087593078613,-1011.5721493058386,1.3148499158306448,20,-52242.32440305183,340282346638528860000000000000000000000,1600875010,,,,1,,3,63.93495178222656,,,,,,C,
Raw,1697800365125,55108000000,,,-1381835528017181856,0.0,1005502519.1985099,,,0,7,0.0,227,51165148926215,83,24.785137176513672,-697.9952717337655,0.00969470664858818,17,-34717.86185140275,0.00484735332429409,1604812540,,,,0,,3,63.93495178222656,,,,,,C,
Raw,1697800365125,55108000000,,,-1381835528017181856,0.0,1005502519.1985099,,,0,20,0.0,65583,472369139275903,19,25.939111709594727,-608.4892899446422,0.008726297877728939,17,754658.7371246185,0.0043631489388644695,1561097980,,,,0,,5,61.833412170410156,,,,,,C,
Raw,1697800365125,55108000000,,,-1381835528017181856,0.0,1005502519.1985099,,,0,24,0.0,1074,22143,44,24.1007080078125,-1385.742649171295,0.8655928805500923,20,-68719.22162984086,340282346638528860000000000000000000000,1575420030,,,,1,,6,52.88554382324219,,,,,,C,
Raw,1697800366125,56108000000,,,-1381835528017185156,0.0,1005502622.1985099,,,0,4,0.0,39,4137551316,63,19.559280395507812,-417.4960845147964,1.0722492595515352,20,-20750.281364172653,340282346638528860000000000000000000000,1575420030,,,,1,,1,52.795997619628906,,,,,,C,
Raw,1697800366125,56108000000,,,-1381835528017185156,0.0,1005502622.1985099,,,0,7,0.0,16,19735868,1000000000,16.991867065429688,-1117.6161000361717,299792458,20,-11228.810727583728,340282346638528860000000000000000000000,1575420030,,,,0,,1,52.795997619628906,,,,,,C,
Raw,1697800366125,56108000000,,,-1381835528017185156,0.0,1005502622.1985099,,,0,9,0.0,51,5559051,61,20.03030776977539,-604.5522280296541,1.0489106317745618,20,-32202.064952548943,340282346638528860000000000000000000000,1575420030,,,,1,,1,52.795997619628906,,,,,,C,
Raw,1697800366125,56108000000,,,-1381835528017185156,0.0,1005502622.1985099,,,0,11,0.0,16,20419629,1000000000,12.47702407836914,-889.0449001273787,299792458,20,-8987.182419291148,340282346638528860000000000000000000000,1575420030,,,,1,,1,52.795997619628906,,,,,,C,
Raw,1697800366125,56108000000,,,-1381835528017185156,0.0,1005502622.1985099,,,0,30,0.0,16,20400749,1000000000,15.05355453491211,-1484.8767908311065,299792458,20,-17815.231398480086,340282346638528860000000000000000000000,1575420030,,,,0,,1,52.795997619628906,,,,,,C,
Raw,1697800366125,56108000000,,,-1381835528017185156,0.0,1005502622.1985099,,,0,9,0.0,16,5559086,1000000000,8.883543014526367,-615.2745688517302,299792458,20,-135895.87750211015,340282346638528860000000000000000000000,1176450050,,,,0,,1,9.172757148742676,,,,,,Q,
Raw,1697800366125,56108000000,,,-1381835528017185156,0.0,1005502622.1985099,,,0,9,0.0,51,8220639,180,15.286890029907227,-1010.6602390991143,1.2626955030058058,20,-53254.316493284605,340282346638528860000000000000000000000,1600875010,,,,0,,3,61.40491485595703,,,,,,C,
Raw,1697800366125,56108000000,,,-1381835528017185156,0.0,1005502622.1985099,,,0,7,0.0,227,51166148928549,81,25.20187759399414,-698.0592067780526,0.009240545332431793,17,-35415.9210581808,0.004620272666215897,1604812540,,,,0,,3,61.40491485595703,,,,,,C,
Raw,1697800366125,56108000000,,,-1381835528017185156,0.0,1005502622.1985099,,,0,20,0.0,65583,472370139277931,19,25.54186248779297,-607.9515440783262,0.8035299254334167,20,754050.1952972768,340282346638528860000000000000000000000,1561097980,,,,0,,5,61.99386215209961,,,,,,C,
Raw,1697800366125,56108000000,,,-1381835528017185156,0.0,1005502622.1985099,,,0,24,0.0,1074,26735,44,24.12075424194336,-1385.8808876149515,0.8646922250095579,20,-70105.48848272864,340282346638528860000000000000000000000,1575420030,,,,1,,6,52.795997619628906,,,,,,C,
Raw,1697800367125,57108000000,,,-1381835528017188456,0.0,1005502725.1985099,,,0,4,0.0,39,5137552774,65,19.310909271240234,-418.2832188481907,1.0834185198982262,20,-21168.204820486317,340282346638528860000000000000000000000,1575420030,,,,1,,1,52.81098556518555,,,,,,C,
Raw,1697800367125,57108000000,,,-1381835528017188456,0.0,1005502725.1985099,,,0,7,0.0,16,19739636,1000000000,16.143823623657227,-1117.5682482672137,299792458,20,-12346.502867104979,340282346638528860000000000000000000000,1575420030,,,,0,,1,52.81098556518555,,,,,,C,
Raw,1697800367125,57108000000,,,-1381835528017188456,0.0,1005502725.1985099,,,0,9,0.0,51,5561058,62,19.791217803955078,-604.5066938677396,1.0596625817307421,20,-32805.40574199114,340282346638528860000000000000000000000,1575420030,,,,0,,1,52.81098556518555,,,,,,C,
Raw,1697800367125,57108000000,,,-1381835528017188456,0.0,1005502725.1985099,,,0,11,0.0,16,20422555,1000000000,11.39010238647461,-889.9761010044949,299792458,20,-9877.008482321417,340282346638528860000000000000000000000,1575420030,,,,1,,1,52.81098556518555,,,,,,C,
Raw,1697800367125,57108000000,,,-1381835528017188456,0.0,1005502725.1985099,,,0,9,0.0,16,5561111,1000000000,10.983160018920898,-600.7074542742289,299792458,20,-136497.95931314526,340282346638528860000000000000000000000,1176450050,,,,0,,1,9.451472282409668,,,,,,Q,
Raw,1697800367125,57108000000,,,-1381835528017188456,0.0,1005502725.1985099,,,0,9,0.0,51,8223979,133,19.028453826904297,-1010.568693620894,1.0944421309971206,20,-54265.40930209093,340282346638528860000000000000000000000,1600875010,,,,0,,3,63.903690338134766,,,,,,C,
Raw,1697800367125,57108000000,,,-1381835528017188456,0.0,1005502725.1985099,,,0,7,0.0,227,51167148930883,75,26.08332061767578,-698.2568768884375,0.008348826318979263,17,-36114.17793506924,0.004174413159489632,1604812540,,,,0,,3,63.903690338134766,,,,,,C,
Raw,1697800367125,57108000000,,,-1381835528017188456,0.0,1005502725.1985099,,,0,20,0.0,65583,472371139279959,19,25.537548065185547,-608.8271905513102,0.8037243019432734,20,753441.4388093686,340282346638528860000000000000000000000,1561097980,,,,0,,5,61.87746810913086,,,,,,C,
Raw,1697800367125,57108000000,,,-1381835528017188456,0.0,1005502725.1985099,,,0,24,0.0,1074,31355,43,24.333343505859375,-1386.6326102760186,0.855133094464378,20,-71491.90645309465,340282346638528860000000000000000000000,1575420030,,,,0,,6,52.81098556518555,,,,,,C,
Raw,1697800368125,58108000000,,,-1381835528017191756,0.0,1005502828.1985099,,,0,4,0.0,39,137554184,62,19.818750381469727,-419.36956306739876,1.0605817429800917,20,-21585.94118485637,340282346638528860000000000000000000000,1575420030,,,,1,,1,52.90037536621094,,,,,,C,
Raw,1697800368125,58108000000,,,-1381835528017191756,0.0,1005502828.1985099,,,0,7,0.0,16,19743356,1000000000,15.303810119628906,-1117.6886275036522,299792458,20,-13462.597024063787,340282346638528860000000000000000000000,1575420030,,,,0,,1,52.90037536621094,,,,,,C,
Raw,1697800368125,58108000000,,,-1381835528017191756,0.0,1005502828.1985099,,,0,9,0.0,51,5563086,53,21.66790771484375,-603.0184493212146,0.975270292207794,20,-33408.9016591916,340282346638528860000000000000000000000,1575420030,,,,0,,1,52.90037536621094,,,,,,C,
Raw,1697800368125,58108000000,,,-1381835528017191756,0.0,1005502828.1985099,,,0,11,0.0,16,20425304,1000000000,8.264938354492188,-891.0566512060941,299792458,20,-10767.569634143825,340282346638528860000000000000000000000,1575420030,,,,1,,1,52.90037536621094,,,,,,C,
Raw,1697800368125,58108000000,,,-1381835528017191756,0.0,1005502828.1985099,,,0,9,0.0,16,5563073,1000000000,13.560440063476562,-601.2172596588971,299792458,20,-137102.26787379783,340282346638528860000000000000000000000,1176450050,,,,1,,1,8.278562545776367,,,,,,Q,
Raw,1697800368125,58108000000,,,-1381835528017191756,0.0,1005502828.1985099,,,0,9,0.0,51,8227304,121,20.19001579284668,-1011.2855158464818,1.042208636222381,20,-55276.5535003495,340282346638528860000000000000000000000,1600875010,,,,0,,3,61.47423553466797,,,,,,C,
Raw,1697800368125,58108000000,,,-1381835528017191756,0.0,1005502828.1985099,,,0,7,0.0,227,51168148933191,71,26.735868453979492,-698.3566070301969,0.0077445837669074535,17,-36812.534542099434,0.0038722918834537268,1604812540,,,,0,,3,61.47423553466797,,,,,,C,
Raw,1697800368125,58108000000,,,-1381835528017191756,0.0,1005502828.1985099,,,0,20,0.0,65583,472372139282008,19,25.91958236694336,-608.8662490464853,0.7865449465387337,20,752832.5584176525,340282346638528860000000000000000000000,1561097980,,,,0,,5,61.80392074584961,,,,,,C,
Raw,1697800368125,58108000000,,,-1381835528017191756,0.0,1005502828.1985099,,,0,24,0.0,1074,36032,40,25.224748611450195,-1386.9722078728119,0.8150485309594666,20,-72878.47181301098,340282346638528860000000000000000000000,1575420030,,,,0,,6,52.90037536621094,,,,,,C,
Raw,1697800369125,59108000000,,,-1381835528017195056,0.0,1005502931.19851,,,0,4,0.0,39,1137555579,62,19.86849594116211,-418.163419013513,1.0583450152034843,20,-22005.52910889187,340282346638528860000000000000000000000,1575420030,,,,0,,1,52.76594161987305,,,,,,C,
Raw,1697800369125,59108000000,,,-1381835528017195056,0.0,1005502931.19851,,,0,9,0.0,51,5565075,52,22.115070343017578,-603.4891280457946,0.955162241965017,20,-34012.47439648552,340282346638528860000000000000000000000,1575420030,,,,1,,1,52.76594161987305,,,,,,C,
Raw,1697800369125,59108000000,,,-1381835528017195056,0.0,1005502931.19851,,,0,9,0.0,16,5565089,1000000000,12.854984283447266,-604.1889090431209,299792458,20,-137706.09811891447,340282346638528860000000000000000000000,1176450050,,,,1,,1,9.172757148742676,,,,,,Q,
Raw,1697800369125,59108000000,,,-1381835528017195056,0.0,1005502931.19851,,,0,9,0.0,51,8230672,128,19.511123657226562,-1011.7480829464093,1.072738329489178,20,-56288.28403508414,340282346638528860000000000000000000000,1600875010,,,,0,,3,63.966102600097656,,,,,,C,
Raw,1697800369125,59108000000,,,-1381835528017195056,0.0,1005502931.19851,,,0,7,0.0,227,51169148935497,68,27.396392822265625,-698.4750356776713,0.007177477702498436,17,-37511.009577777106,0.003588738851249218,1604812540,,,,0,,3,63.966102600097656,,,,,,C,
Raw,1697800369125,59108000000,,,-1381835528017195056,0.0,1005502931.19851,,,0,20,0.0,65583,472373139284043,19,25.86867904663086,-609.0995775438405,0.7888343956152748,20,752223.5434890437,340282346638528860000000000000000000000,1561097980,,,,0,,5,61.93585968017578,,,,,,C,
Raw,1697800369125,59108000000,,,-1381835528017195056,0.0,1005502931.19851,,,0,24,0.0,1074,40627,40,25.303911209106445,-1386.8747320471566,0.811489443810153,20,-74265.12429385388,340282346638528860000000000000000000000,1575420030,,,,0,,6,52.76594161987305,,,,,,C,
Raw,1697800370125,60108000000,,,-1381835528017198356,0.0,1005503034.19851,,,0,4,0.0,47,472388137556963,67,18.823150634765625,-417.29012423002905,1.1053533099298685,20,-22422.657258654534,340282346638528860000000000000000000000,1575420030,,,,0,,1,52.76594161987305,,,,,,C,
Raw,1697800370125,60108000000,,,-1381835528017198356,0.0,1005503034.19851,,,0,6,0.0,16,20060022,1000000000,13.873674392700195,-446.30796179600634,299792458,22,-2201.0309654500716,340282346638528860000000000000000000000,1575420030,,,,0,,1,52.76594161987305,,,,,,C,
Raw,1697800370125,60108000000,,,-1381835528017198356,0.0,1005503034.19851,,,0,9,0.0,47,472388145567099,50,22.401931762695312,-604.0782092243348,0.942262830978708,20,-34616.196746652095,340282346638528860000000000000000000000,1575420030,,,,1,,1,52.76594161987305,,,,,,C,
Raw,1697800370125,60108000000,,,-1381835528017198356,0.0,1005503034.19851,,,0,9,0.0,16,5567108,1000000000,10.29783821105957,-604.7085301752677,299792458,20,-138309.58981006374,340282346638528860000000000000000000000,1176450050,,,,1,,1,9.809704780578613,,,,,,Q,
Raw,1697800370125,60108000000,,,-1381835528017198356,0.0,1005503034.19851,,,0,9,0.0,51,8234078,150,17.54705047607422,-1011.0651386826053,1.161061085116402,20,-57300.39941316158,340282346638528860000000000000000000000,1600875010,,,,0,,3,63.966102600097656,,,,,,C,
Raw,1697800370125,60108000000,,,-1381835528017198356,0.0,1005503034.19851,,,0,7,0.0,227,51170148937813,69,27.207111358642578,-698.5646754719928,0.0073356046341359615,17,-38209.5742532491,0.0036678023170679808,1604812540,,,,0,,3,63.966102600097656,,,,,,C,
Raw,1697800370125,60108000000,,,-1381835528017198356,0.0,1005503034.19851,,,0,20,0.0,65583,472374139286066,18,26.093612670898438,-609.1224303984782,0.008572451770305634,17,751614.4210586452,0.10030596904029106,1561097980,,,,0,,5,62.037113189697266,,,,,,C,
Raw,1697800370125,60108000000,,,-1381835528017198356,0.0,1005503034.19851,,,0,24,0.0,1074,45252,40,25.19916534423828,-1386.7396291895002,0.8162006777514526,20,-75651.89258071574,340282346638528860000000000000000000000,1575420030,,,,0,,6,52.76594161987305,,,,,,C,
Raw,1697800371125,61108000000,,,-1381835528017201656,0.0,1005503137.19851,,,0,4,0.0,47,472389137558376,67,18.84511947631836,-418.45823226243533,1.104365517796388,20,-22839.615758147753,340282346638528860000000000000000000000,1575420030,,,,0,,1,52.81098556518555,,,,,,C,
Raw,1697800371125,61108000000,,,-1381835528017201656,0.0,1005503137.19851,,,0,6,0.0,16,20061368,1000000000,14.821310997009277,-446.30796179600634,299792458,20,-2649.2943689701124,340282346638528860000000000000000000000,1575420030,,,,0,,1,52.81098556518555,,,,,,C,
Raw,1697800371125,61108000000,,,-1381835528017201656,0.0,1005503137.19851,,,0,9,0.0,47,472389145569094,56,21.126819610595703,-604.2019967064257,0.9996035685499312,20,-35219.907234165534,340282346638528860000000000000000000000,1575420030,,,,1,,1,52.81098556518555,,,,,,C,
Raw,1697800371125,61108000000,,,-1381835528017201656,0.0,1005503137.19851,,,0,9,0.0,16,5569126,1000000000,7.0,-603.955853205418,299792458,20,-138915.82219828668,340282346638528860000000000000000000000,1176450050,,,,1,,1,9.451472282409668,,,,,,Q,
Raw,1697800371125,61108000000,,,-1381835528017201656,0.0,1005503137.19851,,,0,9,0.0,51,8237475,134,18.928085327148438,-1010.5978000387645,1.098958123053691,20,-58311.789091281615,340282346638528860000000000000000000000,1600875010,,,,0,,3,63.966102600097656,,,,,,C,
Raw,1697800371125,61108000000,,,-1381835528017201656,0.0,1005503137.19851,,,0,7,0.0,227,51171148940121,67,27.526443481445312,-698.5418033981477,0.007070813328027725,17,-38908.116056647246,0.0035354066640138626,1604812540,,,,0,,3,63.966102600097656,,,,,,C,
Raw,1697800371125,61108000000,,,-1381835528017201656,0.0,1005503137.19851,,,0,20,0.0,65583,472375139288104,19,25.830053329467773,-609.1316138670081,0.008836553432047367,17,751005.2894447782,0.0044182767160236835,1561097980,,,,0,,5,61.906715393066406,,,,,,C,
Raw,1697800371125,61108000000,,,-1381835528017201656,0.0,1005503137.19851,,,0,24,0.0,1074,49908,41,24.791160583496094,-1387.0032910731607,0.834548954907048,20,-77038.65090596027,340282346638528860000000000000000000000,1575420030,,,,0,,6,52.81098556518555,,,,,,C,
Raw,1697800372125,62108000000,,,-1381835528017204956,0.0,1005503240.19851,,,0,4,0.0,47,472390137559794,72,18.079965591430664,-418.9379769204504,1.1387739543769957,20,-23259.278609396475,340282346638528860000000000000000000000,1575420030,,,,0,,1,52.855796813964844,,,,,,C,
Raw,1697800372125,62108000000,,,-1381835528017204956,0.0,1005503240.19851,,,0,6,0.0,16,20062858,1000000000,13.860940933227539,-448.78527923082333,299792458,20,-3099.0239711436434,340282346638528860000000000000000000000,1575420030,,,,1,,1,52.855796813964844,,,,,,C,
Raw,1697800372125,62108000000,,,-1381835528017204956,0.0,1005503240.19851,,,0,9,0.0,47,472390145571073,64,19.49863624572754,-603.355320321486,1.0728214054769523,20,-35823.446139052205,340282346638528860000000000000000000000,1575420030,,,,1,,1,52.855796813964844,,,,,,C,
Raw,1697800372125,62108000000,,,-1381835528017204956,0.0,1005503240.19851,,,0,9,0.0,16,5571191,1000000000,11.41234016418457,-601.0133102390646,299792458,20,-139520.2378616686,340282346638528860000000000000000000000,1176450050,,,,0,,1,8.687385559082031,,,,,,Q,
Raw,1697800372125,62108000000,,,-1381835528017204956,0.0,1005503240.19851,,,0,9,0.0,51,8240864,163,16.533517837524414,-1011.2234176106972,1.2066397139858713,20,-59322.02116875285,340282346638528860000000000000000000000,1600875010,,,,0,,3,61.37702941894531,,,,,,C,
Raw,1697800372125,62108000000,,,-1381835528017204956,0.0,1005503240.19851,,,0,7,0.0,227,51172148942458,69,27.199676513671875,-698.6070203408381,0.0073418873362243176,17,-39606.723076988084,0.0036709436681121588,1604812540,,,,0,,3,61.37702941894531,,,,,,C,
Raw,1697800372125,62108000000,,,-1381835528017204956,0.0,1005503240.19851,,,0,20,0.0,65583,472376139290127,18,26.37830352783203,-609.211220222991,0.00829603336751461,17,750396.0782245552,0.004148016683757305,1561097980,,,,0,,5,61.833412170410156,,,,,,C,
Raw,1697800372125,62108000000,,,-1381835528017204956,0.0,1005503240.19851,,,0,24,0.0,1074,54522,39,25.485435485839844,-1386.1896746710481,0.8033290253283663,20,-78425.47299242395,340282346638528860000000000000000000000,1575420030,,,,0,,6,52.855796813964844,,,,,,C,
Raw,1697800373125,63108000000,,,-1381835528017208256,0.0,1005503343.19851,,,0,4,0.0,47,472391137561178,68,18.74899673461914,-418.81309879975083,1.1086885978236554,20,-23678.282083048445,340282346638528860000000000000000000000,1575420030,,,,0,,1,52.795997619628906,,,,,,C,
Raw,1697800373125,63108000000,,,-1381835528017208256,0.0,1005503343.19851,,,0,6,0.0,16,20064472,1000000000,15.955958366394043,-450.51418000285594,299792458,20,-3548.2132736736703,340282346638528860000000000000000000000,1575420030,,,,0,,1,52.795997619628906,,,,,,C,
Raw,1697800373125,63108000000,,,-1381835528017208256,0.0,1005503343.19851,,,0,9,0.0,47,472391145573125,73,17.89632797241211,-602.8822558249494,1.1448759123059409,20,-36426.46174642122,340282346638528860000000000000000000000,1575420030,,,,0,,1,52.795997619628906,,,,,,C,
Raw,1697800373125,63108000000,,,-1381835528017208256,0.0,1005503343.19851,,,0,9,0.0,16,5573240,1000000000,12.810394287109375,-606.6362339161979,299792458,20,-140126.76389613978,340282346638528860000000000000000000000,1176450050,,,,0,,1,7.513272285461426,,,,,,Q,
Raw,1697800373125,63108000000,,,-1381835528017208256,0.0,1005503343.19851,,,0,9,0.0,51,8244396,168,16.179454803466797,-1012.9376970088815,1.2225622122388344,20,-60333.705139364676,340282346638528860000000000000000000000,1600875010,,,,1,,3,61.47423553466797,,,,,,C,
Raw,1697800373125,63108000000,,,-1381835528017208256,0.0,1005503343.19851,,,0,7,0.0,227,51173148944815,70,26.924457550048828,-698.5897925160098,0.007578244432806969,17,-40305.312869504094,0.0037891222164034843,1604812540,,,,0,,3,61.47423553466797,,,,,,C,
Raw,1697800373125,63108000000,,,-1381835528017208256,0.0,1005503343.19851,,,0,20,0.0,65583,472377139292153,17,26.72602653503418,-609.1923098316183,0.007970476523041725,17,749786.8859147236,0.003985238261520863,1561097980,,,,0,,5,61.93585968017578,,,,,,C,
Raw,1697800373125,63108000000,,,-1381835528017208256,0.0,1005503343.19851,,,0,24,0.0,1074,59146,40,25.194149017333984,-1387.0702290177715,0.8164287373140446,20,-79812.27836434591,340282346638528860000000000000000000000,1575420030,,,,0,,6,52.795997619628906,,,,,,C,
Raw,1697800374125,64108000000,,,-1381835528017211556,0.0,1005503446.19851,,,0,4,0.0,47,472392137562564,71,18.188356399536133,-416.9252033680393,1.1339001630942338,20,-24096.385389662737,340282346638528860000000000000000000000,1575420030,,,,0,,1,52.76594161987305,,,,,,C,
Raw,1697800374125,64108000000,,,-1381835528017211556,0.0,1005503446.19851,,,0,6,0.0,16,20065936,1000000000,12.098453521728516,-449.4510118540834,299792458,20,-3998.397862893554,340282346638528860000000000000000000000,1575420030,,,,1,,1,52.76594161987305,,,,,,C,
Raw,1697800374125,64108000000,,,-1381835528017211556,0.0,1005503446.19851,,,0,9,0.0,36,145575166,1000000000,19.515426635742188,-602.5307975332862,299792458,20,-37029.389566414335,340282346638528860000000000000000000000,1575420030,,,,0,,1,52.76594161987305,,,,,,C,
Raw,1697800374125,64108000000,,,-1381835528017211556,0.0,1005503446.19851,,,0,9,0.0,16,5575134,1000000000,11.073257446289062,-606.1748937847051,299792458,20,-140727.59584571855,340282346638528860000000000000000000000,1176450050,,,,0,,1,9.077828407287598,,,,,,Q,
Raw,1697800374125,64108000000,,,-1381835528017211556,0.0,1005503446.19851,,,0,9,0.0,51,8247629,185,14.98488998413086,-1012.3584997427329,1.2762809565642321,20,-61347.72143169727,340282346638528860000000000000000000000,1600875010,,,,0,,3,63.903690338134766,,,,,,C,
Raw,1697800374125,64108000000,,,-1381835528017211556,0.0,1005503446.19851,,,0,7,0.0,227,51174148947143,71,26.809267044067383,-698.3815801588497,0.007679414469748735,17,-41003.694449662944,0.0038397072348743677,1604812540,,,,0,,3,63.903690338134766,,,,,,C,
Raw,1697800374125,64108000000,,,-1381835528017211556,0.0,1005503446.19851,,,0,20,0.0,65583,472378139294180,17,27.140810012817383,-609.0128967722412,0.007598801515996456,17,749177.8730179514,0.003799400757998228,1561097980,,,,0,,5,61.96491241455078,,,,,,C,
Raw,1697800374125,64108000000,,,-1381835528017211556,0.0,1005503446.19851,,,0,24,0.0,1074,63773,39,25.66950035095215,-1385.4926202702436,0.795053578555815,20,-81198.87295219766,340282346638528860000000000000000000000,1575420030,,,,0,,6,52.76594161987305,,,,,,C,
Raw,1697800375125,65108000000,,,-1381835528017214856,0.0,1005503549.19851,,,0,4,0.0,47,472393137563989,80,16.689960479736328,-416.4491396153287,1.2012815790436173,20,-24514.18600436975,340282346638528860000000000000000000000,1575420030,,,,0,,1,52.90037536621094,,,,,,C,
Raw,1697800375125,65108000000,,,-1381835528017214856,0.0,1005503549.19851,,,0,6,0.0,16,20067406,1000000000,14.284485816955566,-451.4163085445582,299792458,20,-4450.289225843463,340282346638528860000000000000000000000,1575420030,,,,1,,1,52.90037536621094,,,,,,C,
Raw,1697800375125,65108000000,,,-1381835528017214856,0.0,1005503549.19851,,,0,9,0.0,47,472393145577098,59,20.54327392578125,-602.9048184111675,1.0258463943995162,20,-37633.151666058584,340282346638528860000000000000000000000,1575420030,,,,1,,1,52.90037536621094,,,,,,C,
Raw,1697800375125,65108000000,,,-1381835528017214856,0.0,1005503549.19851,,,0,9,0.0,16,5577175,1000000000,7.0,-604.1355359162062,299792458,20,-141329.22552891407,340282346638528860000000000000000000000,1176450050,,,,0,,1,7.163457870483398,,,,,,Q,
Raw,1697800375125,65108000000,,,-1381835528017214856,0.0,1005503549.19851,,,0,9,0.0,51,8250624,236,11.940738677978516,-1011.5833965164911,1.4131734094572916,20,-62359.25665308937,340282346638528860000000000000000000000,1600875010,,,,0,,3,61.37702941894531,,,,,,C,
Raw,1697800375125,65108000000,,,-1381835528017214856,0.0,1005503549.19851,,,0,7,0.0,227,51175148949461,72,26.550397872924805,-697.9057415329371,0.007911733351647854,17,-41701.60019119588,0.003955866675823927,1604812540,,,,0,,3,61.37702941894531,,,,,,C,
Raw,1697800375125,65108000000,,,-1381835528017214856,0.0,1005503549.19851,,,0,20,0.0,65583,472379139296206,17,27.2369441986084,-608.3284960474684,0.727307240679365,20,748569.3078862316,340282346638528860000000000000000000000,1561097980,,,,0,,5,61.848121643066406,,,,,,C,
Raw,1697800375125,65108000000,,,-1381835528017214856,0.0,1005503549.19851,,,0,24,0.0,1074,68376,39,25.597984313964844,-1386.0099919602599,0.798270310092049,20,-82585.00899910394,340282346638528860000000000000000000000,1575420030,,,,0,,6,52.90037536621094,,,,,,C,
Raw,1697800376125,66108000000,,,-1381835528017218156,0.0,1005503652.19851,,,0,4,0.0,47,472394137565383,68,18.62899398803711,-417.4030394084891,1.1140856746351786,20,-24932.113378320006,340282346638528860000000000000000000000,1575420030,,,,0,,1,52.929969787597656,,,,,,C,
Raw,1697800376125,66108000000,,,-1381835528017218156,0.0,1005503652.19851,,,0,6,0.0,16,20068909,1000000000,14.84065055847168,-449.98334574251317,299792458,20,-4898.979782380925,340282346638528860000000000000000000000,1575420030,,,,0,,1,52.929969787597656,,,,,,C,
Raw,1697800376125,66108000000,,,-1381835528017218156,0.0,1005503652.19851,,,0,9,0.0,47,472394145579091,56,21.196035385131836,-603.0652786164769,0.9964928121519478,20,-38237.04442886276,340282346638528860000000000000000000000,1575420030,,,,0,,1,52.929969787597656,,,,,,C,
Raw,1697800376125,66108000000,,,-1381835528017218156,0.0,1005503652.19851,,,0,9,0.0,16,5579148,1000000000,7.200939178466797,-601.6396776250408,299792458,20,-141930.8530077444,340282346638528860000000000000000000000,1176450050,,,,0,,1,9.632434844970703,,,,,,Q,
Raw,1697800376125,66108000000,,,-1381835528017218156,0.0,1005503652.19851,,,0,9,0.0,48,8253897,1000000000,11.151073455810547,-1011.51891250875,299792458,20,-63369.13307640145,340282346638528860000000000000000000000,1600875010,,,,1,,3,61.37702941894531,,,,,,C,
Raw,1697800376125,66108000000,,,-1381835528017218156,0.0,1005503652.19851,,,0,7,0.0,227,51176148951756,78,25.605445861816406,-697.3070199722652,0.7988132329736897,20,-42399.05500618148,340282346638528860000000000000000000000,1604812540,,,,0,,3,61.37702941894531,,,,,,C,
Raw,1697800376125,66108000000,,,-1381835528017218156,0.0,1005503652.19851,,,0,20,0.0,65583,472380139298221,17,27.37298583984375,-608.1266369282966,0.007398375775665045,17,747961.1812493033,0.0036991878878325224,1561097980,,,,0,,5,61.80392074584961,,,,,,C,
Raw,1697800376125,66108000000,,,-1381835528017218156,0.0,1005503652.19851,,,0,24,0.0,1074,73011,38,25.986465454101562,-1385.7470117257299,0.7808016532108528,20,-83970.68000456688,340282346638528860000000000000000000000,1575420030,,,,0,,6,52.929969787597656,,,,,,C,
Raw,1697800377125,67108000000,,,-1381835528017221456,0.0,1005503755.19851,,,0,4,0.0,47,472395137566785,68,18.654457092285156,-416.82721630553624,1.1129409168132591,20,-25349.71035083708,340282346638528860000000000000000000000,1575420030,,,,0,,1,52.95946502685547,,,,,,C,
Raw,1697800377125,67108000000,,,-1381835528017221456,0.0,1005503755.19851,,,0,6,0.0,16,20070423,1000000000,15.578842163085938,-447.4755585915648,299792458,20,-5344.835918672676,340282346638528860000000000000000000000,1575420030,,,,1,,1,52.95946502685547,,,,,,C,
Raw,1697800377125,67108000000,,,-1381835528017221456,0.0,1005503755.19851,,,0,9,0.0,47,472395145581129,57,20.913225173950195,-603.0542359005635,1.009210760684192,20,-38840.43315160627,340282346638528860000000000000000000000,1575420030,,,,1,,1,52.95946502685547,,,,,,C,
Raw,1697800377125,67108000000,,,-1381835528017221456,0.0,1005503755.19851,,,0,9,0.0,16,5581106,1000000000,7.0,-601.6348379162146,299792458,20,-142535.45975207706,340282346638528860000000000000000000000,1176450050,,,,0,,1,20.107900619506836,,,,,,Q,
Raw,1697800377125,67108000000,,,-1381835528017221456,0.0,1005503755.19851,,,0,9,0.0,50,8257146,1000000000,10.769088745117188,-1009.7538502503467,299792458,20,-64379.19960193633,340282346638528860000000000000000000000,1600875010,,,,1,,3,63.91412353515625,,,,,,C,
Raw,1697800377125,67108000000,,,-1381835528017221456,0.0,1005503755.19851,,,0,7,0.0,227,51177148954120,84,24.639938354492188,-697.1295185386944,0.8422314867572385,20,-43096.283299650495,340282346638528860000000000000000000000,1604812540,,,,0,,3,63.91412353515625,,,,,,C,
Raw,1697800377125,67108000000,,,-1381835528017221456,0.0,1005503755.19851,,,0,20,0.0,65583,472381139300249,17,27.267993927001953,-607.9383431228343,0.0074883452616631985,17,747353.2429061804,0.0037441726308315992,1561097980,,,,0,,5,61.99386215209961,,,,,,C,
Raw,1697800377125,67108000000,,,-1381835528017221456,0.0,1005503755.19851,,,0,24,0.0,1074,77632,38,25.863656997680664,-1385.9408727384316,0.786325008186485,20,-85356.16806435025,340282346638528860000000000000000000000,1575420030,,,,0,,6,52.95946502685547,,,,,,C,
Raw,1697800378125,68108000000,,,-1381835528017224756,0.0,1005503858.19851,,,0,4,0.0,47,472396137568154,65,19.198312759399414,-416.47906401215573,1.08848462410461,20,-25766.92539060696,340282346638528860000000000000000000000,1575420030,,,,0,,1,49.115211486816406,,,,,,C,
Raw,1697800378125,68108000000,,,-1381835528017224756,0.0,1005503858.19851,,,0,9,0.0,47,472396145583146,55,21.213167190551758,-601.8111805462636,0.995723161053673,20,-39442.88406918051,340282346638528860000000000000000000000,1575420030,,,,1,,1,49.115211486816406,,,,,,C,
Raw,1697800378125,68108000000,,,-1381835528017224756,0.0,1005503858.19851,,,0,9,0.0,16,5583121,1000000000,7.0,-601.6348379162146,299792458,20,-143139.58511789853,340282346638528860000000000000000000000,1176450050,,,,1,,1,9.172757148742676,,,,,,Q,
Raw,1697800378125,68108000000,,,-1381835528017224756,0.0,1005503858.19851,,,0,9,0.0,50,8260594,1000000000,11.679719924926758,-1009.8849995430464,299792458,20,-65388.95190978078,340282346638528860000000000000000000000,1600875010,,,,1,,3,61.584014892578125,,,,,,C,
Raw,1697800378125,68108000000,,,-1381835528017224756,0.0,1005503858.19851,,,0,7,0.0,227,51178148956426,88,24.101926803588867,-697.7785166758017,0.8664255708794748,20,-43793.51638677003,340282346638528860000000000000000000000,1604812540,,,,0,,3,61.584014892578125,,,,,,C,
Raw,1697800378125,68108000000,,,-1381835528017224756,0.0,1005503858.19851,,,0,20,0.0,65583,472382139302281,17,27.226829528808594,-607.8845379688023,0.7277632266699534,20,746745.3208264646,340282346638528860000000000000000000000,1561097980,,,,0,,5,61.80392074584961,,,,,,C,
Raw,1697800378125,68108000000,,,-1381835528017224756,0.0,1005503858.19851,,,0,24,0.0,1074,82269,38,25.981672286987305,-1384.9503002220526,0.7810189288711857,20,-86741.60977788563,340282346638528860000000000000000000000,1575420030,,,,0,,6,49.115211486816406,,,,,,C,
Raw,1697800379125,69108000000,,,-1381835528017228056,0.0,1005503961.19851,,,0,4,0.0,47,472397137569560,72,17.95589828491211,-417.3574370816616,1.144354956632606,20,-26184.27668465865,340282346638528860000000000000000000000,1575420030,,,,0,,1,49.160926818847656,,,,,,C,
Raw,1697800379125,69108000000,,,-1381835528017228056,0.0,1005503961.19851,,,0,9,0.0,47,472397145585138,54,21.495920181274414,-602.1869737118841,0.9830083411844299,20,-40045.40094472429,340282346638528860000000000000000000000,1575420030,,,,1,,1,49.160926818847656,,,,,,C,
Raw,1697800379125,69108000000,,,-1381835528017228056,0.0,1005503961.19851,,,0,9,0.0,16,5585101,1000000000,12.161056518554688,-604.1258564985537,299792458,20,-143743.8743604446,340282346638528860000000000000000000000,1176450050,,,,1,,1,9.451472282409668,,,,,,Q,
Raw,1697800379125,69108000000,,,-1381835528017228056,0.0,1005503961.19851,,,0,9,0.0,51,8264353,207,13.578727722167969,-1007.7918595581546,1.339517626277412,20,-66398.19008150947,340282346638528860000000000000000000000,1600875010,,,,1,,3,61.584014892578125,,,,,,C,
Raw,1697800379125,69108000000,,,-1381835528017228056,0.0,1005503961.19851,,,0,7,0.0,227,51179148958822,98,22.758525848388672,-697.486157363749,0.9268373241718373,20,-44491.45861655857,340282346638528860000000000000000000000,1604812540,,,,0,,3,61.584014892578125,,,,,,C,
Raw,1697800379125,69108000000,,,-1381835528017228056,0.0,1005503961.19851,,,0,20,0.0,65583,472383139304305,17,27.050212860107422,-608.0197056857869,0.007678474299609661,17,746137.3011207788,0.0038392371498048306,1561097980,,,,0,,5,61.96491241455078,,,,,,C,
Raw,1697800379125,69108000000,,,-1381835528017228056,0.0,1005503961.19851,,,0,24,0.0,1074,86875,40,25.234466552734375,-1385.1411619785804,0.8146206363685904,20,-88127.13394995712,340282346638528860000000000000000000000,1575420030,,,,0,,6,49.160926818847656,,,,,,C,
Raw,1697800380125,70108000000,,,-1381835528017231356,0.0,1005504064.19851,,,0,4,0.0,47,472398137570955,67,18.810346603393555,-417.7341504736082,1.1059315134793941,20,-26601.7749474048,340282346638528860000000000000000000000,1575420030,,,,0,,1,52.795997619628906,,,,,,C,
Raw,1697800380125,70108000000,,,-1381835528017231356,0.0,1005504064.19851,,,0,9,0.0,47,472398145587164,59,20.393478393554688,-604.2715249177322,1.032584203157965,20,-40648.046201057994,340282346638528860000000000000000000000,1575420030,,,,0,,1,52.795997619628906,,,,,,C,
Raw,1697800380125,70108000000,,,-1381835528017231356,0.0,1005504064.19851,,,0,9,0.0,16,5587143,1000000000,9.378253936767578,-601.5085964972541,299792458,20,-144346.26527590433,340282346638528860000000000000000000000,1176450050,,,,1,,1,8.687385559082031,,,,,,Q,
Raw,1697800380125,70108000000,,,-1381835528017231356,0.0,1005504064.19851,,,0,9,0.0,51,8267873,195,14.274831771850586,-1007.5776172364522,1.3082151532493391,20,-67406.9590972581,340282346638528860000000000000000000000,1600875010,,,,1,,3,63.99714279174805,,,,,,C,
Raw,1697800380125,70108000000,,,-1381835528017231356,0.0,1005504064.19851,,,0,7,0.0,227,51180148961177,109,21.46845245361328,-697.4760689566183,0.9848508574228965,20,-45188.8823210579,340282346638528860000000000000000000000,1604812540,,,,0,,3,63.99714279174805,,,,,,C,
Raw,1697800380125,70108000000,,,-1381835528017231356,0.0,1005504064.19851,,,0,20,0.0,65583,472384139306331,16,27.71739959716797,-608.1383021447109,0.007110754493623972,17,745529.1628186341,0.003555377246811986,1561097980,,,,1,,5,62.037113189697266,,,,,,C,
Raw,1697800380125,70108000000,,,-1381835528017231356,0.0,1005504064.19851,,,0,24,0.0,1074,91509,40,25.344196319580078,-1385.3704687460659,0.8096870676523178,20,-89512.74701852472,340282346638528860000000000000000000000,1575420030,,,,1,,6,52.795997619628906,,,,,,C,
Raw,1697800381125,71108000000,,,-1381835528017234656,0.0,1005504167.19851,,,0,4,0.0,47,472399137572339,71,18.14825439453125,-418.09999156192407,1.1357054682131764,20,-27020.541121586008,340282346638528860000000000000000000000,1575420030,,,,0,,1,52.840885162353516,,,,,,C,
Raw,1697800381125,71108000000,,,-1381835528017234656,0.0,1005504167.19851,,,0,9,0.0,47,472399145589198,65,19.323928833007812,-603.7117546518016,1.0806811394741422,20,-41250.841817832545,340282346638528860000000000000000000000,1575420030,,,,1,,1,52.840885162353516,,,,,,C,
Raw,1697800381125,71108000000,,,-1381835528017234656,0.0,1005504167.19851,,,0,9,0.0,16,5589150,1000000000,7.0,-595.7303249832898,299792458,20,-144947.87536154652,340282346638528860000000000000000000000,1176450050,,,,1,,1,9.172757148742676,,,,,,Q,
Raw,1697800381125,71108000000,,,-1381835528017234656,0.0,1005504167.19851,,,0,9,0.0,51,8271096,140,18.37287139892578,-1007.4355615576651,1.1239314439650991,20,-68415.90410616885,340282346638528860000000000000000000000,1600875010,,,,1,,3,61.51556396484375,,,,,,C,
Raw,1697800381125,71108000000,,,-1381835528017234656,0.0,1005504167.19851,,,0,7,0.0,227,51181148963520,109,21.505393981933594,-697.4335340508778,0.9831900699076863,20,-45886.37738519082,340282346638528860000000000000000000000,1604812540,,,,0,,3,61.51556396484375,,,,,,C,
Raw,1697800381125,71108000000,,,-1381835528017234656,0.0,1005504167.19851,,,0,20,0.0,65583,472385139308358,17,27.34697151184082,-608.3053870141739,0.007420566864311695,17,744920.8574316199,0.0037102834321558475,1561097980,,,,0,,5,61.93585968017578,,,,,,C,
Raw,1697800381125,71108000000,,,-1381835528017234656,0.0,1005504167.19851,,,0,24,0.0,1074,96137,38,25.728971481323242,-1385.9883155179114,0.7923849621504577,20,-90898.54639917084,340282346638528860000000000000000000000,1575420030,,,,0,,6,52.840885162353516,,,,,,C,
Raw,1697800382125,72108000000,,,-1381835528017237956,0.0,1005504270.19851,,,0,4,0.0,47,472400137573739,83,16.188621520996094,-417.80350827263214,1.223828055975627,20,-27439.08574251857,340282346638528860000000000000000000000,1575420030,,,,0,,1,52.750877380371094,,,,,,C,
Raw,1697800382125,72108000000,,,-1381835528017237956,0.0,1005504270.19851,,,0,9,0.0,47,472400145591189,72,17.961183547973633,-603.446388645315,1.1419625279462196,20,-41853.877526412616,340282346638528860000000000000000000000,1575420030,,,,0,,1,52.750877380371094,,,,,,C,
Raw,1697800382125,72108000000,,,-1381835528017237956,0.0,1005504270.19851,,,0,9,0.0,16,5591186,1000000000,12.679203033447266,-601.6396776250408,299792458,20,-145551.06289466924,340282346638528860000000000000000000000,1176450050,,,,1,,1,9.172757148742676,,,,,,Q,
Raw,1697800382125,72108000000,,,-1381835528017237956,0.0,1005504270.19851,,,0,9,0.0,51,8274486,137,18.710832595825195,-1009.3803746917697,1.108734396124608,20,-69423.65615521919,340282346638528860000000000000000000000,1600875010,,,,0,,3,63.903690338134766,,,,,,C,
Raw,1697800382125,72108000000,,,-1381835528017237956,0.0,1005504270.19851,,,0,7,0.0,227,51182148965950,118,20.49866485595703,-697.6651584254068,1.0284618901011524,20,-46584.11532602929,340282346638528860000000000000000000000,1604812540,,,,0,,3,63.903690338134766,,,,,,C,
Raw,1697800382125,72108000000,,,-1381835528017237956,0.0,1005504270.19851,,,0,20,0.0,65583,472386139310384,17,27.217317581176758,-608.528094332316,0.007532164454460144,17,744312.3293372876,0.003766082227230072,1561097980,,,,0,,5,61.87746810913086,,,,,,C,
Raw,1697800382125,72108000000,,,-1381835528017237956,0.0,1005504270.19851,,,0,24,0.0,1074,100734,41,24.965909957885742,-1385.4338621151983,0.8266998716775213,20,-92284.54886007201,340282346638528860000000000000000000000,1575420030,,,,0,,6,52.750877380371094,,,,,,C,
Raw,1697800383125,73108000000,,,-1381835528017241256,0.0,1005504373.19851,,,0,4,0.0,47,472401137575132,78,16.965463638305664,-418.45898207647883,1.1888946031165126,20,-27857.90324030482,340282346638528860000000000000000000000,1575420030,,,,0,,1,52.855796813964844,,,,,,C,
Raw,1697800383125,73108000000,,,-1381835528017241256,0.0,1005504373.19851,,,0,9,0.0,47,472401145593207,72,18.01311492919922,-603.3977870623135,1.1396276134052155,20,-42456.299463424,340282346638528860000000000000000000000,1575420030,,,,0,,1,52.855796813964844,,,,,,C,
Raw,1697800383125,73108000000,,,-1381835528017241256,0.0,1005504373.19851,,,0,9,0.0,16,5593209,1000000000,12.048952102661133,-605.8204362368679,299792458,20,-146151.9956196918,340282346638528860000000000000000000000,1176450050,,,,1,,1,9.632434844970703,,,,,,Q,
Raw,1697800383125,73108000000,,,-1381835528017241256,0.0,1005504373.19851,,,0,9,0.0,48,8277866,1000000000,18.772830963134766,-1009.8237192862184,299792458,20,-70433.82661217364,340282346638528860000000000000000000000,1600875010,,,,0,,3,63.903690338134766,,,,,,C,
Raw,1697800383125,73108000000,,,-1381835528017241256,0.0,1005504373.19851,,,0,7,0.0,227,51183148968114,124,19.885391235351562,-697.1710991356522,1.0560405884849167,20,-47282.82404072718,340282346638528860000000000000000000000,1604812540,,,,0,,3,63.903690338134766,,,,,,C,
Raw,1697800383125,73108000000,,,-1381835528017241256,0.0,1005504373.19851,,,0,20,0.0,65583,472387139312417,17,27.419931411743164,-608.7036654008552,0.007358496077358723,17,743703.6256718867,0.0036792480386793613,1561097980,,,,0,,5,61.906715393066406,,,,,,C,
Raw,1697800383125,73108000000,,,-1381835528017241256,0.0,1005504373.19851,,,0,24,0.0,1074,105347,41,25.020771026611328,-1385.9880428582592,0.8242336198577682,20,-93670.71627254308,340282346638528860000000000000000000000,1575420030,,,,0,,6,52.855796813964844,,,,,,C,
Raw,1697800384125,74108000000,,,-1381835528017244556,0.0,1005504476.19851,,,0,4,0.0,47,472402137576481,95,14.617066383361816,-418.42060523043415,1.294499494056228,20,-28276.472989405578,340282346638528860000000000000000000000,1575420030,,,,1,,1,52.88554382324219,,,,,,C,
Raw,1697800384125,74108000000,,,-1381835528017244556,0.0,1005504476.19851,,,0,9,0.0,47,472402145595190,73,17.772388458251953,-603.3345981879202,1.1504533199274647,20,-43058.62226078686,340282346638528860000000000000000000000,1575420030,,,,0,,1,52.88554382324219,,,,,,C,
Raw,1697800384125,74108000000,,,-1381835528017244556,0.0,1005504476.19851,,,0,9,0.0,16,5595225,1000000000,9.416702270507812,-610.8703656549396,299792458,20,-146756.21525961024,340282346638528860000000000000000000000,1176450050,,,,1,,1,9.632434844970703,,,,,,Q,
Raw,1697800384125,74108000000,,,-1381835528017244556,0.0,1005504476.19851,,,0,9,0.0,51,8281212,127,19.572187423706055,-1008.3643084979117,1.070001481603477,20,-71443.6757489366,340282346638528860000000000000000000000,1600875010,,,,0,,3,61.556697845458984,,,,,,C,
Raw,1697800384125,74108000000,,,-1381835528017244556,0.0,1005504476.19851,,,0,7,0.0,227,51184148970501,115,20.817747116088867,-697.7357772753221,1.0141140412799219,20,-47980.95984386778,340282346638528860000000000000000000000,1604812540,,,,0,,3,61.556697845458984,,,,,,C,
Raw,1697800384125,74108000000,,,-1381835528017244556,0.0,1005504476.19851,,,0,20,0.0,65583,472388139314459,17,27.180572509765625,-608.8323621556628,0.007564096711575985,17,743094.7933097311,0.0037820483557879925,1561097980,,,,0,,5,61.96491241455078,,,,,,C,
Raw,1697800384125,74108000000,,,-1381835528017244556,0.0,1005504476.19851,,,0,24,0.0,1074,109960,39,25.6146297454834,-1386.0466646834784,0.7975293494991673,20,-95056.97132178475,340282346638528860000000000000000000000,1575420030,,,,0,,6,52.88554382324219,,,,,,C,
Raw,1697800385125,75108000000,,,-1381835528017247856,0.0,1005504579.19851,,,0,4,0.0,47,472403137577883,86,15.7886323928833,-418.1321994833381,1.2418158712131149,20,-28695.53105506285,340282346638528860000000000000000000000,1575420030,,,,0,,1,52.90037536621094,,,,,,C,
Raw,1697800385125,75108000000,,,-1381835528017247856,0.0,1005504579.19851,,,0,9,0.0,47,472403145597179,76,17.27584457397461,-604.1313778565104,1.1727825211991414,20,-43662.44638324709,340282346638528860000000000000000000000,1575420030,,,,0,,1,52.90037536621094,,,,,,C,
Raw,1697800385125,75108000000,,,-1381835528017247856,0.0,1005504579.19851,,,0,9,0.0,16,5597255,1000000000,7.284448623657227,-604.1258564985537,299792458,20,-147360.8881718063,340282346638528860000000000000000000000,1176450050,,,,1,,1,9.077828407287598,,,,,,Q,
Raw,1697800385125,75108000000,,,-1381835528017247856,0.0,1005504579.19851,,,0,9,0.0,51,8284716,129,19.430078506469727,-1008.727900144097,1.076392607874483,20,-72451.00283235051,340282346638528860000000000000000000000,1600875010,,,,0,,3,63.91412353515625,,,,,,C,
Raw,1697800385125,75108000000,,,-1381835528017247856,0.0,1005504579.19851,,,0,7,0.0,227,51185148972813,113,20.994991302490234,-698.9499307064907,1.006144005270118,20,-48677.880044379424,340282346638528860000000000000000000000,1604812540,,,,0,,3,63.91412353515625,,,,,,C,
Raw,1697800385125,75108000000,,,-1381835528017247856,0.0,1005504579.19851,,,0,20,0.0,65583,472389139316499,17,26.739944458007812,-608.895858665579,0.00795771460980177,17,742485.8974510655,0.003978857304900885,1561097980,,,,0,,5,61.99386215209961,,,,,,C,
Raw,1697800385125,75108000000,,,-1381835528017247856,0.0,1005504579.19851,,,0,24,0.0,1074,114603,38,25.745195388793945,-1386.328322104183,0.7916587129304111,20,-96443.29078508203,340282346638528860000000000000000000000,1575420030,,,,0,,6,52.90037536621094,,,,,,C,
Raw,1697800386125,76108000000,,,-1381835528017251156,0.0,1005504682.19851,,,0,4,0.0,47,472404137579311,78,17.09311294555664,-419.6164904649065,1.1831550375573139,20,-29116.24045316756,340282346638528860000000000000000000000,1575420030,,,,0,,1,52.795997619628906,,,,,,C,
Raw,1697800386125,76108000000,,,-1381835528017251156,0.0,1005504682.19851,,,0,9,0.0,47,472404145599261,86,15.813453674316406,-604.4492308460422,1.2385450204636914,20,-44265.993833039436,340282346638528860000000000000000000000,1575420030,,,,0,,1,52.795997619628906,,,,,,C,
Raw,1697800386125,76108000000,,,-1381835528017251156,0.0,1005504682.19851,,,0,9,0.0,16,5599196,1000000000,7.0,-605.2377625601539,299792458,20,-147965.69633767707,340282346638528860000000000000000000000,1176450050,,,,1,,1,8.884800910949707,,,,,,Q,
Raw,1697800386125,76108000000,,,-1381835528017251156,0.0,1005504682.19851,,,0,9,0.0,51,8287887,129,19.367441177368164,-1009.1392072294143,1.0792099356233402,20,-73460.21439033728,340282346638528860000000000000000000000,1600875010,,,,0,,3,61.51556396484375,,,,,,C,
Raw,1697800386125,76108000000,,,-1381835528017251156,0.0,1005504682.19851,,,0,7,0.0,227,51186148975084,109,21.527923583984375,-699.0013952158401,0.9821790457872401,20,-49377.321513068455,340282346638528860000000000000000000000,1604812540,,,,0,,3,61.51556396484375,,,,,,C,
Raw,1697800386125,76108000000,,,-1381835528017251156,0.0,1005504682.19851,,,0,20,0.0,65583,472390139318537,17,26.828815460205078,-608.9278701278786,0.7456643047182827,20,741876.9679296465,340282346638528860000000000000000000000,1561097980,,,,0,,5,61.80392074584961,,,,,,C,
Raw,1697800386125,76108000000,,,-1381835528017251156,0.0,1005504682.19851,,,0,24,0.0,1074,119214,38,25.7730655670166,-1385.9209685838223,0.7904063823550915,20,-97829.64021780457,340282346638528860000000000000000000000,1575420030,,,,1,,6,52.795997619628906,,,,,,C,
Raw,1697800387125,77108000000,,,-1381835528017254456,0.0,1005504785.19851,,,0,4,0.0,47,472405137580738,84,16.08163833618164,-419.06489998854136,1.228640205940537,20,-29536.941425023437,340282346638528860000000000000000000000,1575420030,,,,0,,1,52.88554382324219,,,,,,C,
Raw,1697800387125,77108000000,,,-1381835528017254456,0.0,1005504785.19851,,,0,9,0.0,47,472405145601251,82,16.407163619995117,-603.28804155231,1.211846874296497,20,-44868.669240735675,340282346638528860000000000000000000000,1575420030,,,,1,,1,52.88554382324219,,,,,,C,
Raw,1697800387125,77108000000,,,-1381835528017254456,0.0,1005504785.19851,,,0,9,0.0,16,5601211,1000000000,7.0,-605.9612649472201,299792458,20,-148569.8260261545,340282346638528860000000000000000000000,1176450050,,,,0,,1,8.884800910949707,,,,,,Q,
Raw,1697800387125,77108000000,,,-1381835528017254456,0.0,1005504785.19851,,,0,9,0.0,51,8291229,140,18.420604705810547,-1008.7133810176183,1.1217886426458232,20,-74470.16647279175,340282346638528860000000000000000000000,1600875010,,,,0,,3,63.945350646972656,,,,,,C,
Raw,1697800387125,77108000000,,,-1381835528017254456,0.0,1005504785.19851,,,0,7,0.0,227,51187148977389,107,21.744731903076172,-698.1804170031187,0.972429799039269,20,-50075.56275546504,340282346638528860000000000000000000000,1604812540,,,,0,,3,63.945350646972656,,,,,,C,
Raw,1697800387125,77108000000,,,-1381835528017254456,0.0,1005504785.19851,,,0,20,0.0,65583,472391139320566,17,27.309558868408203,-609.0038030025315,0.0074525983072817326,17,741267.964126644,0.0037262991536408663,1561097980,,,,0,,5,62.10871887207031,,,,,,C,
Raw,1697800387125,77108000000,,,-1381835528017254456,0.0,1005504785.19851,,,0,24,0.0,1074,123841,38,25.904787063598633,-1386.1467307758294,0.7844838232939764,20,-99216.03270481552,340282346638528860000000000000000000000,1575420030,,,,0,,6,52.88554382324219,,,,,,C,
Raw,1697800388125,78108000000,,,-1381835528017257756,0.0,1005504888.19851,,,0,4,0.0,47,472406137582117,101,13.844562530517578,-420.20526490133807,1.3292392360784646,20,-29956.371793546732,340282346638528860000000000000000000000,1575420030,,,,0,,1,52.795997619628906,,,,,,C,
Raw,1697800388125,78108000000,,,-1381835528017257756,0.0,1005504888.19851,,,0,9,0.0,47,472406145603281,95,14.513955116271973,-603.0350815599977,1.2969825874023488,20,-45471.83364197621,340282346638528860000000000000000000000,1575420030,,,,1,,1,52.795997619628906,,,,,,C,
Raw,1697800388125,78108000000,,,-1381835528017257756,0.0,1005504888.19851,,,0,9,0.0,16,5603227,1000000000,7.208675384521484,-604.1258564985537,299792458,20,-149173.94291762906,340282346638528860000000000000000000000,1176450050,,,,1,,1,8.06670093536377,,,,,,Q,
Raw,1697800388125,78108000000,,,-1381835528017257756,0.0,1005504888.19851,,,0,9,0.0,51,8294604,157,16.9609432220459,-1008.4485603304361,1.1874285249476486,20,-75478.32760333006,340282346638528860000000000000000000000,1600875010,,,,0,,3,61.556697845458984,,,,,,C,
Raw,1697800388125,78108000000,,,-1381835528017257756,0.0,1005504888.19851,,,0,7,0.0,96,148979770,1000000000,21.80532455444336,-697.3464192920055,299792458,20,-50773.05637214645,340282346638528860000000000000000000000,1604812540,,,,0,,3,61.556697845458984,,,,,,C,
Raw,1697800388125,78108000000,,,-1381835528017257756,0.0,1005504888.19851,,,0,20,0.0,65583,472392139322592,17,27.178585052490234,-609.0529937053798,0.007565826177597046,17,740658.9111329386,0.003782913088798523,1561097980,,,,0,,5,61.906715393066406,,,,,,C,
Raw,1697800388125,78108000000,,,-1381835528017257756,0.0,1005504888.19851,,,0,24,0.0,1074,128468,37,26.043659210205078,-1386.444884105491,0.778239744184023,20,-100602.47860508792,340282346638528860000000000000000000000,1575420030,,,,0,,6,52.795997619628906,,,,,,C,
Raw,1697800389125,79108000000,,,-1381835528017261056,0.0,1005504991.19851,,,0,4,0.0,47,472407137583581,104,13.479000091552734,-418.8349797368385,1.3456784296976974,20,-30375.771791506726,340282346638528860000000000000000000000,1575420030,,,,0,,1,52.855796813964844,,,,,,C,
Raw,1697800389125,79108000000,,,-1381835528017261056,0.0,1005504991.19851,,,0,9,0.0,47,472407145605270,97,14.367555618286133,-602.593236593636,1.303566492568062,20,-46075.17465792652,340282346638528860000000000000000000000,1575420030,,,,1,,1,52.855796813964844,,,,,,C,
Raw,1697800389125,79108000000,,,-1381835528017261056,0.0,1005504991.19851,,,0,9,0.0,16,5605309,1000000000,7.0,-604.1209486248144,299792458,20,-149778.4514998587,340282346638528860000000000000000000000,1176450050,,,,0,,1,9.077828407287598,,,,,,Q,
Raw,1697800389125,79108000000,,,-1381835528017261056,0.0,1005504991.19851,,,0,9,0.0,51,8298045,153,17.31464385986328,-1008.272217700387,1.17152360046133,20,-76486.48918748624,340282346638528860000000000000000000000,1600875010,,,,0,,3,63.976463317871094,,,,,,C,
Raw,1697800389125,79108000000,,,-1381835528017261056,0.0,1005504991.19851,,,0,7,0.0,227,51189148982081,112,21.19536590576172,-697.3134956390045,0.9971348537401559,20,-51471.3484313081,340282346638528860000000000000000000000,1604812540,,,,0,,3,63.976463317871094,,,,,,C,
Raw,1697800389125,79108000000,,,-1381835528017261056,0.0,1005504991.19851,,,0,20,0.0,65583,472393139324617,16,27.459196090698242,-609.2321991528152,0.007325305603444576,17,740049.6789337858,0.003662652801722288,1561097980,,,,0,,5,62.037113189697266,,,,,,C,
Raw,1697800389125,79108000000,,,-1381835528017261056,0.0,1005504991.19851,,,0,24,0.0,1074,133116,37,26.22510528564453,-1386.352452483401,0.7700810564519815,20,-101989.04970200924,340282346638528860000000000000000000000,1575420030,,,,0,,6,52.855796813964844,,,,,,C,
Raw,1697800390125,80108000000,,,-1381835528017264356,0.0,1005505094.1985099,,,0,4,0.0,47,472408137584897,97,14.301375389099121,-418.2887402061474,1.3086973667552986,20,-30794.70132374419,340282346638528860000000000000000000000,1575420030,,,,0,,1,52.81098556518555,,,,,,C,
Raw,1697800390125,80108000000,,,-1381835528017264356,0.0,1005505094.1985099,,,0,9,0.0,46,472408145607295,1000000000,14.276710510253906,-602.6083692043321,299792458,20,-46678.332706534624,340282346638528860000000000000000000000,1575420030,,,,1,,1,52.81098556518555,,,,,,C,
Raw,1697800390125,80108000000,,,-1381835528017264356,0.0,1005505094.1985099,,,0,9,0.0,16,5607337,1000000000,10.899410247802734,-604.7619033021824,299792458,20,-150382.51912248207,340282346638528860000000000000000000000,1176450050,,,,0,,1,8.06670093536377,,,,,,Q,
Raw,1697800390125,80108000000,,,-1381835528017264356,0.0,1005505094.1985099,,,0,9,0.0,51,8301546,164,16.427452087402344,-1009.3518135932036,1.2114201779169829,20,-77495.37520102764,340282346638528860000000000000000000000,1600875010,,,,0,,3,63.903690338134766,,,,,,C,
Raw,1697800390125,80108000000,,,-1381835528017264356,0.0,1005505094.1985099,,,0,7,0.0,227,51190148984395,103,22.161388397216797,-699.4018640799832,0.9536944996137056,20,-52169.66433321915,340282346638528860000000000000000000000,1604812540,,,,0,,3,63.903690338134766,,,,,,C,
Raw,1697800390125,80108000000,,,-1381835528017264356,0.0,1005505094.1985099,,,0,20,0.0,65583,472394139326645,17,27.196813583374023,-609.1965080501914,0.7291173386437562,20,739440.4411831473,340282346638528860000000000000000000000,1561097980,,,,0,,5,62.037113189697266,,,,,,C,
Raw,1697800390125,80108000000,,,-1381835528017264356,0.0,1005505094.1985099,,,0,24,0.0,1074,137742,37,26.340909957885742,-1386.353679451836,0.7648743621124412,20,-103375.64160679738,340282346638528860000000000000000000000,1575420030,,,,0,,6,52.81098556518555,,,,,,C,
Raw,1697800391125,81108000000,,,-1381835528017267656,0.0,1005505197.1985099,,,0,4,0.0,47,472409137586282,92,14.99775505065918,-418.0101161240734,1.2773821128060296,20,-31212.524689589067,340282346638528860000000000000000000000,1575420030,,,,0,,1,52.795997619628906,,,,,,C,
Raw,1697800391125,81108000000,,,-1381835528017267656,0.0,1005505197.1985099,,,0,9,0.0,46,472409145609353,1000000000,14.435458183288574,-603.1750922913934,299792458,20,-47281.594092589825,340282346638528860000000000000000000000,1575420030,,,,1,,1,52.795997619628906,,,,,,C,
Raw,1697800391125,81108000000,,,-1381835528017267656,0.0,1005505197.1985099,,,0,9,0.0,16,5609315,1000000000,7.0,-604.0966819157702,299792458,20,-150982.9828939104,340282346638528860000000000000000000000,1176450050,,,,1,,1,9.983428001403809,,,,,,Q,
Raw,1697800391125,81108000000,,,-1381835528017267656,0.0,1005505197.1985099,,,0,9,0.0,51,8304940,163,16.549758911132812,-1009.9070168099602,1.205920920303189,20,-78504.66201823877,340282346638528860000000000000000000000,1600875010,,,,0,,3,63.966102600097656,,,,,,C,
Raw,1697800391125,81108000000,,,-1381835528017267656,0.0,1005505197.1985099,,,0,7,0.0,227,51191148986623,98,22.776893615722656,-698.3955454686907,0.9260163496868845,20,-52867.90110056529,340282346638528860000000000000000000000,1604812540,,,,0,,3,63.966102600097656,,,,,,C,
Raw,1697800391125,81108000000,,,-1381835528017267656,0.0,1005505197.1985099,,,0,20,0.0,65583,472395139328691,17,26.922164916992188,-609.2214771936415,0.007792511954903603,17,738831.2197059536,0.0038962559774518013,1561097980,,,,0,,5,62.02272033691406,,,,,,C,
Raw,1697800391125,81108000000,,,-1381835528017267656,0.0,1005505197.1985099,,,0,24,0.0,1074,142361,39,25.4339599609375,-1386.213532390614,0.8056596129950071,20,-104762.21659505284,340282346638528860000000000000000000000,1575420030,,,,0,,6,52.795997619628906,,,,,,C,
Raw,1697800392125,82108000000,,,-1381835528017270956,0.0,1005505300.1985099,,,0,4,0.0,47,472410137587667,87,15.701008796691895,-419.17832640384927,1.2457579865945227,20,-31630.75694953337,340282346638528860000000000000000000000,1575420030,,,,0,,1,52.88554382324219,,,,,,C,
Raw,1697800392125,82108000000,,,-1381835528017270956,0.0,1005505300.1985099,,,0,9,0.0,46,472410145611386,1000000000,13.833206176757812,-604.1879547343383,299792458,20,-47884.99272375343,340282346638528860000000000000000000000,1575420030,,,,1,,1,52.88554382324219,,,,,,C,
Raw,1697800392125,82108000000,,,-1381835528017270956,0.0,1005505300.1985099,,,0,9,0.0,16,5611328,1000000000,7.0,-597.755095560397,299792458,20,-151578.79523859688,340282346638528860000000000000000000000,1176450050,,,,1,,1,7.513272285461426,,,,,,Q,
Raw,1697800392125,82108000000,,,-1381835528017270956,0.0,1005505300.1985099,,,0,9,0.0,51,8308311,159,16.804908752441406,-1008.4670330218714,1.1944476471070065,20,-79514.23058301824,340282346638528860000000000000000000000,1600875010,,,,0,,3,64.00746154785156,,,,,,C,
Raw,1697800392125,82108000000,,,-1381835528017270956,0.0,1005505300.1985099,,,0,7,0.0,227,51192148988900,94,23.273983001708984,-697.2880019615254,0.9036631176206673,20,-53566.11246974705,340282346638528860000000000000000000000,1604812540,,,,0,,3,64.00746154785156,,,,,,C,
Raw,1697800392125,82108000000,,,-1381835528017270956,0.0,1005505300.1985099,,,0,20,0.0,65583,472396139330732,17,26.743896484375,-609.2272056245711,0.007954096421599388,17,738221.992500329,0.003977048210799694,1561097980,,,,0,,5,62.08014678955078,,,,,,C,
Raw,1697800392125,82108000000,,,-1381835528017270956,0.0,1005505300.1985099,,,0,24,0.0,1074,146999,40,25.349185943603516,-1386.1645899830473,0.8094727209530923,20,-106148.74475833806,340282346638528860000000000000000000000,1575420030,,,,0,,6,52.88554382324219,,,,,,C,
Raw,1697800393125,83108000000,,,-1381835528017274256,0.0,1005505403.1985099,,,0,4,0.0,47,472411137589080,72,17.9462947845459,-419.44502162614026,1.1447903067608465,20,-32051.20666775591,340282346638528860000000000000000000000,1575420030,,,,0,,1,52.929969787597656,,,,,,C,
Raw,1697800393125,83108000000,,,-1381835528017274256,0.0,1005505403.1985099,,,0,9,0.0,46,472411145613468,1000000000,13.888040542602539,-603.6691515811481,299792458,20,-48488.630322403624,340282346638528860000000000000000000000,1575420030,,,,1,,1,52.929969787597656,,,,,,C,
Raw,1697800393125,83108000000,,,-1381835528017274256,0.0,1005505403.1985099,,,0,9,0.0,16,5613312,1000000000,7.0,-597.56089372313,299792458,20,-152173.75367501113,340282346638528860000000000000000000000,1176450050,,,,1,,1,8.06670093536377,,,,,,Q,
Raw,1697800393125,83108000000,,,-1381835528017274256,0.0,1005505403.1985099,,,0,9,0.0,51,8311760,163,16.534828186035156,-1008.5371065524823,1.2065936494157272,20,-80523.51104469271,340282346638528860000000000000000000000,1600875010,,,,0,,3,63.93495178222656,,,,,,C,
Raw,1697800393125,83108000000,,,-1381835528017274256,0.0,1005505403.1985099,,,0,7,0.0,227,51193148991257,101,22.470623016357422,-698.1888012874233,0.9397897892945695,20,-54264.39594551812,340282346638528860000000000000000000000,1604812540,,,,0,,3,63.93495178222656,,,,,,C,
Raw,1697800393125,83108000000,,,-1381835528017274256,0.0,1005505403.1985099,,,0,20,0.0,65583,472397139332767,17,26.724266052246094,-609.2686665472575,0.007972091436386108,17,737612.7238337818,0.003986045718193054,1561097980,,,,0,,5,61.93585968017578,,,,,,C,
Raw,1697800393125,83108000000,,,-1381835528017274256,0.0,1005505403.1985099,,,0,24,0.0,1074,151609,37,26.17068099975586,-1386.3258681673133,0.7725317980913249,20,-107535.31796716765,340282346638528860000000000000000000000,1575420030,,,,0,,6,52.929969787597656,,,,,,C,
Raw,1697800394125,84108000000,,,-1381835528017277556,0.0,1005505506.1985099,,,0,4,0.0,47,472412137590473,76,17.349720001220703,-419.53540830083875,1.1716177266205552,20,-32470.702788057675,340282346638528860000000000000000000000,1575420030,,,,0,,1,48.929901123046875,,,,,,C,
Raw,1697800394125,84108000000,,,-1381835528017277556,0.0,1005505506.1985099,,,0,9,0.0,4,2145615480,1000000000,13.715147018432617,-604.837430025837,299792458,20,-49092.96768638266,340282346638528860000000000000000000000,1575420030,,,,1,,1,48.929901123046875,,,,,,C,
Raw,1697800394125,84108000000,,,-1381835528017277556,0.0,1005505506.1985099,,,0,9,0.0,16,5615266,1000000000,9.145111083984375,-594.2832520442444,299792458,20,-152765.41171048817,340282346638528860000000000000000000000,1176450050,,,,0,,1,9.451472282409668,,,,,,Q,
Raw,1697800394125,84108000000,,,-1381835528017277556,0.0,1005505506.1985099,,,0,9,0.0,51,8315083,160,16.72739601135254,-1008.7679811129678,1.197934442170805,20,-81531.84414263802,340282346638528860000000000000000000000,1600875010,,,,0,,3,61.30692672729492,,,,,,C,
Raw,1697800394125,84108000000,,,-1381835528017277556,0.0,1005505506.1985099,,,0,7,0.0,227,51194148993661,99,22.693424224853516,-698.9647906575346,0.9297710781247148,20,-54962.68620750118,340282346638528860000000000000000000000,1604812540,,,,0,,3,61.30692672729492,,,,,,C,
Raw,1697800394125,84108000000,,,-1381835528017277556,0.0,1005505506.1985099,,,0,20,0.0,65583,472398139334792,18,26.17112159729004,-609.2980034472421,0.008496293798089027,17,737003.4258303345,0.004248146899044514,1561097980,,,,0,,5,58.034873962402344,,,,,,C,
Raw,1697800394125,84108000000,,,-1381835528017277556,0.0,1005505506.1985099,,,0,24,0.0,1074,156220,38,25.767925262451172,-1386.6131151108875,0.7906440941758786,20,-108921.90357984681,340282346638528860000000000000000000000,1575420030,,,,0,,6,48.929901123046875,,,,,,C,
Raw,1697800395125,85108000000,,,-1381835528017280856,0.0,1005505609.1985099,,,0,4,0.0,47,472413137591884,68,18.7327880859375,-419.8597028746533,1.1094229682540453,20,-32889.91080598021,340282346638528860000000000000000000000,1575420030,,,,0,,1,52.95946502685547,,,,,,C,
Raw,1697800395125,85108000000,,,-1381835528017280856,0.0,1005505609.1985099,,,0,9,0.0,4,3145617583,1000000000,13.306453704833984,-604.478814418304,299792458,20,-49697.7595312991,340282346638528860000000000000000000000,1575420030,,,,1,,1,52.95946502685547,,,,,,C,
Raw,1697800395125,85108000000,,,-1381835528017280856,0.0,1005505609.1985099,,,0,9,0.0,16,5617211,1000000000,8.332233428955078,-592.1224924656112,299792458,20,-153352.59942668924,340282346638528860000000000000000000000,1176450050,,,,0,,1,8.485379219055176,,,,,,Q,
Raw,1697800395125,85108000000,,,-1381835528017280856,0.0,1005505609.1985099,,,0,9,0.0,51,8318315,132,19.095577239990234,-1008.097374698425,1.0914407446695806,20,-82539.68443017625,340282346638528860000000000000000000000,1600875010,,,,0,,3,63.903690338134766,,,,,,C,
Raw,1697800395125,85108000000,,,-1381835528017280856,0.0,1005505609.1985099,,,0,7,0.0,227,51195148996049,103,22.134723663330078,-699.6146749385116,0.954895639936943,20,-55660.99378402804,340282346638528860000000000000000000000,1604812540,,,,0,,3,63.903690338134766,,,,,,C,
Raw,1697800395125,85108000000,,,-1381835528017280856,0.0,1005505609.1985099,,,0,20,0.0,65583,472399139336814,18,26.29798126220703,-609.335504126735,0.008373105898499489,17,736394.0903262078,0.004186552949249744,1561097980,,,,0,,5,62.02272033691406,,,,,,C,
Raw,1697800395125,85108000000,,,-1381835528017280856,0.0,1005505609.1985099,,,0,24,0.0,1074,160862,37,26.046279907226562,-1386.6011180861915,0.778127578287068,20,-110308.53296685674,340282346638528860000000000000000000000,1575420030,,,,1,,6,52.95946502685547,,,,,,C,
Raw,1697800396125,86108000000,,,-1381835528017284156,0.0,1005505712.1985099,,,0,4,0.0,47,472414137593255,74,17.648174285888672,-420.0869646947474,1.1581970936917196,20,-33309.08929678906,340282346638528860000000000000000000000,1575420030,,,,0,,1,52.81098556518555,,,,,,C,
Raw,1697800396125,86108000000,,,-1381835528017284156,0.0,1005505712.1985099,,,0,9,0.0,4,4145619663,1000000000,13.4024658203125,-603.1179019293481,299792458,20,-50302.35165974627,340282346638528860000000000000000000000,1575420030,,,,1,,1,52.81098556518555,,,,,,C,
Raw,1697800396125,86108000000,,,-1381835528017284156,0.0,1005505712.1985099,,,0,9,0.0,16,5619161,1000000000,7.0,-582.5810405971374,299792458,20,-153933.32505027758,340282346638528860000000000000000000000,1176450050,,,,1,,1,8.485379219055176,,,,,,Q,
Raw,1697800396125,86108000000,,,-1381835528017284156,0.0,1005505712.1985099,,,0,9,0.0,48,8321652,1000000000,20.791786193847656,-1008.0312547327708,299792458,20,-83547.78263152334,340282346638528860000000000000000000000,1600875010,,,,0,,3,61.40491485595703,,,,,,C,
Raw,1697800396125,86108000000,,,-1381835528017284156,0.0,1005505712.1985099,,,0,7,0.0,227,51196148998313,104,22.03723907470703,-697.7982845005849,0.959279828743679,20,-56359.3082835008,340282346638528860000000000000000000000,1604812540,,,,0,,3,61.40491485595703,,,,,,C,
Raw,1697800396125,86108000000,,,-1381835528017284156,0.0,1005505712.1985099,,,0,20,0.0,65583,472400139338860,17,26.738256454467773,-609.3692554861773,0.007959261536598206,17,735784.7210707216,0.003979630768299103,1561097980,,,,0,,5,61.96491241455078,,,,,,C,
Raw,1697800396125,86108000000,,,-1381835528017284156,0.0,1005505712.1985099,,,0,24,0.0,1074,165473,36,26.64459800720215,-1386.9326722232454,0.751222807227204,20,-111695.14551775847,340282346638528860000000000000000000000,1575420030,,,,0,,6,52.81098556518555,,,,,,C,
Raw,1697800397125,87108000000,,,-1381835528017287456,0.0,1005505815.1985099,,,0,4,0.0,47,472415137594766,69,18.529314041137695,-418.5128664402414,1.118573442157441,20,-33727.93062308355,340282346638528860000000000000000000000,1575420030,,,,0,,1,52.81098556518555,,,,,,C,
Raw,1697800397125,87108000000,,,-1381835528017287456,0.0,1005505815.1985099,,,0,9,0.0,4,5145621577,1000000000,13.411907196044922,-602.164411125666,299792458,20,-50905.668098588896,340282346638528860000000000000000000000,1575420030,,,,0,,1,52.81098556518555,,,,,,C,
Raw,1697800397125,87108000000,,,-1381835528017287456,0.0,1005505815.1985099,,,0,9,0.0,16,5621033,1000000000,7.0,-576.6084990809932,299792458,20,-154505.2410216403,340282346638528860000000000000000000000,1176450050,,,,0,,1,11.48062515258789,,,,,,Q,
Raw,1697800397125,87108000000,,,-1381835528017287456,0.0,1005505815.1985099,,,0,9,0.0,51,8324947,105,21.93735694885254,-1007.8694312292005,0.9636502381197505,20,-84554.53768822156,340282346638528860000000000000000000000,1600875010,,,,0,,3,61.44657516479492,,,,,,C,
Raw,1697800397125,87108000000,,,-1381835528017287456,0.0,1005505815.1985099,,,0,7,0.0,227,51197149000649,109,21.537399291992188,-696.9262507679923,0.9817575416569619,20,-57057.243335863015,340282346638528860000000000000000000000,1604812540,,,,0,,3,61.44657516479492,,,,,,C,
Raw,1697800397125,87108000000,,,-1381835528017287456,0.0,1005505815.1985099,,,0,20,0.0,65583,472401139340892,17,26.80292320251465,-609.022512123338,0.007900224067270756,17,735175.6985585983,0.003950112033635378,1561097980,,,,0,,5,61.906715393066406,,,,,,C,
Raw,1697800397125,87108000000,,,-1381835528017287456,0.0,1005505815.1985099,,,0,24,0.0,1074,170112,36,26.554458618164062,-1386.2635654367896,0.7552770885055669,20,-113081.40955779706,340282346638528860000000000000000000000,1575420030,,,,0,,6,52.81098556518555,,,,,,C,
Raw,1697800398125,88108000000,,,-1381835528017290756,0.0,1005505918.1985099,,,0,4,0.0,47,472416137596057,74,17.58789825439453,-417.41653606127215,1.1609082466004326,20,-34146.11167355892,340282346638528860000000000000000000000,1575420030,,,,0,,1,52.76594161987305,,,,,,C,
Raw,1697800398125,88108000000,,,-1381835528017290756,0.0,1005505918.1985099,,,0,9,0.0,4,145623594,1000000000,13.25830078125,-602.0115172257047,299792458,20,-51508.654042053815,340282346638528860000000000000000000000,1575420030,,,,1,,1,52.76594161987305,,,,,,C,
Raw,1697800398125,88108000000,,,-1381835528017290756,0.0,1005505918.1985099,,,0,9,0.0,16,5622930,1000000000,7.0,-571.5585355804649,299792458,20,-155073.6980291109,340282346638528860000000000000000000000,1176450050,,,,1,,1,11.110957145690918,,,,,,Q,
Raw,1697800398125,88108000000,,,-1381835528017290756,0.0,1005505918.1985099,,,0,9,0.0,51,8328279,100,22.528671264648438,-1006.6424627943793,0.9370601306770414,20,-85562.76068387755,340282346638528860000000000000000000000,1600875010,,,,0,,3,61.2220458984375,,,,,,C,
Raw,1697800398125,88108000000,,,-1381835528017290756,0.0,1005505918.1985099,,,0,7,0.0,227,51198149003016,120,20.30178451538086,-697.8067369498026,1.0373221971530189,20,-57754.30920618789,340282346638528860000000000000000000000,1604812540,,,,0,,3,61.2220458984375,,,,,,C,
Raw,1697800398125,88108000000,,,-1381835528017290756,0.0,1005505918.1985099,,,0,20,0.0,65583,472402139342919,17,27.295827865600586,-607.9105088006727,0.7246677807504862,20,734567.378487645,340282346638528860000000000000000000000,1561097980,,,,0,,5,61.906715393066406,,,,,,C,
Raw,1697800398125,88108000000,,,-1381835528017290756,0.0,1005505918.1985099,,,0,24,0.0,1074,174738,35,26.989486694335938,-1385.2713569624975,0.7357152229420274,20,-114466.96429047342,340282346638528860000000000000000000000,1575420030,,,,0,,6,52.76594161987305,,,,,,C,
Raw,1697800399125,89108000000,,,-1381835528017294056,0.0,1005506021.1985099,,,0,4,0.0,51,17597503,70,18.43616485595703,-417.13518538267635,1.1227629216178308,20,-34562.76884822601,340282346638528860000000000000000000000,1575420030,,,,0,,1,52.929969787597656,,,,,,C,
Raw,1697800399125,89108000000,,,-1381835528017294056,0.0,1005506021.1985099,,,0,9,0.0,4,1145625536,1000000000,13.454307556152344,-602.4577929114143,299792458,20,-52111.12071147774,340282346638528860000000000000000000000,1575420030,,,,0,,1,52.929969787597656,,,,,,C,
Raw,1697800399125,89108000000,,,-1381835528017294056,0.0,1005506021.1985099,,,0,9,0.0,16,5624833,1000000000,9.57986068725586,-567.0475861298448,299792458,20,-155636.44778557715,340282346638528860000000000000000000000,1176450050,,,,0,,1,9.632434844970703,,,,,,Q,
Raw,1697800399125,89108000000,,,-1381835528017294056,0.0,1005506021.1985099,,,0,9,0.0,51,8331700,101,22.454538345336914,-1004.620350648881,0.9403945531959557,20,-86568.87015572026,340282346638528860000000000000000000000,1600875010,,,,0,,3,61.584014892578125,,,,,,C,
Raw,1697800399125,89108000000,,,-1381835528017294056,0.0,1005506021.1985099,,,0,7,0.0,227,51199149005354,111,21.25440788269043,-696.0030933506155,0.9944840108033368,20,-58451.93007719703,340282346638528860000000000000000000000,1604812540,,,,0,,3,61.584014892578125,,,,,,C,
Raw,1697800399125,89108000000,,,-1381835528017294056,0.0,1005506021.1985099,,,0,20,0.0,65583,472403139344934,17,27.380779266357422,-607.2367668001298,0.7208479494953135,20,733959.8519209962,340282346638528860000000000000000000000,1561097980,,,,0,,5,61.72974395751953,,,,,,C,
Raw,1697800399125,89108000000,,,-1381835528017294056,0.0,1005506021.1985099,,,0,24,0.0,1074,179358,34,27.210891723632812,-1384.8693203053544,0.7257596841378762,20,-115851.71257964453,340282346638528860000000000000000000000,1575420030,,,,0,,6,52.929969787597656,,,,,,C,
Raw,1697800400125,90108000000,,,-1381835528017297356,0.0,1005506124.1985099,,,0,4,0.0,51,17598879,72,17.958086013793945,-416.56542895698453,1.1442616292809555,20,-34979.63637270699,340282346638528860000000000000000000000,1575420030,,,,0,,1,52.929969787597656,,,,,,C,
Raw,1697800400125,90108000000,,,-1381835528017297356,0.0,1005506124.1985099,,,0,9,0.0,4,2145627607,1000000000,13.164484024047852,-601.8216097779596,299792458,20,-52712.83322629839,340282346638528860000000000000000000000,1575420030,,,,1,,1,52.929969787597656,,,,,,C,
Raw,1697800400125,90108000000,,,-1381835528017297356,0.0,1005506124.1985099,,,0,9,0.0,16,5626693,1000000000,7.0,-561.8374350836593,299792458,20,-156196.94864911243,340282346638528860000000000000000000000,1176450050,,,,0,,1,9.077828407287598,,,,,,Q,
Raw,1697800400125,90108000000,,,-1381835528017297356,0.0,1005506124.1985099,,,0,9,0.0,51,8335054,107,21.727224349975586,-1004.1669176473015,0.9731014630750408,20,-87574.00737954445,340282346638528860000000000000000000000,1600875010,,,,0,,3,63.976463317871094,,,,,,C,
Raw,1697800400125,90108000000,,,-1381835528017297356,0.0,1005506124.1985099,,,0,7,0.0,227,51200149007554,113,21.002769470214844,-695.2755692336796,1.0058004514456762,20,-59146.9824507751,340282346638528860000000000000000000000,1604812540,,,,0,,3,63.976463317871094,,,,,,C,
Raw,1697800400125,90108000000,,,-1381835528017297356,0.0,1005506124.1985099,,,0,20,0.0,65583,472404139346951,17,26.93667984008789,-606.9900948278373,0.007779499981552362,17,733352.8618261684,0.0038897499907761812,1561097980,,,,0,,5,61.96491241455078,,,,,,C,
Raw,1697800400125,90108000000,,,-1381835528017297356,0.0,1005506124.1985099,,,0,24,0.0,1074,183972,33,27.51961898803711,-1384.6034771444765,0.7118774069981311,20,-117235.88505547488,340282346638528860000000000000000000000,1575420030,,,,0,,6,52.929969787597656,,,,,,C,
Raw,1697800401125,91108000000,,,-1381835528017300656,0.0,1005506227.1985099,,,0,4,0.0,51,17600234,69,18.5087947845459,-417.3392370498784,1.1194972631176432,20,-35396.22442357688,340282346638528860000000000000000000000,1575420030,,,,0,,1,52.795997619628906,,,,,,C,
Raw,1697800401125,91108000000,,,-1381835528017300656,0.0,1005506227.1985099,,,0,9,0.0,4,3145629479,1000000000,13.765886306762695,-600.7691435205352,299792458,20,-53314.412021962096,340282346638528860000000000000000000000,1575420030,,,,1,,1,52.795997619628906,,,,,,C,
Raw,1697800401125,91108000000,,,-1381835528017300656,0.0,1005506227.1985099,,,0,9,0.0,16,5628575,1000000000,9.204364776611328,-561.0993454052013,299792458,20,-156758.76927739143,340282346638528860000000000000000000000,1176450050,,,,1,,1,9.172757148742676,,,,,,Q,
Raw,1697800401125,91108000000,,,-1381835528017300656,0.0,1005506227.1985099,,,0,9,0.0,51,8338407,101,22.410804748535156,-1005.224087283726,0.9423622825217648,20,-88578.65598670939,340282346638528860000000000000000000000,1600875010,,,,0,,3,61.51556396484375,,,,,,C,
Raw,1697800401125,91108000000,,,-1381835528017300656,0.0,1005506227.1985099,,,0,7,0.0,227,51201149009885,121,20.235078811645508,-694.3569788654768,1.0403229843748778,20,-59842.50602895168,340282346638528860000000000000000000000,1604812540,,,,0,,3,61.51556396484375,,,,,,C,
Raw,1697800401125,91108000000,,,-1381835528017300656,0.0,1005506227.1985099,,,0,20,0.0,65583,472405139348981,17,26.949981689453125,-606.6347397953505,0.00776759348809719,17,732746.227086373,0.0038837967440485954,1561097980,,,,0,,5,61.93585968017578,,,,,,C,
Raw,1697800401125,91108000000,,,-1381835528017300656,0.0,1005506227.1985099,,,0,24,0.0,1074,188591,33,27.690753936767578,-1383.8664781046273,0.7041824936305319,20,-118619.7102713845,340282346638528860000000000000000000000,1575420030,,,,0,,6,52.795997619628906,,,,,,C,
Raw,1697800402125,92108000000,,,-1381835528017303956,0.0,1005506330.1985099,,,0,4,0.0,51,17601625,66,19.050365447998047,-417.5360291538411,1.0951436171823499,20,-35812.601666992465,340282346638528860000000000000000000000,1575420030,,,,0,,1,52.81098556518555,,,,,,C,
Raw,1697800402125,92108000000,,,-1381835528017303956,0.0,1005506330.1985099,,,0,9,0.0,4,4145631439,1000000000,13.22199821472168,-599.938076900683,299792458,20,-53916.28606612229,340282346638528860000000000000000000000,1575420030,,,,1,,1,52.81098556518555,,,,,,C,
Raw,1697800402125,92108000000,,,-1381835528017303956,0.0,1005506330.1985099,,,0,9,0.0,16,5630492,1000000000,7.0,-560.0067981789061,299792458,20,-157318.5782391604,340282346638528860000000000000000000000,1176450050,,,,1,,1,20.0,,,,,,Q,
Raw,1697800402125,92108000000,,,-1381835528017303956,0.0,1005506330.1985099,,,0,9,0.0,51,8341716,97,22.965566635131836,-1004.9773302985009,0.9174158547987066,20,-89582.94229763704,340282346638528860000000000000000000000,1600875010,,,,0,,3,63.91412353515625,,,,,,C,
Raw,1697800402125,92108000000,,,-1381835528017303956,0.0,1005506330.1985099,,,0,7,0.0,227,51202149012320,110,21.34505844116211,-694.962419623148,0.9904089605280304,20,-60537.7464790168,340282346638528860000000000000000000000,1604812540,,,,0,,3,63.91412353515625,,,,,,C,
Raw,1697800402125,92108000000,,,-1381835528017303956,0.0,1005506330.1985099,,,0,20,0.0,65583,472406139351008,17,26.95624542236328,-606.4305759764975,0.007761993911117315,17,732139.7965103965,0.0038809969555586576,1561097980,,,,0,,5,61.87746810913086,,,,,,C,
Raw,1697800402125,92108000000,,,-1381835528017303956,0.0,1005506330.1985099,,,0,24,0.0,1074,193221,33,27.499691009521484,-1382.4895468611057,0.712775200144856,20,-120003.30692388746,340282346638528860000000000000000000000,1575420030,,,,0,,6,52.81098556518555,,,,,,C,
Raw,1697800403125,93108000000,,,-1381835528017307256,0.0,1005506433.1985099,,,0,4,0.0,51,17603001,70,18.377653121948242,-415.7538915847199,1.125394992576643,20,-36228.45925768119,340282346638528860000000000000000000000,1575420030,,,,0,,1,49.160926818847656,,,,,,C,
Raw,1697800403125,93108000000,,,-1381835528017307256,0.0,1005506433.1985099,,,0,9,0.0,4,5145633520,1000000000,13.322540283203125,-601.4396136052519,299792458,20,-54516.50033200307,340282346638528860000000000000000000000,1575420030,,,,1,,1,49.160926818847656,,,,,,C,
Raw,1697800403125,93108000000,,,-1381835528017307256,0.0,1005506433.1985099,,,0,9,0.0,16,5632381,1000000000,10.183679580688477,-561.8762550016388,299792458,20,-157884.2889970939,340282346638528860000000000000000000000,1176450050,,,,1,,1,20.24091911315918,,,,,,Q,
Raw,1697800403125,93108000000,,,-1381835528017307256,0.0,1005506433.1985099,,,0,9,0.0,51,8344999,105,21.95237922668457,-1004.5821782975754,0.9629783078147871,20,-90587.08661658397,340282346638528860000000000000000000000,1600875010,,,,0,,3,63.903690338134766,,,,,,C,
Raw,1697800403125,93108000000,,,-1381835528017307256,0.0,1005506433.1985099,,,0,1,0.0,16,337890505,1000000000,23.0756893157959,-1584.6246893679809,299792458,22,-1071.1938631293067,340282346638528860000000000000000000000,1602562560,,,,0,,3,63.903690338134766,,,,,,C,
Raw,1697800403125,93108000000,,,-1381835528017307256,0.0,1005506433.1985099,,,0,7,0.0,227,51203149014695,120,20.31635284423828,-695.5587944473841,1.03666910539336,20,-61232.908727639704,340282346638528860000000000000000000000,1604812540,,,,0,,3,63.903690338134766,,,,,,C,
Raw,1697800403125,93108000000,,,-1381835528017307256,0.0,1005506433.1985099,,,0,20,0.0,65583,472407139353022,17,27.060693740844727,-606.3841862508561,0.007669215090572833,17,731533.4123241457,0.003834607545286417,1561097980,,,,0,,5,62.02272033691406,,,,,,C,
Raw,1697800403125,93108000000,,,-1381835528017307256,0.0,1005506433.1985099,,,0,24,0.0,1074,197816,35,26.83211326599121,-1383.5829120663575,0.7427962526884286,20,-121386.8455961991,340282346638528860000000000000000000000,1575420030,,,,0,,6,49.160926818847656,,,,,,C,
Raw,1697800404125,94108000000,,,-1381835528017310556,0.0,1005506536.1985099,,,0,4,0.0,51,17604463,71,18.14846420288086,-414.552757651943,1.1357017404444942,20,-36644.337343551466,340282346638528860000000000000000000000,1575420030,,,,0,,1,52.855796813964844,,,,,,C,
Raw,1697800404125,94108000000,,,-1381835528017310556,0.0,1005506536.1985099,,,0,9,0.0,4,145635585,1000000000,12.916130065917969,-603.1195378872612,299792458,20,-55118.69986492527,340282346638528860000000000000000000000,1575420030,,,,1,,1,52.855796813964844,,,,,,C,
Raw,1697800404125,94108000000,,,-1381835528017310556,0.0,1005506536.1985099,,,0,9,0.0,16,5634258,1000000000,7.158601760864258,-564.4497872112197,299792458,20,-158449.65494960314,340282346638528860000000000000000000000,1176450050,,,,1,,1,20.0,,,,,,Q,
Raw,1697800404125,94108000000,,,-1381835528017310556,0.0,1005506536.1985099,,,0,9,0.0,51,8348305,107,21.680152893066406,-1003.546071619282,0.9752205664362656,20,-91591.08085287228,340282346638528860000000000000000000000,1600875010,,,,0,,3,61.556697845458984,,,,,,C,
Raw,1697800404125,94108000000,,,-1381835528017310556,0.0,1005506536.1985099,,,0,1,0.0,16,17895730,1000000000,25.395660400390625,-1584.6235987293721,299792458,20,-2653.431471706107,340282346638528860000000000000000000000,1602562560,,,,0,,3,61.556697845458984,,,,,,C,
Raw,1697800404125,94108000000,,,-1381835528017310556,0.0,1005506536.1985099,,,0,7,0.0,227,51204149016972,113,21.02664566040039,-695.407741000075,1.0047283851130593,20,-61928.249643868476,340282346638528860000000000000000000000,1604812540,,,,0,,3,61.556697845458984,,,,,,C,
Raw,1697800404125,94108000000,,,-1381835528017310556,0.0,1005506536.1985099,,,0,20,0.0,65583,472408139355054,17,26.955867767333984,-606.4051850247198,0.007762333378195763,17,730927.007139121,0.0038811666890978813,1561097980,,,,0,,5,62.037113189697266,,,,,,C,
Raw,1697800404125,94108000000,,,-1381835528017310556,0.0,1005506536.1985099,,,0,24,0.0,1074,202447,36,26.595441818237305,-1384.4017090018615,0.753439897650932,20,-122770.40639484275,340282346638528860000000000000000000000,1575420030,,,,0,,6,52.855796813964844,,,,,,C,
Raw,1697800405125,95108000000,,,-1381835528017313856,0.0,1005506639.1985099,,,0,4,0.0,51,17605805,79,16.845333099365234,-415.07933160522043,1.1943022641284013,20,-37057.69795566528,340282346638528860000000000000000000000,1575420030,,,,0,,1,52.855796813964844,,,,,,C,
Raw,1697800405125,95108000000,,,-1381835528017313856,0.0,1005506639.1985099,,,0,9,0.0,4,1145637846,1000000000,12.376930236816406,-601.9640744462249,299792458,20,-55721.84209281205,340282346638528860000000000000000000000,1575420030,,,,1,,1,52.855796813964844,,,,,,C,
Raw,1697800405125,95108000000,,,-1381835528017313856,0.0,1005506639.1985099,,,0,9,0.0,16,5636151,1000000000,7.0,-567.1398473396521,299792458,20,-159019.79540770996,340282346638528860000000000000000000000,1176450050,,,,1,,1,20.0,,,,,,Q,
Raw,1697800405125,95108000000,,,-1381835528017313856,0.0,1005506639.1985099,,,0,9,0.0,51,8351701,126,19.729528427124023,-1004.194660766911,1.0629386912966994,20,-92593.0588126204,340282346638528860000000000000000000000,1600875010,,,,0,,3,61.47423553466797,,,,,,C,
Raw,1697800405125,95108000000,,,-1381835528017313856,0.0,1005506639.1985099,,,0,1,0.0,16,17901076,1000000000,25.359363555908203,-1584.6235987293721,299792458,20,-4234.480426141566,340282346638528860000000000000000000000,1602562560,,,,0,,3,61.47423553466797,,,,,,C,
Raw,1697800405125,95108000000,,,-1381835528017313856,0.0,1005506639.1985099,,,0,7,0.0,227,51205149019263,116,20.694042205810547,-695.7176868596935,1.019685524411933,20,-62623.41759504382,340282346638528860000000000000000000000,1604812540,,,,0,,3,61.47423553466797,,,,,,C,
Raw,1697800405125,95108000000,,,-1381835528017313856,0.0,1005506639.1985099,,,0,20,0.0,65583,472409139357076,17,26.78469467163086,-606.3654828815806,0.7476553991656534,20,730320.5858974651,340282346638528860000000000000000000000,1561097980,,,,0,,5,62.13719940185547,,,,,,C,
Raw,1697800405125,95108000000,,,-1381835528017313856,0.0,1005506639.1985099,,,0,24,0.0,1074,207062,34,27.234317779541016,-1383.5983173367058,0.7247111826287145,20,-124153.92858690475,340282346638528860000000000000000000000,1575420030,,,,1,,6,52.855796813964844,,,,,,C,
Raw,1697800406216,96108000000,,,-1381835528108664881,0.0,1011000.0,,,0,4,0.0,51,17607250,82,16.458662033081055,-416.21117590388644,1.2116905742810369,20,-37473.89149624098,340282346638528860000000000000000000000,1575420030,,,,0,,1,53.003517150878906,,,,,,C,
Raw,1697800406216,96108000000,,,-1381835528108664881,0.0,1011000.0,,,0,9,0.0,4,2145639817,1000000000,11.5167236328125,-601.5884176104305,299792458,20,-56323.24832934248,340282346638528860000000000000000000000,1575420030,,,,1,,1,53.003517150878906,,,,,,C,
Raw,1697800406216,96108000000,,,-1381835528108664881,0.0,1011000.0,,,0,9,0.0,16,5638058,1000000000,7.0,-571.3934401610684,299792458,20,-159593.40210168454,340282346638528860000000000000000000000,1176450050,,,,1,,1,20.371929168701172,,,,,,Q,
Raw,1697800406216,96108000000,,,-1381835528108664881,0.0,1011000.0,,,0,9,0.0,51,8355262,121,20.231494903564453,-1003.7769461797675,1.040366452820404,20,-93596.869171903,340282346638528860000000000000000000000,1600875010,,,,0,,3,63.945350646972656,,,,,,C,
Raw,1697800406216,96108000000,,,-1381835528108664881,0.0,1011000.0,,,0,1,0.0,17,906371,77,25.754629135131836,-1584.3458948736243,0.7937153095989116,20,-5817.883518688806,340282346638528860000000000000000000000,1602562560,,,,0,,3,63.945350646972656,,,,,,C,
Raw,1697800406216,96108000000,,,-1381835528108664881,0.0,1011000.0,,,0,7,0.0,227,51206149021613,110,21.42792320251465,-695.5829929915153,0.9866842539415512,20,-63317.88055851311,340282346638528860000000000000000000000,1604812540,,,,0,,3,63.945350646972656,,,,,,C,
Raw,1697800406216,96108000000,,,-1381835528108664881,0.0,1011000.0,,,0,20,0.0,65583,472410139359094,17,26.75531005859375,-606.3106391900219,0.007943651638925076,17,729714.2752582751,0.003971825819462538,1561097980,,,,0,,5,62.02272033691406,,,,,,C,
Raw,1697800406216,96108000000,,,-1381835528108664881,0.0,1011000.0,,,0,24,0.0,1074,211656,33,27.551759719848633,-1382.6970408564166,0.7104370903735528,20,-125537.34132678331,340282346638528860000000000000000000000,1575420030,,,,0,,6,53.003517150878906,,,,,,C,
Raw,1697800407216,97108000000,,,-1381835528108668135,0.0,1011000.0,,,0,4,0.0,51,17608618,85,16.029712677001953,-417.19646563950437,1.230980312730777,20,-37892.00259130182,340282346638528860000000000000000000000,1575420030,,,,0,,1,49.160926818847656,,,,,,C,
Raw,1697800407216,97108000000,,,-1381835528108668135,0.0,1011000.0,,,0,9,0.0,12,472425145641770,1000000000,10.706974029541016,-603.0311961599541,299792458,20,-56925.24217346067,340282346638528860000000000000000000000,1575420030,,,,0,,1,49.160926818847656,,,,,,C,
Raw,1697800407216,97108000000,,,-1381835528108668135,0.0,1011000.0,,,0,9,0.0,16,5639974,1000000000,8.279151916503906,-573.7048101150758,299792458,20,-160169.35720503028,340282346638528860000000000000000000000,1176450050,,,,1,,1,9.077828407287598,,,,,,Q,
Raw,1697800407216,97108000000,,,-1381835528108668135,0.0,1011000.0,,,0,9,0.0,51,8358642,116,20.686145782470703,-1004.1445595558225,1.0199218383194641,20,-94601.64392968366,340282346638528860000000000000000000000,1600875010,,,,0,,3,61.51556396484375,,,,,,C,
Raw,1697800407216,97108000000,,,-1381835528108668135,0.0,1011000.0,,,0,1,0.0,17,911581,76,25.946847915649414,-1583.3395080974187,0.7850724113419738,20,-7402.894655977215,340282346638528860000000000000000000000,1602562560,,,,0,,3,61.51556396484375,,,,,,C,
Raw,1697800407216,97108000000,,,-1381835528108668135,0.0,1011000.0,,,0,7,0.0,227,51207149023955,116,20.72504425048828,-695.5214400750351,1.018292470568861,20,-64012.0561155503,340282346638528860000000000000000000000,1604812540,,,,0,,3,61.51556396484375,,,,,,C,
Raw,1697800407216,97108000000,,,-1381835528108668135,0.0,1011000.0,,,0,20,0.0,65583,472411139361124,18,26.284025192260742,-606.1862926972099,0.008386570028960705,17,729108.0889655779,0.004193285014480352,1561097980,,,,0,,5,61.87746810913086,,,,,,C,
Raw,1697800407216,97108000000,,,-1381835528108668135,0.0,1011000.0,,,0,24,0.0,1074,216270,32,27.8819522857666,-1383.2791692138262,0.6955895208470162,20,-126920.64397465125,340282346638528860000000000000000000000,1575420030,,,,0,,6,49.160926818847656,,,,,,C,
Raw,1697800408216,98108000000,,,-1381835528108671418,0.0,1011000.0,,,0,4,0.0,51,17609980,81,16.498544692993164,-417.72027891380344,1.2098975175449072,20,-38311.03063456472,340282346638528860000000000000000000000,1575420030,,,,0,,1,48.976600646972656,,,,,,C,
Raw,1697800408216,98108000000,,,-1381835528108671418,0.0,1011000.0,,,0,7,0.0,17,892347,72,20.39398956298828,-1112.7991582908899,5.807181957709702,22,-3426.412667202615,340282346638528860000000000000000000000,1575420030,,,,0,,1,48.976600646972656,,,,,,C,
Raw,1697800408216,98108000000,,,-1381835528108671418,0.0,1011000.0,,,0,9,0.0,12,472426145643895,1000000000,10.358102798461914,-601.1205336472854,299792458,20,-57528.32628494865,340282346638528860000000000000000000000,1575420030,,,,0,,1,48.976600646972656,,,,,,C,
Raw,1697800408216,98108000000,,,-1381835528108671418,0.0,1011000.0,,,0,9,0.0,16,5641910,1000000000,7.0,-576.3753750783771,299792458,20,-160745.8074039873,340282346638528860000000000000000000000,1176450050,,,,1,,1,10.88136100769043,,,,,,Q,
Raw,1697800408216,98108000000,,,-1381835528108671418,0.0,1011000.0,,,0,9,0.0,51,8361907,114,20.953105926513672,-1003.5667937528478,1.007917624355262,20,-95606.26893942212,340282346638528860000000000000000000000,1600875010,,,,0,,3,61.556697845458984,,,,,,C,
Raw,1697800408216,98108000000,,,-1381835528108671418,0.0,1011000.0,,,0,1,0.0,65,137916914,78,25.66387176513672,-1583.1682778358481,0.7977984810845613,20,-8986.224499090675,340282346638528860000000000000000000000,1602562560,,,,0,,3,61.556697845458984,,,,,,C,
Raw,1697800408216,98108000000,,,-1381835528108671418,0.0,1011000.0,,,0,7,0.0,227,51208149026202,121,20.15594482421875,-694.7834867264032,1.0438845345142136,20,-64707.620175608485,340282346638528860000000000000000000000,1604812540,,,,0,,3,61.556697845458984,,,,,,C,
Raw,1697800408216,98108000000,,,-1381835528108671418,0.0,1011000.0,,,0,20,0.0,65583,472412139363148,18,26.253982543945312,-606.1381210408872,0.008415628224611282,17,728501.950844537,0.004207814112305641,1561097980,,,,0,,5,61.833412170410156,,,,,,C,
Raw,1697800408216,98108000000,,,-1381835528108671418,0.0,1011000.0,,,0,24,0.0,1074,220894,33,27.613218307495117,-1383.2855767156525,0.7076749469146515,20,-128303.84233156437,340282346638528860000000000000000000000,1575420030,,,,0,,6,48.976600646972656,,,,,,C,
Raw,1697800409216,99108000000,,,-1381835528108674724,0.0,1011000.0,,,0,4,0.0,51,17611371,86,15.807866096496582,-415.48007312901564,1.2409568868010634,20,-38728.298523247875,340282346638528860000000000000000000000,1575420030,,,,0,,1,52.81098556518555,,,,,,C,
Raw,1697800409216,99108000000,,,-1381835528108674724,0.0,1011000.0,,,0,7,0.0,17,895945,139,21.10955810546875,-1112.7656893185845,299.7936842115316,20,-5653.6098232043805,340282346638528860000000000000000000000,1575420030,,,,0,,1,52.81098556518555,,,,,,C,
Raw,1697800409216,99108000000,,,-1381835528108674724,0.0,1011000.0,,,0,9,0.0,12,472427145645624,1000000000,10.15060043334961,-596.7686129388007,299792458,20,-58127.22223843361,340282346638528860000000000000000000000,1575420030,,,,1,,1,52.81098556518555,,,,,,C,
Raw,1697800409216,99108000000,,,-1381835528108674724,0.0,1011000.0,,,0,30,0.0,17,613802,94,17.038829803466797,-1482.618350932079,5.8029946084028445,22,-4393.2800031527295,340282346638528860000000000000000000000,1575420030,,,,1,,1,52.81098556518555,,,,,,C,
Raw,1697800409216,99108000000,,,-1381835528108674724,0.0,1011000.0,,,0,9,0.0,16,5643842,1000000000,11.316507339477539,-575.1420673066427,299792458,20,-161321.7605031482,340282346638528860000000000000000000000,1176450050,,,,1,,1,9.451472282409668,,,,,,Q,
Raw,1697800409216,99108000000,,,-1381835528108674724,0.0,1011000.0,,,0,9,0.0,51,8365200,107,21.700475692749023,-1002.7836470668667,0.974309792666451,20,-96609.20174620548,340282346638528860000000000000000000000,1600875010,,,,0,,3,63.945350646972656,,,,,,C,
Raw,1697800409216,99108000000,,,-1381835528108674724,0.0,1011000.0,,,0,1,0.0,99,1137922253,76,26.02635383605957,-1583.3238301674182,0.7814990122236125,20,-10569.554984245922,340282346638528860000000000000000000000,1602562560,,,,0,,3,63.945350646972656,,,,,,C,
Raw,1697800409216,99108000000,,,-1381835528108674724,0.0,1011000.0,,,0,7,0.0,227,51209149028447,131,19.254112243652344,-695.3530727398124,1.0844392628441653,20,-65402.935135281004,340282346638528860000000000000000000000,1604812540,,,,0,,3,63.945350646972656,,,,,,C,
Raw,1697800409216,99108000000,,,-1381835528108674724,0.0,1011000.0,,,0,20,0.0,65583,472413139365172,19,25.69486427307129,-605.9853953264383,0.7966652394051779,20,727895.8670720714,340282346638528860000000000000000000000,1561097980,,,,0,,5,61.93585968017578,,,,,,C,
Raw,1697800409216,99108000000,,,-1381835528108674724,0.0,1011000.0,,,0,24,0.0,1074,225512,34,27.333438873291016,-1383.3677836007855,0.7202572312937834,20,-129686.98987328818,340282346638528860000000000000000000000,1575420030,,,,0,,6,52.81098556518555,,,,,,C,
Raw,1697800410216,100108000000,,,-1381835528108678018,0.0,1011000.0,,,0,4,0.0,51,17612634,89,15.39168930053711,-414.46349569830977,1.25967214946996,20,-39142.25650194964,340282346638528860000000000000000000000,1575420030,,,,0,,1,52.795997619628906,,,,,,C,
Raw,1697800410216,100108000000,,,-1381835528108678018,0.0,1011000.0,,,0,7,0.0,17,899656,124,20.05681610107422,-1112.4166849637909,1.0479597179241158,20,-6766.016851427099,340282346638528860000000000000000000000,1575420030,,,,0,,1,52.795997619628906,,,,,,C,
Raw,1697800410216,100108000000,,,-1381835528108678018,0.0,1011000.0,,,0,9,0.0,12,472428145647452,1000000000,9.30019760131836,-592.56740485306,299792458,20,-58721.54084686623,340282346638528860000000000000000000000,1575420030,,,,1,,1,52.795997619628906,,,,,,C,
Raw,1697800410216,100108000000,,,-1381835528108678018,0.0,1011000.0,,,0,30,0.0,16,3618607,1000000000,15.514602661132812,-1480.2684337197443,299792458,20,-7358.32725009028,340282346638528860000000000000000000000,1575420030,,,,0,,1,52.795997619628906,,,,,,C,
Raw,1697800410216,100108000000,,,-1381835528108678018,0.0,1011000.0,,,0,9,0.0,16,5645776,1000000000,7.0,-576.7833420829552,299792458,20,-161900.74935106665,340282346638528860000000000000000000000,1176450050,,,,1,,1,8.485379219055176,,,,,,Q,
Raw,1697800410216,100108000000,,,-1381835528108678018,0.0,1011000.0,,,0,30,0.0,16,3619016,1000000000,7.0,-19844.245830543732,299792458,22,-63516.45776227453,340282346638528860000000000000000000000,1176450050,,,,0,,1,8.485379219055176,,,,,,Q,
Raw,1697800410216,100108000000,,,-1381835528108678018,0.0,1011000.0,,,0,9,0.0,51,8368522,95,23.218048095703125,-1002.6308213318184,0.906066862747696,20,-97611.19962687901,340282346638528860000000000000000000000,1600875010,,,,0,,3,63.976463317871094,,,,,,C,
Raw,1697800410216,100108000000,,,-1381835528108678018,0.0,1011000.0,,,0,1,0.0,99,137927504,75,26.042802810668945,-1583.2887105745212,0.008399640209972858,17,-12152.843694820443,0.004199820104986429,1602562560,,,,0,,3,63.976463317871094,,,,,,C,
Raw,1697800410216,100108000000,,,-1381835528108678018,0.0,1011000.0,,,0,7,0.0,227,51210149030899,143,18.140453338623047,-694.2657742118217,1.1345197715030508,20,-66099.11837133796,340282346638528860000000000000000000000,1604812540,,,,0,,3,63.976463317871094,,,,,,C,
Raw,1697800410216,100108000000,,,-1381835528108678018,0.0,1011000.0,,,0,20,0.0,65583,472414139367209,19,25.721166610717773,-606.0043149896665,0.008948028087615967,17,727289.8627570817,0.10049375719894622,1561097980,,,,0,,5,61.848121643066406,,,,,,C,
Raw,1697800410216,100108000000,,,-1381835528108678018,0.0,1011000.0,,,0,24,0.0,1074,230131,34,27.08675193786621,-1383.1013951206032,0.731351204026554,20,-131070.05871975441,340282346638528860000000000000000000000,1575420030,,,,0,,6,52.795997619628906,,,,,,C,
Raw,1697800411216,101108000000,,,-1381835528108681306,0.0,1011000.0,,,0,4,0.0,51,17614065,84,16.035194396972656,-414.04254327779654,1.2307348125361361,20,-39555.34473663586,340282346638528860000000000000000000000,1575420030,,,,0,,1,52.88554382324219,,,,,,C,
Raw,1697800411216,101108000000,,,-1381835528108681306,0.0,1011000.0,,,0,7,0.0,17,903348,56,21.001806259155273,-1112.1799482207834,1.0054652851007693,20,-7878.270625706895,340282346638528860000000000000000000000,1575420030,,,,0,,1,52.88554382324219,,,,,,C,
Raw,1697800411216,101108000000,,,-1381835528108681306,0.0,1011000.0,,,0,9,0.0,12,472429145649218,1000000000,8.458221435546875,-592.2912006253991,299792458,20,-59313.81049307931,340282346638528860000000000000000000000,1575420030,,,,1,,1,52.88554382324219,,,,,,C,
Raw,1697800411216,101108000000,,,-1381835528108681306,0.0,1011000.0,,,0,30,0.0,17,623523,92,14.942444801330566,-1478.8384701738732,1.2773578823095955,20,-8839.176266278526,340282346638528860000000000000000000000,1575420030,,,,0,,1,52.88554382324219,,,,,,C,
Raw,1697800411216,101108000000,,,-1381835528108681306,0.0,1011000.0,,,0,9,0.0,16,5647746,1000000000,7.11900520324707,-581.1048612402215,299792458,20,-162487.05731071372,340282346638528860000000000000000000000,1176450050,,,,1,,1,9.632434844970703,,,,,,Q,
Raw,1697800411216,101108000000,,,-1381835528108681306,0.0,1011000.0,,,0,30,0.0,16,3623737,1000000000,7.0,-1449.8745169716585,299792458,20,-64944.02960294158,340282346638528860000000000000000000000,1176450050,,,,0,,1,9.632434844970703,,,,,,Q,
Raw,1697800411216,101108000000,,,-1381835528108681306,0.0,1011000.0,,,0,9,0.0,51,8371858,87,24.214344024658203,-1002.3723399815494,0.8612652073792701,20,-98613.84742630694,340282346638528860000000000000000000000,1600875010,,,,0,,3,61.584014892578125,,,,,,C,
Raw,1697800411216,101108000000,,,-1381835528108681306,0.0,1011000.0,,,0,1,0.0,99,1137932766,79,25.493621826171875,-1582.831815825055,0.8054573149767008,20,-13736.067802321524,340282346638528860000000000000000000000,1602562560,,,,0,,3,61.584014892578125,,,,,,C,
Raw,1697800411216,101108000000,,,-1381835528108681306,0.0,1011000.0,,,0,7,0.0,227,51211149033156,151,17.4864501953125,-693.947853057377,1.1639300025211288,20,-66793.1328236791,340282346638528860000000000000000000000,1604812540,,,,0,,3,61.584014892578125,,,,,,C,
Raw,1697800411216,101108000000,,,-1381835528108681306,0.0,1011000.0,,,0,20,0.0,65583,472415139369234,20,25.149965286254883,-605.9284779421288,0.009556246921420097,17,726683.9342791396,0.10079786661584829,1561097980,,,,0,,5,61.99386215209961,,,,,,C,
Raw,1697800411216,101108000000,,,-1381835528108681306,0.0,1011000.0,,,0,24,0.0,1074,234728,35,26.83002471923828,-1382.969700508599,0.7428968358755497,20,-132453.0186708039,340282346638528860000000000000000000000,1575420030,,,,0,,6,52.88554382324219,,,,,,C,
Raw,1697800412216,102108000000,,,-1381835528108684559,0.0,101.02070008724871,,,0,4,0.0,51,17615517,87,15.733657836914062,-416.81017507727483,1.2442947042521704,20,-39970.82140015389,340282346638528860000000000000000000000,1575420030,,,,1,,1,52.795997619628906,,,,,,C,
Raw,1697800412216,102108000000,,,-1381835528108684559,0.0,101.02070008724871,,,0,5,0.0,17,601152,84,19.15656280517578,-1648.7770066422581,5.769175758379703,22,-1104.7718874343395,340282346638528860000000000000000000000,1575420030,,,,0,,1,52.795997619628906,,,,,,C,
Raw,1697800412216,102108000000,,,-1381835528108684559,0.0,101.02070008724871,,,0,7,0.0,17,907057,58,20.60968780517578,-1111.5835733965473,1.0230990954480457,20,-8990.567759340594,340282346638528860000000000000000000000,1575420030,,,,0,,1,52.795997619628906,,,,,,C,
Raw,1697800412216,102108000000,,,-1381835528108684559,0.0,101.02070008724871,,,0,9,0.0,4,2145651185,1000000000,7.597988128662109,-592.507624224319,299792458,20,-59911.68852947945,340282346638528860000000000000000000000,1575420030,,,,1,,1,52.795997619628906,,,,,,C,
Raw,1697800412216,102108000000,,,-1381835528108684559,0.0,101.02070008724871,,,0,30,0.0,17,628469,88,15.451719284057617,-1480.1764110871327,1.2544572673527785,20,-10320.129021753193,340282346638528860000000000000000000000,1575420030,,,,0,,1,52.795997619628906,,,,,,C,
Raw,1697800412216,102108000000,,,-1381835528108684559,0.0,101.02070008724871,,,0,9,0.0,16,5649753,1000000000,7.0,-592.2050401753095,299792458,20,-163086.93260264958,340282346638528860000000000000000000000,1176450050,,,,1,,1,9.172757148742676,,,,,,Q,
Raw,1697800412216,102108000000,,,-1381835528108684559,0.0,101.02070008724871,,,0,30,0.0,16,3628679,1000000000,7.0,-1481.727844508051,299792458,20,-66425.84854439349,340282346638528860000000000000000000000,1176450050,,,,1,,1,9.172757148742676,,,,,,Q,
Raw,1697800412216,102108000000,,,-1381835528108684559,0.0,101.02070008724871,,,0,9,0.0,227,51212148375152,82,24.9521541595459,-1002.5335500009023,0.82808733386757,20,-99616.45274874214,340282346638528860000000000000000000000,1600875010,,,,0,,3,61.556697845458984,,,,,,C,
Raw,1697800412216,102108000000,,,-1381835528108684559,0.0,101.02070008724871,,,0,1,0.0,227,51212137938056,79,25.43164825439453,-1583.2185835416758,0.8082451534125901,20,-15319.428790108263,340282346638528860000000000000000000000,1602562560,,,,0,,3,61.556697845458984,,,,,,C,
Raw,1697800412216,102108000000,,,-1381835528108684559,0.0,101.02070008724871,,,0,7,0.0,227,51212149035368,175,15.666036605834961,-695.7103932139976,1.2457923353202371,20,-67486.93133584548,340282346638528860000000000000000000000,1604812540,,,,0,,3,61.556697845458984,,,,,,C,
Raw,1697800412216,102108000000,,,-1381835528108684559,0.0,101.02070008724871,,,0,20,0.0,65583,472416139371249,21,24.53541374206543,-605.9302499117844,0.848805473395565,20,726077.9384156237,340282346638528860000000000000000000000,1561097980,,,,0,,5,61.87746810913086,,,,,,C,
Raw,1697800412216,102108000000,,,-1381835528108684559,0.0,101.02070008724871,,,0,24,0.0,1074,239365,35,26.693613052368164,-1382.4990899489321,0.7490318777515492,20,-133836.04804706352,340282346638528860000000000000000000000,1575420030,,,,0,,6,52.795997619628906,,,,,,C,
Raw,1697800413216,103108000000,,,-1381835528108687822,0.0,87.38213988106446,,,0,4,0.0,16427,472431137616895,95,14.525603294372559,-417.239988936484,1.2986198766614017,20,-40387.64672214876,340282346638528860000000000000000000000,1575420030,,,,0,,1,52.840885162353516,,,,,,C,
Raw,1697800413216,103108000000,,,-1381835528108687822,0.0,87.38213988106446,,,0,5,0.0,16392,472431135606525,1000000000,19.025787353515625,-1648.0548675534528,299792458,20,-4402.493540390213,340282346638528860000000000000000000000,1575420030,,,,0,,1,52.840885162353516,,,,,,C,
Raw,1697800413216,103108000000,,,-1381835528108687822,0.0,87.38213988106446,,,0,7,0.0,16393,472431146910759,55,21.251991271972656,-1111.621813912766,0.9940361460230918,20,-10102.854031909887,340282346638528860000000000000000000000,1575420030,,,,0,,1,52.840885162353516,,,,,,C,
Raw,1697800413216,103108000000,,,-1381835528108687822,0.0,87.38213988106446,,,0,9,0.0,16396,472431145653594,1000000000,7.0,-600.0189204875551,299792458,20,-60515.67278419844,340282346638528860000000000000000000000,1575420030,,,,1,,1,52.840885162353516,,,,,,C,
Raw,1697800413216,103108000000,,,-1381835528108687822,0.0,87.38213988106446,,,0,30,0.0,16393,472431143633443,89,15.364103317260742,-1482.5385979838156,1.2583981845228243,20,-11799.70766934359,340282346638528860000000000000000000000,1575420030,,,,0,,1,52.840885162353516,,,,,,C,
Raw,1697800413216,103108000000,,,-1381835528108687822,0.0,87.38213988106446,,,0,9,0.0,16392,472431145651782,1000000000,7.0,-602.4312085953266,299792458,20,-163698.33713307924,340282346638528860000000000000000000000,1176450050,,,,1,,1,10.1537446975708,,,,,,Q,
Raw,1697800413216,103108000000,,,-1381835528108687822,0.0,87.38213988106446,,,0,30,0.0,16392,472431143633405,1000000000,10.575170516967773,-1481.7230729641378,299792458,20,-67898.72050863472,340282346638528860000000000000000000000,1176450050,,,,0,,1,10.1537446975708,,,,,,Q,
Raw,1697800413216,103108000000,,,-1381835528108687822,0.0,87.38213988106446,,,0,9,0.0,227,51213148378516,83,24.855960845947266,-1002.7164364626037,0.8324136091251364,20,-100619.02462352892,340282346638528860000000000000000000000,1600875010,,,,0,,3,64.00746154785156,,,,,,C,
Raw,1697800413216,103108000000,,,-1381835528108687822,0.0,87.38213988106446,,,0,1,0.0,227,51213137943327,80,25.294824600219727,-1583.6004433845574,0.8143989006992984,20,-16902.9342066669,340282346638528860000000000000000000000,1602562560,,,,0,,3,64.00746154785156,,,,,,C,
Raw,1697800413216,103108000000,,,-1381835528108687822,0.0,87.38213988106446,,,0,7,0.0,227,51213149037723,211,13.306869506835938,-697.5241933852285,1.3518818361886362,20,-68182.11070641884,340282346638528860000000000000000000000,1604812540,,,,1,,3,64.00746154785156,,,,,,C,
Raw,1697800413216,103108000000,,,-1381835528108687822,0.0,87.38213988106446,,,0,8,0.0,16392,51213149862116,1000000000,7.0,-1229.5655180082122,299792458,22,-7300.555852319909,340282346638528860000000000000000000000,1605374980,,,,0,,3,64.00746154785156,,,,,,C,
Raw,1697800413216,103108000000,,,-1381835528108687822,0.0,87.38213988106446,,,0,20,0.0,65583,472417139373276,20,25.043903350830078,-606.1062799616484,0.009673653170466423,17,725471.8321356621,0.0048368265852332115,1561097980,,,,0,,5,61.96491241455078,,,,,,C,
Raw,1697800413216,103108000000,,,-1381835528108687822,0.0,87.38213988106446,,,0,24,0.0,85034,472431128243987,35,26.815431594848633,-1382.8055593979852,0.743554720480657,20,-135219.12868280875,340282346638528860000000000000000000000,1575420030,,,,0,,6,52.840885162353516,,,,,,C,
Raw,1697800413216,103108000000,,,-1381835528108687822,0.0,87.38213988106446,,,0,24,0.0,16392,472431128244402,1000000000,7.0,-18513.18248435094,299792458,22,-348487.6497328888,340282346638528860000000000000000000000,1176450050,,,,1,,6,10.1537446975708,,,,,,Q,
Raw,1697800413999,103891000000,,,-1381835528108690375,0.0,79.64945983574177,,,0,4,0.0,16427,472431920617857,82,16.369583129882812,-418.6221347958535,1.2162379195349162,20,-40713.85362766644,340282346638528860000000000000000000000,1575420030,,,,0,,1,52.95946502685547,,,,,,C,
Raw,1697800413999,103891000000,,,-1381835528108690375,0.0,79.64945983574177,,,0,5,0.0,16393,472431918610743,152,18.912485122680664,-1649.2499348089686,1.1015254240316503,20,-5693.744889672024,340282346638528860000000000000000000000,1575420030,,,,0,,1,52.95946502685547,,,,,,C,
Raw,1697800413999,103891000000,,,-1381835528108690375,0.0,79.64945983574177,,,0,7,0.0,16393,472431929913655,61,20.116535186767578,-1111.9532998849068,1.0458163174991588,20,-10973.85367129706,340282346638528860000000000000000000000,1575420030,,,,0,,1,52.95946502685547,,,,,,C,
Raw,1697800413999,103891000000,,,-1381835528108690375,0.0,79.64945983574177,,,0,9,0.0,12,472431928655172,1000000000,7.0,-599.84244152768,299792458,20,-60985.60003640921,340282346638528860000000000000000000000,1575420030,,,,1,,1,52.95946502685547,,,,,,C,
Raw,1697800413999,103891000000,,,-1381835528108690375,0.0,79.64945983574177,,,0,30,0.0,16393,472431926637349,92,15.025328636169434,-1482.101251901715,1.274172903374458,20,-12961.098572807878,340282346638528860000000000000000000000,1575420030,,,,0,,1,52.95946502685547,,,,,,C,
Raw,1697800413999,103891000000,,,-1381835528108690375,0.0,79.64945983574177,,,0,9,0.0,16392,472431928653398,1000000000,7.0,-612.7155898510846,299792458,20,-164185.13124241258,340282346638528860000000000000000000000,1176450050,,,,0,,1,9.451472282409668,,,,,,Q,
Raw,1697800413999,103891000000,,,-1381835528108690375,0.0,79.64945983574177,,,0,30,0.0,16392,472431926637302,1000000000,16.065776824951172,-1481.3784311637792,299792458,20,-69056.94952189276,340282346638528860000000000000000000000,1176450050,,,,0,,1,9.451472282409668,,,,,,Q,
Raw,1697800413999,103891000000,,,-1381835528108690375,0.0,79.64945983574177,,,0,9,0.0,227,51213931381144,80,25.24516487121582,-1002.7831699124754,0.8154516625155255,20,-101404.03113403016,340282346638528860000000000000000000000,1600875010,,,,0,,3,63.903690338134766,,,,,,C,
Raw,1697800413999,103891000000,,,-1381835528108690375,0.0,79.64945983574177,,,0,1,0.0,227,51213920947466,88,24.203201293945312,-1583.4677944637706,0.8640282162130442,20,-18142.92706448171,340282346638528860000000000000000000000,1602562560,,,,0,,3,63.903690338134766,,,,,,C,
Raw,1697800413999,103891000000,,,-1381835528108690375,0.0,79.64945983574177,,,0,7,0.0,227,51213932039421,220,12.804771423339844,-697.7568402334532,1.375000392478765,20,-68728.93583812116,340282346638528860000000000000000000000,1604812540,,,,0,,3,63.903690338134766,,,,,,C,
Raw,1697800413999,103891000000,,,-1381835528108690375,0.0,79.64945983574177,,,0,8,0.0,16392,51213932865327,1000000000,7.0,-1229.5655180082122,299792458,20,-8263.30570146219,340282346638528860000000000000000000000,1605374980,,,,0,,3,63.903690338134766,,,,,,C,
Raw,1697800413999,103891000000,,,-1381835528108690375,0.0,79.64945983574177,,,0,20,0.0,65583,472417922374860,20,25.34828758239746,-606.4194694927128,0.8127917664261926,20,724997.1616325633,340282346638528860000000000000000000000,1561097980,,,,0,,5,62.10871887207031,,,,,,C,
Raw,1697800413999,103891000000,,,-1381835528108690375,0.0,79.64945983574177,,,0,24,0.0,85034,472431911247558,34,27.103452682495117,-1382.6340564767625,0.7311430480860328,20,-136296.31484947936,340282346638528860000000000000000000000,1575420030,,,,1,,6,52.95946502685547,,,,,,C,
Raw,1697800413999,103891000000,,,-1381835528108690375,0.0,79.64945983574177,,,0,24,0.0,16392,472431911247527,1000000000,10.676036834716797,-1350.429543308359,299792458,20,-349433.67916074535,340282346638528860000000000000000000000,1176450050,,,,1,,6,9.451472282409668,,,,,,Q,
Raw,1697800414999,104891000000,,,-1381835528108693643,0.0,74.17136967192434,,,0,4,0.0,16427,472432920619344,88,15.46912956237793,-417.1490228600246,1.2567305405759308,20,-41130.21413319108,340282346638528860000000000000000000000,1575420030,,,,1,,1,52.750877380371094,,,,,,C,
Raw,1697800414999,104891000000,,,-1381835528108693643,0.0,74.17136967192434,,,0,5,0.0,16393,472432918616257,72,17.967355728149414,-1649.650880827503,1.1440278449307444,20,-7342.613146266591,340282346638528860000000000000000000000,1575420030,,,,0,,1,52.750877380371094,,,,,,C,
Raw,1697800414999,104891000000,,,-1381835528108693643,0.0,74.17136967192434,,,0,7,0.0,16393,472432929917405,64,19.395668029785156,-1112.9437360714596,1.0782335264978,20,-12086.417881699963,340282346638528860000000000000000000000,1575420030,,,,0,,1,52.750877380371094,,,,,,C,
Raw,1697800414999,104891000000,,,-1381835528108693643,0.0,74.17136967192434,,,0,9,0.0,12,472432928657167,1000000000,7.434385299682617,-600.0189204875551,299792458,20,-61585.85156605846,340282346638528860000000000000000000000,1575420030,,,,1,,1,52.750877380371094,,,,,,C,
Raw,1697800414999,104891000000,,,-1381835528108693643,0.0,74.17136967192434,,,0,30,0.0,16393,472432926642312,91,15.138862609863281,-1481.2738661871672,1.2690682567025924,20,-14442.519311099073,340282346638528860000000000000000000000,1575420030,,,,0,,1,52.750877380371094,,,,,,C,
Raw,1697800414999,104891000000,,,-1381835528108693643,0.0,74.17136967192434,,,0,9,0.0,16392,472432928655519,1000000000,8.082027435302734,-620.7371686533802,299792458,20,-164813.0611380266,340282346638528860000000000000000000000,1176450050,,,,1,,1,9.172757148742676,,,,,,Q,
Raw,1697800414999,104891000000,,,-1381835528108693643,0.0,74.17136967192434,,,0,30,0.0,16392,472432926642266,1000000000,20.27080535888672,-1483.015888704961,299792458,20,-70538.77472670791,340282346638528860000000000000000000000,1176450050,,,,0,,1,9.172757148742676,,,,,,Q,
Raw,1697800414999,104891000000,,,-1381835528108693643,0.0,74.17136967192434,,,0,9,0.0,227,51214931384518,85,24.546619415283203,-1002.6730154129937,0.8468650366618933,20,-102406.65175625715,340282346638528860000000000000000000000,1600875010,,,,0,,3,61.556697845458984,,,,,,C,
Raw,1697800414999,104891000000,,,-1381835528108693643,0.0,74.17136967192434,,,0,1,0.0,227,51214920952745,84,24.68719482421875,-1583.9743960975256,0.8422645041369949,20,-19726.76476085804,340282346638528860000000000000000000000,1602562560,,,,0,,3,61.556697845458984,,,,,,C,
Raw,1697800414999,104891000000,,,-1381835528108693643,0.0,74.17136967192434,,,0,7,0.0,226,51214932041921,1000000000,11.944581985473633,-698.1892784418146,299792458,20,-69424.21864162423,340282346638528860000000000000000000000,1604812540,,,,1,,3,61.556697845458984,,,,,,C,
Raw,1697800414999,104891000000,,,-1381835528108693643,0.0,74.17136967192434,,,0,8,0.0,16392,51214932869397,1000000000,7.0,-1229.5554296010814,299792458,20,-9492.58317491048,340282346638528860000000000000000000000,1605374980,,,,1,,3,61.556697845458984,,,,,,C,
Raw,1697800414999,104891000000,,,-1381835528108693643,0.0,74.17136967192434,,,0,20,0.0,65583,472418922376870,20,25.01472282409668,-606.3403981935799,0.8277922410359966,20,724390.8219414775,340282346638528860000000000000000000000,1561097980,,,,0,,5,61.906715393066406,,,,,,C,
Raw,1697800414999,104891000000,,,-1381835528108693643,0.0,74.17136967192434,,,0,36,0.0,16392,472418915611555,1000000000,22.975563049316406,-1631.1480605005736,299792458,22,-6832.799970529426,340282346638528860000000000000000000000,1561097980,,,,0,,5,61.906715393066406,,,,,,C,
Raw,1697800414999,104891000000,,,-1381835528108693643,0.0,74.17136967192434,,,0,24,0.0,85034,472432911252200,34,27.273805618286133,-1383.2097773323458,0.7234832822517228,20,-137679.64720939522,340282346638528860000000000000000000000,1575420030,,,,0,,6,52.750877380371094,,,,,,C,
Raw,1697800414999,104891000000,,,-1381835528108693643,0.0,74.17136967192434,,,0,24,0.0,16392,472432911252155,1000000000,11.659059524536133,-1383.9339613685424,299792458,20,-350819.677755739,340282346638528860000000000000000000000,1176450050,,,,1,,6,9.172757148742676,,,,,,Q,
Raw,1697800415999,105891000000,,,-1381835528108696903,0.0,63.25982038920785,,,0,4,0.0,16427,472433920620750,84,16.067773818969727,-418.1503654326648,1.2298104590375507,20,-41548.52318812052,340282346638528860000000000000000000000,1575420030,,,,1,,1,52.855796813964844,,,,,,C,
Raw,1697800415999,105891000000,,,-1381835528108696903,0.0,63.25982038920785,,,0,5,0.0,16393,472433918621825,72,18.039474487304688,-1649.6804643997648,1.140785751254012,20,-8991.17625883439,340282346638528860000000000000000000000,1575420030,,,,0,,1,52.855796813964844,,,,,,C,
Raw,1697800415999,105891000000,,,-1381835528108696903,0.0,63.25982038920785,,,0,7,0.0,16393,472433929921123,73,17.81302833557129,-1112.6577842612332,1.1494038199088346,20,-13198.186244407218,340282346638528860000000000000000000000,1575420030,,,,0,,1,52.855796813964844,,,,,,C,
Raw,1697800415999,105891000000,,,-1381835528108696903,0.0,63.25982038920785,,,0,9,0.0,12,472433928659172,1000000000,9.148967742919922,-599.1702673201371,299792458,20,-62187.083221111774,340282346638528860000000000000000000000,1575420030,,,,1,,1,52.855796813964844,,,,,,C,
Raw,1697800415999,105891000000,,,-1381835528108696903,0.0,63.25982038920785,,,0,30,0.0,16393,472433926647244,89,15.343307495117188,-1480.8201605259355,1.2598754459977348,20,-15920.95887589137,340282346638528860000000000000000000000,1575420030,,,,0,,1,52.855796813964844,,,,,,C,
Raw,1697800415999,105891000000,,,-1381835528108696903,0.0,63.25982038920785,,,0,9,0.0,16392,472433928657676,1000000000,7.0,-633.2746729449482,299792458,20,-165453.62797335882,340282346638528860000000000000000000000,1176450050,,,,1,,1,9.077828407287598,,,,,,Q,
Raw,1697800415999,105891000000,,,-1381835528108696903,0.0,63.25982038920785,,,0,30,0.0,81929,472433926647229,69,20.428787231445312,-1481.6941710410065,1.0311870887097214,20,-72023.04802555112,340282346638528860000000000000000000000,1176450050,,,,0,,1,9.077828407287598,,,,,,Q,
Raw,1697800415999,105891000000,,,-1381835528108696903,0.0,63.25982038920785,,,0,10,0.0,16392,51215929191385,1000000000,14.659281730651855,-1622.8943801693576,299792458,22,-6909.613693530997,340282346638528860000000000000000000000,1598062460,,,,0,,3,63.93495178222656,,,,,,C,
Raw,1697800415999,105891000000,,,-1381835528108696903,0.0,63.25982038920785,,,0,9,0.0,227,51215931387843,87,24.243518829345703,-1002.4113984767246,0.8604956894155911,20,-103409.32408142262,340282346638528860000000000000000000000,1600875010,,,,0,,3,63.93495178222656,,,,,,C,
Raw,1697800415999,105891000000,,,-1381835528108696903,0.0,63.25982038920785,,,0,1,0.0,227,51215920958010,85,24.50526237487793,-1583.8677861735223,0.8468493933468877,20,-21310.847280931663,340282346638528860000000000000000000000,1602562560,,,,0,,3,63.93495178222656,,,,,,C,
Raw,1697800415999,105891000000,,,-1381835528108696903,0.0,63.25982038920785,,,0,7,0.0,227,51215932044424,241,11.681507110595703,-695.1380124391535,1.4255133888720817,20,-70125.96059742599,340282346638528860000000000000000000000,1604812540,,,,1,,3,63.93495178222656,,,,,,C,
Raw,1697800415999,105891000000,,,-1381835528108696903,0.0,63.25982038920785,,,0,8,0.0,16392,51215932873495,1000000000,7.0,-1229.191565295244,299792458,20,-10721.923656458412,340282346638528860000000000000000000000,1605374980,,,,1,,3,63.93495178222656,,,,,,C,
Raw,1697800415999,105891000000,,,-1381835528108696903,0.0,63.25982038920785,,,0,20,0.0,65583,472419922378902,21,24.725032806396484,-606.6060368597186,0.8372220978886622,20,723784.2265593349,340282346638528860000000000000000000000,1561097980,,,,0,,5,62.02272033691406,,,,,,C,
Raw,1697800415999,105891000000,,,-1381835528108696903,0.0,63.25982038920785,,,0,36,0.0,16393,472419915617019,64,22.53335952758789,-1632.2808250255657,0.9381602884093705,20,-8464.061628264299,340282346638528860000000000000000000000,1561097980,,,,0,,5,62.02272033691406,,,,,,C,
Raw,1697800415999,105891000000,,,-1381835528108696903,0.0,63.25982038920785,,,0,24,0.0,85034,472433911256782,33,27.623546600341797,-1383.6726170919255,0.7070370990662109,20,-139062.4900364012,340282346638528860000000000000000000000,1575420030,,,,0,,6,52.855796813964844,,,,,,C,
Raw,1697800415999,105891000000,,,-1381835528108696903,0.0,63.25982038920785,,,0,24,0.0,16392,472433911256808,1000000000,7.0,-1389.4937643361955,299792458,20,-352196.2180320965,340282346638528860000000000000000000000,1176450050,,,,0,,6,9.077828407287598,,,,,,Q,
Raw,1697800416999,106891000000,,,-1381835528108700167,0.0,57.51102369221429,,,0,4,0.0,16427,472434920622038,80,16.634567260742188,-418.10217283914153,1.2043227726152992,20,-41967.27972088503,340282346638528860000000000000000000000,1575420030,,,,1,,1,52.855796813964844,,,,,,C,
Raw,1697800416999,106891000000,,,-1381835528108700167,0.0,57.51102369221429,,,0,5,0.0,16393,472434918627328,73,17.88903045654297,-1650.7952333877129,1.1475520508159605,20,-10640.723538832684,340282346638528860000000000000000000000,1575420030,,,,0,,1,52.855796813964844,,,,,,C,
Raw,1697800416999,106891000000,,,-1381835528108700167,0.0,57.51102369221429,,,0,7,0.0,16393,472434929924843,66,18.982818603515625,-1112.1413668799996,1.0968002775250905,20,-14310.197985686213,340282346638528860000000000000000000000,1575420030,,,,0,,1,52.855796813964844,,,,,,C,
Raw,1697800416999,106891000000,,,-1381835528108700167,0.0,57.51102369221429,,,0,9,0.0,12,472434928661173,1000000000,8.288774490356445,-602.5637211862872,299792458,20,-62789.00169954006,340282346638528860000000000000000000000,1575420030,,,,1,,1,52.855796813964844,,,,,,C,
Raw,1697800416999,106891000000,,,-1381835528108700167,0.0,57.51102369221429,,,0,30,0.0,16393,472434926652116,93,14.79550838470459,-1481.1472157787284,1.2845102721993413,20,-17402.947457735732,340282346638528860000000000000000000000,1575420030,,,,1,,1,52.855796813964844,,,,,,C,
Raw,1697800416999,106891000000,,,-1381835528108700167,0.0,57.51102369221429,,,0,9,0.0,16392,472434928659876,1000000000,10.047098159790039,-646.0986062011339,299792458,20,-166106.51963158313,340282346638528860000000000000000000000,1176450050,,,,1,,1,8.278562545776367,,,,,,Q,
Raw,1697800416999,106891000000,,,-1381835528108700167,0.0,57.51102369221429,,,0,30,0.0,81929,472434926652160,58,20.944211959838867,-1481.9315212682313,1.008010019764742,20,-73505.2187095595,340282346638528860000000000000000000000,1176450050,,,,0,,1,8.278562545776367,,,,,,Q,
Raw,1697800416999,106891000000,,,-1381835528108700167,0.0,57.51102369221429,,,0,10,0.0,16392,51216929196822,1000000000,16.042015075683594,-1622.8698408006612,299792458,20,-8531.364836532865,340282346638528860000000000000000000000,1598062460,,,,0,,3,61.584014892578125,,,,,,C,
Raw,1697800416999,106891000000,,,-1381835528108700167,0.0,57.51102369221429,,,0,9,0.0,227,51216931391247,96,23.022899627685547,-1002.4143295679855,0.9153862178858541,20,-104411.87837409471,340282346638528860000000000000000000000,1600875010,,,,0,,3,61.584014892578125,,,,,,C,
Raw,1697800416999,106891000000,,,-1381835528108700167,0.0,57.51102369221429,,,0,1,0.0,227,51216920963317,92,23.540367126464844,-1583.7929410989982,0.8902405542401928,20,-22894.9664892518,340282346638528860000000000000000000000,1602562560,,,,0,,3,61.584014892578125,,,,,,C,
Raw,1697800416999,106891000000,,,-1381835528108700167,0.0,57.51102369221429,,,0,7,0.0,227,51216932046746,229,12.307437896728516,-694.7962335651428,1.3973663388988804,20,-70821.59286824755,340282346638528860000000000000000000000,1604812540,,,,1,,3,61.584014892578125,,,,,,C,
Raw,1697800416999,106891000000,,,-1381835528108700167,0.0,57.51102369221429,,,0,8,0.0,16392,51216932877589,1000000000,7.0,-1229.454545529774,299792458,20,-11951.616602125185,340282346638528860000000000000000000000,1605374980,,,,1,,3,61.584014892578125,,,,,,C,
Raw,1697800416999,106891000000,,,-1381835528108700167,0.0,57.51102369221429,,,0,20,0.0,65583,472420922380901,20,25.097867965698242,-606.5725902238628,0.009613736532628536,17,723177.653969111,0.10082661142145251,1561097980,,,,0,,5,62.10871887207031,,,,,,C,
Raw,1697800416999,106891000000,,,-1381835528108700167,0.0,57.51102369221429,,,0,36,0.0,16393,472420915622454,23,23.613136291503906,-1631.6205796778058,0.8896050362471786,20,-10095.303497389536,340282346638528860000000000000000000000,1561097980,,,,0,,5,62.10871887207031,,,,,,C,
Raw,1697800416999,106891000000,,,-1381835528108700167,0.0,57.51102369221429,,,0,24,0.0,85034,472434911261400,34,27.072174072265625,-1383.5503713772632,0.007589457556605338,17,-140446.04040777846,0.0037947287783026695,1575420030,,,,0,,6,52.855796813964844,,,,,,C,
Raw,1697800416999,106891000000,,,-1381835528108700167,0.0,57.51102369221429,,,0,24,0.0,16392,472434911261379,1000000000,10.741676330566406,-1393.722988201198,299792458,20,-353579.82565544394,340282346638528860000000000000000000000,1176450050,,,,0,,6,8.278562545776367,,,,,,Q,
Raw,1697800417999,107891000000,,,-1381835528108703442,0.0,55.51948658094335,,,0,4,0.0,16427,472435920623417,79,16.84883689880371,-419.0594127130412,1.1946874225140283,20,-42386.78589841751,340282346638528860000000000000000000000,1575420030,,,,1,,1,52.840885162353516,,,,,,C,
Raw,1697800417999,107891000000,,,-1381835528108703442,0.0,55.51948658094335,,,0,5,0.0,16393,472435918632811,86,15.765155792236328,-1650.4898545772685,1.2430613453567512,20,-12290.077221393123,340282346638528860000000000000000000000,1575420030,,,,1,,1,52.840885162353516,,,,,,C,
Raw,1697800417999,107891000000,,,-1381835528108703442,0.0,55.51948658094335,,,0,7,0.0,16393,472435929928505,66,19.089111328125,-1111.702657499638,1.0920211449399368,20,-15423.277278389765,340282346638528860000000000000000000000,1575420030,,,,0,,1,52.840885162353516,,,,,,C,
Raw,1697800417999,107891000000,,,-1381835528108703442,0.0,55.51948658094335,,,0,9,0.0,12,472435928663025,1000000000,7.428562164306641,-600.592528230834,299792458,20,-63390.03780316794,340282346638528860000000000000000000000,1575420030,,,,1,,1,52.840885162353516,,,,,,C,
Raw,1697800417999,107891000000,,,-1381835528108703442,0.0,55.51948658094335,,,0,30,0.0,16393,472435926657089,96,14.490113258361816,-1481.4239653256936,1.2982443039666718,20,-18885.16326628173,340282346638528860000000000000000000000,1575420030,,,,1,,1,52.840885162353516,,,,,,C,
Raw,1697800417999,107891000000,,,-1381835528108703442,0.0,55.51948658094335,,,0,9,0.0,16392,472435928662119,1000000000,7.0,-659.2138762956765,299792458,20,-166773.5148458031,340282346638528860000000000000000000000,1176450050,,,,1,,1,9.077828407287598,,,,,,Q,
Raw,1697800417999,107891000000,,,-1381835528108703442,0.0,55.51948658094335,,,0,30,0.0,81929,472435926657102,54,21.252056121826172,-1482.4573454074653,0.9941674167345429,20,-74987.18689454121,340282346638528860000000000000000000000,1176450050,,,,0,,1,9.077828407287598,,,,,,Q,
Raw,1697800417999,107891000000,,,-1381835528108703442,0.0,55.51948658094335,,,0,10,0.0,16393,202131,268,16.717912673950195,-1623.0994202277989,1.1985205006614823,20,-10156.568266657801,340282346638528860000000000000000000000,1598062460,,,,0,,3,63.945350646972656,,,,,,C,
Raw,1697800417999,107891000000,,,-1381835528108703442,0.0,55.51948658094335,,,0,9,0.0,227,51217931394605,107,21.669551849365234,-1002.3914261572022,0.9762453034200784,20,-105413.98249691726,340282346638528860000000000000000000000,1600875010,,,,0,,3,63.945350646972656,,,,,,C,
Raw,1697800417999,107891000000,,,-1381835528108703442,0.0,55.51948658094335,,,0,1,0.0,227,51217920968620,99,22.719173431396484,-1583.9917099854392,0.9271695615556368,20,-24478.927656471395,340282346638528860000000000000000000000,1602562560,,,,0,,3,63.945350646972656,,,,,,C,
Raw,1697800417999,107891000000,,,-1381835528108703442,0.0,55.51948658094335,,,0,7,0.0,227,51217932049109,231,12.196046829223633,-695.1510319375452,1.4023757943347546,20,-71517.39447585678,340282346638528860000000000000000000000,1604812540,,,,1,,3,63.945350646972656,,,,,,C,
Raw,1697800417999,107891000000,,,-1381835528108703442,0.0,55.51948658094335,,,0,8,0.0,16392,51217932881686,1000000000,7.0,-1229.7374299189132,299792458,20,-13181.548347997285,340282346638528860000000000000000000000,1605374980,,,,1,,3,63.945350646972656,,,,,,C,
Raw,1697800417999,107891000000,,,-1381835528108703442,0.0,55.51948658094335,,,0,20,0.0,65583,472421922382935,19,25.9842472076416,-606.3646640096558,0.008681070990860462,17,722571.2893051014,0.10036027865056847,1561097980,,,,0,,5,61.848121643066406,,,,,,C,
Raw,1697800417999,107891000000,,,-1381835528108703442,0.0,55.51948658094335,,,0,36,0.0,16393,472421915627889,23,23.28118896484375,-1630.521215960206,0.9045332853387653,20,-11726.362643785269,340282346638528860000000000000000000000,1561097980,,,,0,,5,61.848121643066406,,,,,,C,
Raw,1697800417999,107891000000,,,-1381835528108703442,0.0,55.51948658094335,,,0,24,0.0,85034,472435911266020,38,26.90852165222168,-1383.075765113298,299.7930366448577,20,-141829.34532578682,340282346638528860000000000000000000000,1575420030,,,,0,,6,52.840885162353516,,,,,,C,
Raw,1697800417999,107891000000,,,-1381835528108703442,0.0,55.51948658094335,,,0,24,0.0,16392,472435911266015,1000000000,13.153339385986328,-1384.1718569150717,299792458,20,-354966.05141956406,340282346638528860000000000000000000000,1176450050,,,,0,,6,9.077828407287598,,,,,,Q,
Raw,1697800418999,108891000000,,,-1381835528108706708,0.0,50.431827398380996,,,0,4,0.0,16427,472436920624850,93,14.840726852416992,-417.95950367613705,1.2849902224171723,20,-42806.27157419681,340282346638528860000000000000000000000,1575420030,,,,1,,1,52.795997619628906,,,,,,C,
Raw,1697800418999,108891000000,,,-1381835528108706708,0.0,50.431827398380996,,,0,5,0.0,16393,472436918638334,81,16.62713623046875,-1647.9500299171887,1.2043000065994187,20,-13938.5278472664,340282346638528860000000000000000000000,1575420030,,,,0,,1,52.795997619628906,,,,,,C,
Raw,1697800418999,108891000000,,,-1381835528108706708,0.0,50.431827398380996,,,0,7,0.0,16393,472436929932222,69,18.57772445678711,-1111.3762157310625,1.1150181493441074,20,-16536.394379702837,340282346638528860000000000000000000000,1575420030,,,,0,,1,52.795997619628906,,,,,,C,
Raw,1697800418999,108891000000,,,-1381835528108706708,0.0,50.431827398380996,,,0,9,0.0,12,472436928665179,1000000000,7.0,-601.1328714965466,299792458,20,-63990.09875355634,340282346638528860000000000000000000000,1575420030,,,,1,,1,52.795997619628906,,,,,,C,
Raw,1697800418999,108891000000,,,-1381835528108706708,0.0,50.431827398380996,,,0,30,0.0,16393,472436926662005,98,14.247416496276855,-1482.61098912147,1.309159077533506,20,-20366.799545638947,340282346638528860000000000000000000000,1575420030,,,,1,,1,52.795997619628906,,,,,,C,
Raw,1697800418999,108891000000,,,-1381835528108706708,0.0,50.431827398380996,,,0,9,0.0,16392,472436928664370,1000000000,7.0,-668.0901067777381,299792458,20,-167448.374794117,340282346638528860000000000000000000000,1176450050,,,,1,,1,9.077828407287598,,,,,,Q,
Raw,1697800418999,108891000000,,,-1381835528108706708,0.0,50.431827398380996,,,0,30,0.0,81929,472436926662049,51,21.40964126586914,-1481.4831324702172,0.9870819269791826,20,-76468.72504323426,340282346638528860000000000000000000000,1176450050,,,,0,,1,9.077828407287598,,,,,,Q,
Raw,1697800418999,108891000000,,,-1381835528108706708,0.0,50.431827398380996,,,0,10,0.0,16393,207557,156,17.02821159362793,-1623.666006985034,1.1845677287532652,20,-11779.904866346522,340282346638528860000000000000000000000,1598062460,,,,0,,3,64.028076171875,,,,,,C,
Raw,1697800418999,108891000000,,,-1381835528108706708,0.0,50.431827398380996,,,0,9,0.0,227,51218931398028,116,20.74135971069336,-1001.4637698555644,1.0179856618928578,20,-106415.50381882009,340282346638528860000000000000000000000,1600875010,,,,0,,3,64.028076171875,,,,,,C,
Raw,1697800418999,108891000000,,,-1381835528108706708,0.0,50.431827398380996,,,0,1,0.0,227,51218920973885,96,23.06830406188965,-1584.034653880658,0.9114706628563067,20,-26062.555734930284,340282346638528860000000000000000000000,1602562560,,,,0,,3,64.028076171875,,,,,,C,
Raw,1697800418999,108891000000,,,-1381835528108706708,0.0,50.431827398380996,,,0,7,0.0,227,51218932051352,212,13.240741729736328,-694.9497409493215,1.3553975214597216,20,-72212.50846489453,340282346638528860000000000000000000000,1604812540,,,,1,,3,64.028076171875,,,,,,C,
Raw,1697800418999,108891000000,,,-1381835528108706708,0.0,50.431827398380996,,,0,8,0.0,16392,51218932885791,1000000000,7.0,-1228.1425072834718,299792458,20,-14411.47668030292,340282346638528860000000000000000000000,1605374980,,,,1,,3,64.028076171875,,,,,,C,
Raw,1697800418999,108891000000,,,-1381835528108706708,0.0,50.431827398380996,,,0,20,0.0,65583,472422922384951,19,25.45368194580078,-605.8660385636954,0.8044566753547264,20,721965.280445543,340282346638528860000000000000000000000,1561097980,,,,0,,5,61.99386215209961,,,,,,C,
Raw,1697800418999,108891000000,,,-1381835528108706708,0.0,50.431827398380996,,,0,36,0.0,16393,472422915633332,22,23.935476303100586,-1630.625780936818,0.8751116713127471,20,-13357.11186419302,340282346638528860000000000000000000000,1561097980,,,,0,,5,61.99386215209961,,,,,,C,
Raw,1697800418999,108891000000,,,-1381835528108706708,0.0,50.431827398380996,,,0,24,0.0,85034,472436911270652,33,27.396663665771484,-1382.909001808468,0.0073111592791974545,17,-143212.2543275953,0.0036555796395987272,1575420030,,,,0,,6,52.795997619628906,,,,,,C,
Raw,1697800418999,108891000000,,,-1381835528108706708,0.0,50.431827398380996,,,0,24,0.0,16392,472436911270632,1000000000,12.315338134765625,-1389.076186078878,299792458,20,-356351.31676323863,340282346638528860000000000000000000000,1176450050,,,,0,,6,9.077828407287598,,,,,,Q,
Raw,1697800419999,109891000000,,,-1381835528108709976,0.0,47.006854372030475,,,0,4,0.0,16427,472437920626152,90,15.192819595336914,-414.65156269340264,1.2691571906125816,20,-43223.219342659395,340282346638528860000000000000000000000,1575420030,,,,1,,1,52.840885162353516,,,,,,C,
Raw,1697800419999,109891000000,,,-1381835528108709976,0.0,47.006854372030475,,,0,5,0.0,16393,472437918643902,76,17.404254913330078,-1647.6661912192667,1.1693548378958747,20,-15585.994882761248,340282346638528860000000000000000000000,1575420030,,,,0,,1,52.840885162353516,,,,,,C,
Raw,1697800419999,109891000000,,,-1381835528108709976,0.0,47.006854372030475,,,0,7,0.0,16393,472437929935945,74,17.614595413208008,-1110.7638221522607,1.1583296957491287,20,-17646.36553219073,340282346638528860000000000000000000000,1575420030,,,,0,,1,52.840885162353516,,,,,,C,
Raw,1697800419999,109891000000,,,-1381835528108709976,0.0,47.006854372030475,,,0,9,0.0,12,472437928667185,1000000000,7.0,-601.1371658860685,299792458,20,-64590.79948993318,340282346638528860000000000000000000000,1575420030,,,,1,,1,52.840885162353516,,,,,,C,
Raw,1697800419999,109891000000,,,-1381835528108709976,0.0,47.006854372030475,,,0,30,0.0,16392,472437926667027,1000000000,14.206510543823242,-1482.664566743124,299792458,20,-21848.48148240237,340282346638528860000000000000000000000,1575420030,,,,1,,1,52.840885162353516,,,,,,C,
Raw,1697800419999,109891000000,,,-1381835528108709976,0.0,47.006854372030475,,,0,9,0.0,16392,472437928666653,1000000000,7.0,-677.6267189373857,299792458,20,-168132.76839436474,340282346638528860000000000000000000000,1176450050,,,,1,,1,11.110957145690918,,,,,,Q,
Raw,1697800419999,109891000000,,,-1381835528108709976,0.0,47.006854372030475,,,0,30,0.0,81929,472437926666987,58,20.934322357177734,-1480.7308644898458,1.0084573520066038,20,-77950.08601017906,340282346638528860000000000000000000000,1176450050,,,,0,,1,11.110957145690918,,,,,,Q,
Raw,1697800419999,109891000000,,,-1381835528108709976,0.0,47.006854372030475,,,0,10,0.0,16393,212941,158,16.931859970092773,-1622.6967019215253,1.188901392980898,20,-13403.270397194654,340282346638528860000000000000000000000,1598062460,,,,0,,3,63.903690338134766,,,,,,C,
Raw,1697800419999,109891000000,,,-1381835528108709976,0.0,47.006854372030475,,,0,9,0.0,227,51219931401471,133,19.036304473876953,-1002.0407176795825,1.0946608045707094,20,-107417.00004881503,340282346638528860000000000000000000000,1600875010,,,,0,,3,63.903690338134766,,,,,,C,
Raw,1697800419999,109891000000,,,-1381835528108709976,0.0,47.006854372030475,,,0,1,0.0,227,51219920979135,97,22.941326141357422,-1583.6665633502116,0.917181671044708,20,-27646.070043704298,340282346638528860000000000000000000000,1602562560,,,,0,,3,63.903690338134766,,,,,,C,
Raw,1697800419999,109891000000,,,-1381835528108709976,0.0,47.006854372030475,,,0,7,0.0,227,51219932053417,190,14.616165161132812,-694.6983487500092,1.293546649754143,20,-72908.14182707583,340282346638528860000000000000000000000,1604812540,,,,0,,3,63.903690338134766,,,,,,C,
Raw,1697800419999,109891000000,,,-1381835528108709976,0.0,47.006854372030475,,,0,8,0.0,16392,51219932889903,1000000000,7.0,-1228.6482909382703,299792458,20,-15641.698858523994,340282346638528860000000000000000000000,1605374980,,,,1,,3,63.903690338134766,,,,,,C,
Raw,1697800419999,109891000000,,,-1381835528108709976,0.0,47.006854372030475,,,0,20,0.0,65583,472423922386981,19,25.552274703979492,-605.8236705019372,0.009123718366026878,17,721359.4567750411,0.10058160233815168,1561097980,,,,0,,5,61.906715393066406,,,,,,C,
Raw,1697800419999,109891000000,,,-1381835528108709976,0.0,47.006854372030475,,,0,36,0.0,16393,472423915638783,22,23.735450744628906,-1630.582589267011,0.011246386915445328,17,-14987.694453460032,0.1016429366128609,1561097980,,,,0,,5,61.906715393066406,,,,,,C,
Raw,1697800419999,109891000000,,,-1381835528108709976,0.0,47.006854372030475,,,0,24,0.0,85034,472437911275259,33,27.452651977539062,-1382.735323967121,0.007264184299856425,17,-144594.9896515624,0.003632092149928212,1575420030,,,,0,,6,52.840885162353516,,,,,,C,
Raw,1697800419999,109891000000,,,-1381835528108709976,0.0,47.006854372030475,,,0,24,0.0,16392,472437911275238,1000000000,11.172388076782227,-1385.1624294314506,299792458,20,-357733.4330024317,340282346638528860000000000000000000000,1176450050,,,,0,,6,11.110957145690918,,,,,,Q,
Raw,1697800420999,110891000000,,,-1381835528108713249,0.0,44.46123699406048,,,0,4,0.0,16427,472438920627678,94,14.710138320922852,-414.89739945230167,1.290863055706759,20,-43637.17858371394,340282346638528860000000000000000000000,1575420030,,,,1,,1,52.90037536621094,,,,,,C,
Raw,1697800420999,110891000000,,,-1381835528108713249,0.0,44.46123699406048,,,0,5,0.0,16393,472438918649398,75,17.451717376708984,-1648.1323028946726,1.1672214891329,20,-17232.1333191175,340282346638528860000000000000000000000,1575420030,,,,0,,1,52.90037536621094,,,,,,C,
Raw,1697800420999,110891000000,,,-1381835528108713249,0.0,44.46123699406048,,,0,6,0.0,16393,472438926135705,109,12.312192916870117,-444.82264834074226,5.87539852697849,22,-1535.5905549683082,340282346638528860000000000000000000000,1575420030,,,,1,,1,52.90037536621094,,,,,,C,
Raw,1697800420999,110891000000,,,-1381835528108713249,0.0,44.46123699406048,,,0,7,0.0,16393,472438929939680,83,16.298141479492188,-1111.1968738448395,1.217529857652484,20,-18756.35165132244,340282346638528860000000000000000000000,1575420030,,,,0,,1,52.90037536621094,,,,,,C,
Raw,1697800420999,110891000000,,,-1381835528108713249,0.0,44.46123699406048,,,0,9,0.0,12,472438928669189,1000000000,7.0,-600.5849619254859,299792458,20,-65191.084579692804,340282346638528860000000000000000000000,1575420030,,,,1,,1,52.90037536621094,,,,,,C,
Raw,1697800420999,110891000000,,,-1381835528108713249,0.0,44.46123699406048,,,0,11,0.0,16392,472438927581794,1000000000,18.4923038482666,-887.595986735681,299792458,22,-2703.9100293415995,340282346638528860000000000000000000000,1575420030,,,,0,,1,52.90037536621094,,,,,,C,
Raw,1697800420999,110891000000,,,-1381835528108713249,0.0,44.46123699406048,,,0,16,0.0,16392,472438918055523,1000000000,19.397348403930664,-803.9174211300074,299792458,22,-1605.3619387127433,340282346638528860000000000000000000000,1575420030,,,,0,,1,52.90037536621094,,,,,,C,
Raw,1697800420999,110891000000,,,-1381835528108713249,0.0,44.46123699406048,,,0,20,0.0,16392,472438927843244,1000000000,18.889911651611328,-1449.2010476307678,299792458,22,-2899.997773494791,340282346638528860000000000000000000000,1575420030,,,,0,,1,52.90037536621094,,,,,,C,
Raw,1697800420999,110891000000,,,-1381835528108713249,0.0,44.46123699406048,,,0,30,0.0,16392,472438926671966,1000000000,13.602432250976562,-1481.639502780744,299792458,20,-23330.234237836645,340282346638528860000000000000000000000,1575420030,,,,1,,1,52.90037536621094,,,,,,C,
Raw,1697800420999,110891000000,,,-1381835528108713249,0.0,44.46123699406048,,,0,9,0.0,16392,472438928668968,1000000000,7.0,-687.1633992619463,299792458,20,-168826.71486108395,340282346638528860000000000000000000000,1176450050,,,,0,,1,9.172757148742676,,,,,,Q,
Raw,1697800420999,110891000000,,,-1381835528108713249,0.0,44.46123699406048,,,0,30,0.0,81929,472438926671934,58,20.98568344116211,-1480.1751841186979,1.0061486649809708,20,-79431.31571420701,340282346638528860000000000000000000000,1176450050,,,,0,,1,9.172757148742676,,,,,,Q,
Raw,1697800420999,110891000000,,,-1381835528108713249,0.0,44.46123699406048,,,0,10,0.0,16393,218353,174,15.684499740600586,-1621.9168953162834,1.2449949922260375,20,-15026.651706738514,340282346638528860000000000000000000000,1598062460,,,,0,,3,61.47423553466797,,,,,,C,
Raw,1697800420999,110891000000,,,-1381835528108713249,0.0,44.46123699406048,,,0,9,0.0,227,51220931404699,132,19.123912811279297,-1001.4971706629567,1.0907216847177068,20,-108417.66874170244,340282346638528860000000000000000000000,1600875010,,,,0,,3,61.47423553466797,,,,,,C,
Raw,1697800420999,110891000000,,,-1381835528108713249,0.0,44.46123699406048,,,0,1,0.0,227,51220920984443,97,22.936511993408203,-1584.1554421065748,0.9173990132723389,20,-29229.53920581309,340282346638528860000000000000000000000,1602562560,,,,0,,3,61.47423553466797,,,,,,C,
Raw,1697800420999,110891000000,,,-1381835528108713249,0.0,44.46123699406048,,,0,24,0.0,16392,51220925510284,1000000000,20.972578048706055,-1217.0652999240801,299792458,22,-2433.378303911115,340282346638528860000000000000000000000,1603124990,,,,0,,3,61.47423553466797,,,,,,C,
Raw,1697800420999,110891000000,,,-1381835528108713249,0.0,44.46123699406048,,,0,23,0.0,16392,51220928054786,1000000000,17.71607208251953,-510.9985773886049,299792458,22,-1026.240698460034,340282346638528860000000000000000000000,1603687550,,,,0,,3,61.47423553466797,,,,,,C,
Raw,1697800420999,110891000000,,,-1381835528108713249,0.0,44.46123699406048,,,0,7,0.0,227,51220932055834,145,19.051105499267578,-694.1636631720794,299.79463852031427,20,-73602.78081200401,340282346638528860000000000000000000000,1604812540,,,,0,,3,61.47423553466797,,,,,,C,
Raw,1697800420999,110891000000,,,-1381835528108713249,0.0,44.46123699406048,,,0,8,0.0,16392,51220932894007,1000000000,7.055194854736328,-1226.2657908974998,299792458,20,-16870.329433498628,340282346638528860000000000000000000000,1605374980,,,,1,,3,61.47423553466797,,,,,,C,
Raw,1697800420999,110891000000,,,-1381835528108713249,0.0,44.46123699406048,,,0,20,0.0,65583,472424922388988,19,25.884790420532227,-605.6997161758641,0.785071013428718,20,720753.6954216323,340282346638528860000000000000000000000,1561097980,,,,0,,5,61.87746810913086,,,,,,C,
Raw,1697800420999,110891000000,,,-1381835528108713249,0.0,44.46123699406048,,,0,36,0.0,16393,472424915644218,20,24.81427574157715,-1630.8834443081305,0.8355949934261875,20,-16618.219443897833,340282346638528860000000000000000000000,1561097980,,,,0,,5,61.87746810913086,,,,,,C,
Raw,1697800420999,110891000000,,,-1381835528108713249,0.0,44.46123699406048,,,0,24,0.0,85034,472438911279880,35,26.972890853881836,-1382.6449416277464,0.0076767075806856155,17,-145977.63459319016,0.0038383537903428078,1575420030,,,,0,,6,52.90037536621094,,,,,,C,
Raw,1697800420999,110891000000,,,-1381835528108713249,0.0,44.46123699406048,,,0,24,0.0,16392,472438911279854,1000000000,14.605770111083984,-1382.7830649766802,299792458,20,-359114.69030685886,340282346638528860000000000000000000000,1176450050,,,,0,,6,9.172757148742676,,,,,,Q,
Raw,1697800421999,111891000000,,,-1381835528108716518,0.0,41.679555426404036,,,0,4,0.0,16427,472439920629114,96,14.490921020507812,-418.0682267124448,1.3007212731213862,20,-44053.30390368139,340282346638528860000000000000000000000,1575420030,,,,1,,1,52.88554382324219,,,,,,C,
Raw,1697800421999,111891000000,,,-1381835528108716518,0.0,41.679555426404036,,,0,5,0.0,16393,472439918654848,79,16.86670684814453,-1648.6849840096465,1.1935298172036148,20,-18881.651143655938,340282346638528860000000000000000000000,1575420030,,,,0,,1,52.88554382324219,,,,,,C,
Raw,1697800421999,111891000000,,,-1381835528108716518,0.0,41.679555426404036,,,0,7,0.0,16393,472439929943453,79,16.869543075561523,-1111.8568465329472,1.1918352800683714,20,-19867.611648314956,340282346638528860000000000000000000000,1575420030,,,,0,,1,52.88554382324219,,,,,,C,
Raw,1697800421999,111891000000,,,-1381835528108716518,0.0,41.679555426404036,,,0,9,0.0,12,472439928671190,1000000000,7.0,-600.3992807023496,299792458,20,-65791.3468184448,340282346638528860000000000000000000000,1575420030,,,,1,,1,52.88554382324219,,,,,,C,
Raw,1697800421999,111891000000,,,-1381835528108716518,0.0,41.679555426404036,,,0,11,0.0,16392,472439927584921,1000000000,17.632095336914062,-886.6749424306086,299792458,20,-3591.5618512719175,340282346638528860000000000000000000000,1575420030,,,,0,,1,52.88554382324219,,,,,,C,
Raw,1697800421999,111891000000,,,-1381835528108716518,0.0,41.679555426404036,,,0,16,0.0,16392,472439918058244,1000000000,14.826864242553711,-805.1170554346972,299792458,20,-2408.9860648058625,340282346638528860000000000000000000000,1575420030,,,,0,,1,52.88554382324219,,,,,,C,
Raw,1697800421999,111891000000,,,-1381835528108716518,0.0,41.679555426404036,,,0,20,0.0,16392,472439927848106,1000000000,18.029706954956055,-1449.2010476307678,299792458,20,-4351.433763843147,340282346638528860000000000000000000000,1575420030,,,,0,,1,52.88554382324219,,,,,,C,
Raw,1697800421999,111891000000,,,-1381835528108716518,0.0,41.679555426404036,,,0,30,0.0,16393,472439926676977,105,13.350011825561523,-1481.346802644126,1.3495169663635789,20,-24811.54679590097,340282346638528860000000000000000000000,1575420030,,,,1,,1,52.88554382324219,,,,,,C,
Raw,1697800421999,111891000000,,,-1381835528108716518,0.0,41.679555426404036,,,0,9,0.0,16392,472439928671315,1000000000,7.0,-696.7047829655071,299792458,20,-169530.1846710071,340282346638528860000000000000000000000,1176450050,,,,0,,1,9.077828407287598,,,,,,Q,
Raw,1697800421999,111891000000,,,-1381835528108716518,0.0,41.679555426404036,,,0,30,0.0,81929,472439926676876,63,20.651670455932617,-1481.5283939724795,1.0211697088858247,20,-80912.72243177568,340282346638528860000000000000000000000,1176450050,,,,0,,1,9.077828407287598,,,,,,Q,
Raw,1697800421999,111891000000,,,-1381835528108716518,0.0,41.679555426404036,,,0,10,0.0,16393,223800,158,16.92108154296875,-1622.6459872262194,1.1893882661977102,20,-16650.049164639142,340282346638528860000000000000000000000,1598062460,,,,0,,3,61.584014892578125,,,,,,C,
Raw,1697800421999,111891000000,,,-1381835528108716518,0.0,41.679555426404036,,,0,9,0.0,227,51221931407932,116,20.685810089111328,-1001.1064493813792,1.0204855301980484,20,-109419.22808861741,340282346638528860000000000000000000000,1600875010,,,,0,,3,61.584014892578125,,,,,,C,
Raw,1697800421999,111891000000,,,-1381835528108716518,0.0,41.679555426404036,,,0,1,0.0,227,51221920989687,102,22.331878662109375,-1584.110862253443,0.9445895577420709,20,-30813.174175590088,340282346638528860000000000000000000000,1602562560,,,,0,,3,61.584014892578125,,,,,,C,
Raw,1697800421999,111891000000,,,-1381835528108716518,0.0,41.679555426404036,,,0,24,0.0,16393,514358,119,20.400527954101562,-1215.2874226620243,1.032254229062294,20,-3650.63108416293,340282346638528860000000000000000000000,1603124990,,,,0,,3,61.584014892578125,,,,,,C,
Raw,1697800421999,111891000000,,,-1381835528108716518,0.0,41.679555426404036,,,0,23,0.0,16392,51221928056278,1000000000,17.047536849975586,-513.1687096427818,299792458,20,-1538.1644924606562,340282346638528860000000000000000000000,1603687550,,,,0,,3,61.584014892578125,,,,,,C,
Raw,1697800421999,111891000000,,,-1381835528108716518,0.0,41.679555426404036,,,0,7,0.0,227,51221932058096,124,19.928442001342773,-694.7736709789247,1.0546604486976365,20,-74298.45869287642,340282346638528860000000000000000000000,1604812540,,,,0,,3,61.584014892578125,,,,,,C,
Raw,1697800421999,111891000000,,,-1381835528108716518,0.0,41.679555426404036,,,0,8,0.0,16392,51221932898111,1000000000,7.129800796508789,-1227.9996336257282,299792458,20,-18101.554036702666,340282346638528860000000000000000000000,1605374980,,,,1,,3,61.584014892578125,,,,,,C,
Raw,1697800421999,111891000000,,,-1381835528108716518,0.0,41.679555426404036,,,0,20,0.0,65583,472425922391014,18,26.56540298461914,-605.9147142710863,0.008119240403175354,17,720147.7807073612,0.10007936335672592,1561097980,,,,0,,5,62.02272033691406,,,,,,C,
Raw,1697800421999,111891000000,,,-1381835528108716518,0.0,41.679555426404036,,,0,36,0.0,16393,472425915649644,21,24.59630584716797,-1630.942611452654,0.845397826848965,20,-18248.956910814828,340282346638528860000000000000000000000,1561097980,,,,0,,5,62.02272033691406,,,,,,C,
Raw,1697800421999,111891000000,,,-1381835528108716518,0.0,41.679555426404036,,,0,24,0.0,85034,472439911284496,33,27.552841186523438,-1382.8003064245277,0.0071808756329119205,17,-147360.4348996147,0.0035904378164559603,1575420030,,,,0,,6,52.88554382324219,,,,,,C,
Raw,1697800421999,111891000000,,,-1381835528108716518,0.0,41.679555426404036,,,0,24,0.0,16392,472439911284458,1000000000,14.82219123840332,-1382.4043407197987,299792458,20,-360499.1964009317,340282346638528860000000000000000000000,1176450050,,,,0,,6,9.077828407287598,,,,,,Q,
Raw,1697800422999,112891000000,,,-1381835528108719789,0.0,40.44459246381916,,,0,4,0.0,16427,472440920630489,97,14.304089546203613,-419.37699304292073,1.3091229980580463,20,-44471.31030745993,340282346638528860000000000000000000000,1575420030,,,,1,,1,52.855796813964844,,,,,,C,
Raw,1697800422999,112891000000,,,-1381835528108719789,0.0,40.44459246381916,,,0,5,0.0,16393,472440918660302,82,16.362586975097656,-1647.7035455916157,1.2162003755789028,20,-20530.274950486644,340282346638528860000000000000000000000,1575420030,,,,1,,1,52.855796813964844,,,,,,C,
Raw,1697800422999,112891000000,,,-1381835528108719789,0.0,40.44459246381916,,,0,7,0.0,16393,472440929947121,77,17.179088592529297,-1113.2106698709463,1.177916058078294,20,-20979.30853692483,340282346638528860000000000000000000000,1575420030,,,,0,,1,52.855796813964844,,,,,,C,
Raw,1697800422999,112891000000,,,-1381835528108719789,0.0,40.44459246381916,,,0,9,0.0,12,472440928673194,1000000000,7.0,-600.2136676441264,299792458,20,-66391.51871430753,340282346638528860000000000000000000000,1575420030,,,,1,,1,52.855796813964844,,,,,,C,
Raw,1697800422999,112891000000,,,-1381835528108719789,0.0,40.44459246381916,,,0,11,0.0,16392,472440927587879,1000000000,16.79627227783203,-886.6749424306086,299792458,20,-4476.603351333883,340282346638528860000000000000000000000,1575420030,,,,0,,1,52.855796813964844,,,,,,C,
Raw,1697800422999,112891000000,,,-1381835528108719789,0.0,40.44459246381916,,,0,16,0.0,16393,472440918061116,238,14.365617752075195,-804.5938215621591,1.3058940847062974,20,-3213.6102968523087,340282346638528860000000000000000000000,1575420030,,,,0,,1,52.855796813964844,,,,,,C,
Raw,1697800422999,112891000000,,,-1381835528108719789,0.0,40.44459246381916,,,0,20,0.0,16392,472440927852944,1000000000,17.190500259399414,-1447.8493374050731,299792458,20,-5795.913014184849,340282346638528860000000000000000000000,1575420030,,,,0,,1,52.855796813964844,,,,,,C,
Raw,1697800422999,112891000000,,,-1381835528108719789,0.0,40.44459246381916,,,0,30,0.0,16393,472440926681922,109,12.843547821044922,-1481.7620632944,1.37229310047333,20,-26293.227734671767,340282346638528860000000000000000000000,1575420030,,,,1,,1,52.855796813964844,,,,,,C,
Raw,1697800422999,112891000000,,,-1381835528108719789,0.0,40.44459246381916,,,0,9,0.0,16392,472440928673693,1000000000,7.0,-706.2414632900677,299792458,20,-170243.19842186844,340282346638528860000000000000000000000,1176450050,,,,0,,1,9.172757148742676,,,,,,Q,
Raw,1697800422999,112891000000,,,-1381835528108719789,0.0,40.44459246381916,,,0,30,0.0,81929,472440926681807,70,20.192218780517578,-1482.026543157017,1.0418316656143953,20,-82394.47576072197,340282346638528860000000000000000000000,1176450050,,,,0,,1,9.172757148742676,,,,,,Q,
Raw,1697800422999,112891000000,,,-1381835528108719789,0.0,40.44459246381916,,,0,10,0.0,16393,229042,145,18.00839614868164,-1624.2004199033117,1.1404937870854397,20,-18272.686773680005,340282346638528860000000000000000000000,1598062460,,,,0,,3,63.91412353515625,,,,,,C,
Raw,1697800422999,112891000000,,,-1381835528108719789,0.0,40.44459246381916,,,0,9,0.0,227,51222931411349,110,21.349842071533203,-1001.0629601668561,0.9906253042461928,20,-110420.77966707131,340282346638528860000000000000000000000,1600875010,,,,0,,3,63.91412353515625,,,,,,C,
Raw,1697800422999,112891000000,,,-1381835528108719789,0.0,40.44459246381916,,,0,1,0.0,227,51222920994970,104,22.09392738342285,-1583.973441788743,0.955291049686446,20,-32397.30073467329,340282346638528860000000000000000000000,1602562560,,,,0,,3,63.91412353515625,,,,,,C,
Raw,1697800422999,112891000000,,,-1381835528108719789,0.0,40.44459246381916,,,0,24,0.0,16393,518550,242,19.875762939453125,-1217.0936565279071,1.0558531349740412,20,-4866.40849698143,340282346638528860000000000000000000000,1603124990,,,,0,,3,63.91412353515625,,,,,,C,
Raw,1697800422999,112891000000,,,-1381835528108719789,0.0,40.44459246381916,,,0,23,0.0,16392,51222928057997,1000000000,16.401994705200195,-513.0515341572564,299792458,20,-2053.187055377133,340282346638528860000000000000000000000,1603687550,,,,0,,3,63.91412353515625,,,,,,C,
Raw,1697800422999,112891000000,,,-1381835528108719789,0.0,40.44459246381916,,,0,7,0.0,227,51222932060407,110,21.371685028076172,-694.960988159974,0.9897597962389475,20,-74994.19444314169,340282346638528860000000000000000000000,1604812540,,,,0,,3,63.91412353515625,,,,,,C,
Raw,1697800422999,112891000000,,,-1381835528108719789,0.0,40.44459246381916,,,0,8,0.0,16392,51222932902208,1000000000,7.0,-1228.837516736885,299792458,20,-19329.86876127038,340282346638528860000000000000000000000,1605374980,,,,1,,3,63.91412353515625,,,,,,C,
Raw,1697800422999,112891000000,,,-1381835528108719789,0.0,40.44459246381916,,,0,20,0.0,65583,472426922393044,18,26.43416404724121,-606.3272723384434,0.008242851123213768,17,719541.4534350227,0.10014116871674512,1561097980,,,,0,,5,62.13719940185547,,,,,,C,
Raw,1697800422999,112891000000,,,-1381835528108719789,0.0,40.44459246381916,,,0,36,0.0,16393,472426915655096,20,25.024322509765625,-1630.5587066623812,0.8261514237101553,20,-19880.091834825736,340282346638528860000000000000000000000,1561097980,,,,0,,5,62.13719940185547,,,,,,C,
Raw,1697800422999,112891000000,,,-1381835528108719789,0.0,40.44459246381916,,,0,24,0.0,85034,472440911289097,31,28.2302188873291,-1383.1807097500425,0.006642147898674011,17,-148743.61560936473,0.0033210739493370056,1575420030,,,,0,,6,52.855796813964844,,,,,,C,
Raw,1697800422999,112891000000,,,-1381835528108719789,0.0,40.44459246381916,,,0,24,0.0,16392,472440911289064,1000000000,14.967208862304688,-1382.2052991737055,299792458,20,-361882.2527835986,340282346638528860000000000000000000000,1176450050,,,,1,,6,9.172757148742676,,,,,,Q,
Raw,1697800423999,113891000000,,,-1381835528108723064,0.0,38.619971643204714,,,0,4,0.0,16427,472441920631879,100,13.959142684936523,-417.3380441639001,1.3246351754867778,20,-44876.962215916305,340282346638528860000000000000000000000,1575420030,,,,0,,1,49.160926818847656,,,,,,C,
Raw,1697800423999,113891000000,,,-1381835528108723064,0.0,38.619971643204714,,,0,5,0.0,16393,472441918665837,72,18.036813735961914,-1649.728588828375,1.1409134273313768,20,-22179.715878525418,340282346638528860000000000000000000000,1575420030,,,,0,,1,49.160926818847656,,,,,,C,
Raw,1697800423999,113891000000,,,-1381835528108723064,0.0,38.619971643204714,,,0,7,0.0,16393,472441929950729,69,18.583175659179688,-1113.0750898588985,1.1147764434854466,20,-22091.17257287828,340282346638528860000000000000000000000,1575420030,,,,1,,1,49.160926818847656,,,,,,C,
Raw,1697800423999,113891000000,,,-1381835528108723064,0.0,38.619971643204714,,,0,9,0.0,12,472441928675204,1000000000,7.0,-600.2136676441264,299792458,20,-66992.0380231258,340282346638528860000000000000000000000,1575420030,,,,1,,1,49.160926818847656,,,,,,C,
Raw,1697800423999,113891000000,,,-1381835528108723064,0.0,38.619971643204714,,,0,11,0.0,16392,472441927590843,1000000000,16.214900970458984,-887.5857619987241,299792458,20,-5361.696111922187,340282346638528860000000000000000000000,1575420030,,,,1,,1,49.160926818847656,,,,,,C,
Raw,1697800423999,113891000000,,,-1381835528108723064,0.0,38.619971643204714,,,0,13,0.0,16392,472441915777911,1000000000,20.01758575439453,-1613.6827101501985,299792458,22,-3226.5461271330414,340282346638528860000000000000000000000,1575420030,,,,0,,1,49.160926818847656,,,,,,C,
Raw,1697800423999,113891000000,,,-1381835528108723064,0.0,38.619971643204714,,,0,16,0.0,16393,472441918063678,100,13.978713989257812,-804.1076694023177,1.3232931787611921,20,-4017.694892983514,340282346638528860000000000000000000000,1575420030,,,,1,,1,49.160926818847656,,,,,,C,
Raw,1697800423999,113891000000,,,-1381835528108723064,0.0,38.619971643204714,,,0,20,0.0,16392,472441927857782,1000000000,16.33029556274414,-1446.6691301006013,299792458,20,-7246.347530322234,340282346638528860000000000000000000000,1575420030,,,,0,,1,49.160926818847656,,,,,,C,
Raw,1697800423999,113891000000,,,-1381835528108723064,0.0,38.619971643204714,,,0,29,0.0,16392,472441913940338,1000000000,18.79387092590332,-950.0590411348617,299792458,22,-1895.7891299692037,340282346638528860000000000000000000000,1575420030,,,,0,,1,49.160926818847656,,,,,,C,
Raw,1697800423999,113891000000,,,-1381835528108723064,0.0,38.619971643204714,,,0,30,0.0,16392,472441926686801,1000000000,12.156745910644531,-1481.3188550297773,299792458,20,-27773.711519810196,340282346638528860000000000000000000000,1575420030,,,,1,,1,49.160926818847656,,,,,,C,
Raw,1697800423999,113891000000,,,-1381835528108723064,0.0,38.619971643204714,,,0,9,0.0,16392,472441928676103,1000000000,7.0,-715.7780754497153,299792458,20,-170965.74732792153,340282346638528860000000000000000000000,1176450050,,,,0,,1,9.077828407287598,,,,,,Q,
Raw,1697800423999,113891000000,,,-1381835528108723064,0.0,38.619971643204714,,,0,30,0.0,81929,472441926686753,69,20.41287612915039,-1482.8696068015652,299.7936501290751,20,-83876.51404411823,340282346638528860000000000000000000000,1176450050,,,,0,,1,9.077828407287598,,,,,,Q,
Raw,1697800423999,113891000000,,,-1381835528108723064,0.0,38.619971643204714,,,0,10,0.0,16393,234547,140,18.398860931396484,-1623.431247024505,1.1229361297269564,20,-19897.07542581144,340282346638528860000000000000000000000,1598062460,,,,0,,3,63.903690338134766,,,,,,C,
Raw,1697800423999,113891000000,,,-1381835528108723064,0.0,38.619971643204714,,,0,6,0.0,16392,51223920005726,1000000000,15.235434532165527,-388.4057876462516,299792458,22,-778.4228409061884,340282346638528860000000000000000000000,1599750020,,,,0,,3,63.903690338134766,,,,,,C,
Raw,1697800423999,113891000000,,,-1381835528108723064,0.0,38.619971643204714,,,0,22,0.0,16392,51223920541071,1000000000,18.420059204101562,-168.0363264049338,299792458,22,-338.338295946532,340282346638528860000000000000000000000,1600312450,,,,0,,3,63.903690338134766,,,,,,C,
Raw,1697800423999,113891000000,,,-1381835528108723064,0.0,38.619971643204714,,,0,9,0.0,227,51223931414654,101,22.49007225036621,-1002.2189689271968,0.9393510442341362,20,-111422.53133129005,340282346638528860000000000000000000000,1600875010,,,,0,,3,63.903690338134766,,,,,,C,
Raw,1697800423999,113891000000,,,-1381835528108723064,0.0,38.619971643204714,,,0,16,0.0,16392,51223922177052,1000000000,13.468862533569336,-342.1074288916225,299792458,22,-685.8181490315031,340282346638528860000000000000000000000,1601437440,,,,0,,3,63.903690338134766,,,,,,C,
Raw,1697800423999,113891000000,,,-1381835528108723064,0.0,38.619971643204714,,,0,1,0.0,227,51223921000266,104,22.107139587402344,-1584.2296055319684,0.9546978019275958,20,-33981.78912742371,340282346638528860000000000000000000000,1602562560,,,,0,,3,63.903690338134766,,,,,,C,
Raw,1697800423999,113891000000,,,-1381835528108723064,0.0,38.619971643204714,,,0,24,0.0,16393,522604,129,19.366214752197266,-1216.0015182910902,1.0787675293615226,20,-6081.893114202267,340282346638528860000000000000000000000,1603124990,,,,0,,3,63.903690338134766,,,,,,C,
Raw,1697800423999,113891000000,,,-1381835528108723064,0.0,38.619971643204714,,,0,23,0.0,16393,58779,176,15.541793823242188,-512.6878061812449,1.2512035909662123,20,-2565.8967275475375,340282346638528860000000000000000000000,1603687550,,,,1,,3,63.903690338134766,,,,,,C,
Raw,1697800423999,113891000000,,,-1381835528108723064,0.0,38.619971643204714,,,0,7,0.0,227,51223932062757,110,21.36273193359375,-695.4870849588601,0.9901628612277085,20,-75688.72927322172,340282346638528860000000000000000000000,1604812540,,,,0,,3,63.903690338134766,,,,,,C,
Raw,1697800423999,113891000000,,,-1381835528108723064,0.0,38.619971643204714,,,0,8,0.0,16392,51223932906314,1000000000,8.586694717407227,-1228.0209010785984,299792458,20,-20559.791230224568,340282346638528860000000000000000000000,1605374980,,,,1,,3,63.903690338134766,,,,,,C,
Raw,1697800423999,113891000000,,,-1381835528108723064,0.0,38.619971643204714,,,0,5,0.0,16392,472427867391775,1000000000,7.0,-971.185460800004,299792458,22,-1940.7264390186804,340282346638528860000000000000000000000,1561097980,,,,0,,5,61.87746810913086,,,,,,C,
Raw,1697800423999,113891000000,,,-1381835528108723064,0.0,38.619971643204714,,,0,9,0.0,16392,472427866322237,1000000000,16.33600616455078,-811.6223739112061,299792458,22,-1624.942908930714,340282346638528860000000000000000000000,1561097980,,,,0,,5,61.87746810913086,,,,,,C,
Raw,1697800423999,113891000000,,,-1381835528108723064,0.0,38.619971643204714,,,0,20,0.0,65583,472427922395054,18,26.44507598876953,-606.6426430247957,0.008232501335442066,17,718934.8107919979,0.10013599382285927,1561097980,,,,0,,5,61.87746810913086,,,,,,C,
Raw,1697800423999,113891000000,,,-1381835528108723064,0.0,38.619971643204714,,,0,22,0.0,16392,472427917995672,1000000000,19.00783920288086,-1467.9421724937047,299792458,22,-2931.7274768068382,340282346638528860000000000000000000000,1561097980,,,,0,,5,61.87746810913086,,,,,,C,
Raw,1697800423999,113891000000,,,-1381835528108723064,0.0,38.619971643204714,,,0,35,0.0,16392,472427915394907,1000000000,17.973690032958984,-517.0996779307532,299792458,22,-1036.6259707465201,340282346638528860000000000000000000000,1561097980,,,,0,,5,61.87746810913086,,,,,,C,
Raw,1697800423999,113891000000,,,-1381835528108723064,0.0,38.619971643204714,,,0,36,0.0,16393,472427915660540,22,24.07733726501465,-1631.3870466857115,0.8687372534335132,20,-21511.59748519751,340282346638528860000000000000000000000,1561097980,,,,0,,5,61.87746810913086,,,,,,C,
Raw,1697800423999,113891000000,,,-1381835528108723064,0.0,38.619971643204714,,,0,37,0.0,16392,472427918712918,1000000000,18.494300842285156,-691.1211904432012,299792458,22,-1379.516300792347,340282346638528860000000000000000000000,1561097980,,,,0,,5,61.87746810913086,,,,,,C,
Raw,1697800423999,113891000000,,,-1381835528108723064,0.0,38.619971643204714,,,0,9,0.0,84010,472441910354661,1000000000,21.894550323486328,-551.0116540060365,299792458,22,-1102.164078676487,340282346638528860000000000000000000000,1575420030,,,,0,,6,49.160926818847656,,,,,,C,
Raw,1697800423999,113891000000,,,-1381835528108723064,0.0,38.619971643204714,,,0,13,0.0,84010,472441905808544,1000000000,20.40827178955078,-1462.6881573259743,299792458,22,-2925.144085924044,340282346638528860000000000000000000000,1575420030,,,,0,,6,49.160926818847656,,,,,,C,
Raw,1697800423999,113891000000,,,-1381835528108723064,0.0,38.619971643204714,,,0,24,0.0,85034,472441911293715,31,28.15683364868164,-1383.5538738134,0.6830624873251381,20,-150127.08844483583,340282346638528860000000000000000000000,1575420030,,,,0,,6,49.160926818847656,,,,,,C,
Raw,1697800423999,113891000000,,,-1381835528108723064,0.0,38.619971643204714,,,0,25,0.0,84010,472441905491534,1000000000,18.356517791748047,-1547.095814841584,299792458,22,-3094.0958515122356,340282346638528860000000000000000000000,1575420030,,,,0,,6,49.160926818847656,,,,,,C,
Raw,1697800423999,113891000000,,,-1381835528108723064,0.0,38.619971643204714,,,0,31,0.0,84010,472441909926642,1000000000,19.19638442993164,-959.0467894146659,299792458,22,-1918.8465375208202,340282346638528860000000000000000000000,1575420030,,,,0,,6,49.160926818847656,,,,,,C,
Raw,1697800423999,113891000000,,,-1381835528108723064,0.0,38.619971643204714,,,0,36,0.0,16392,472441905106728,1000000000,7.0,-355.89521401827324,299792458,18,-0.7246759075184901,340282346638528860000000000000000000000,1575420030,,,,0,,6,49.160926818847656,,,,,,C,
Raw,1697800423999,113891000000,,,-1381835528108723064,0.0,38.619971643204714,,,0,9,0.0,16392,472441910354529,1000000000,19.815032958984375,-551.3222815147853,299792458,22,-1103.4418648851629,340282346638528860000000000000000000000,1176450050,,,,0,,6,9.077828407287598,,,,,,Q,
Raw,1697800423999,113891000000,,,-1381835528108723064,0.0,38.619971643204714,,,0,13,0.0,16392,472441905808421,1000000000,20.241832733154297,-1460.9078261270488,299792458,22,-2925.4369719922806,340282346638528860000000000000000000000,1176450050,,,,0,,6,9.077828407287598,,,,,,Q,
Raw,1697800423999,113891000000,,,-1381835528108723064,0.0,38.619971643204714,,,0,24,0.0,16392,472441911293673,1000000000,12.403295516967773,-1381.2681679491543,299792458,20,-363266.09981410543,340282346638528860000000000000000000000,1176450050,,,,1,,6,9.077828407287598,,,,,,Q,
Raw,1697800423999,113891000000,,,-1381835528108723064,0.0,38.619971643204714,,,0,25,0.0,16392,472441905491162,1000000000,19.445096969604492,-1546.3672682509523,299792458,22,-3092.522590923749,340282346638528860000000000000000000000,1176450050,,,,0,,6,9.077828407287598,,,,,,Q,
Raw,1697800423999,113891000000,,,-1381835528108723064,0.0,38.619971643204714,,,0,31,0.0,16392,472441909926399,1000000000,18.174461364746094,-959.641664610815,299792458,22,-1919.4332215135255,340282346638528860000000000000000000000,1176450050,,,,0,,6,9.077828407287598,,,,,,Q,
Raw,1697800424999,114891000000,,,-1381835528108726341,0.0,37.23183162610035,,,0,4,0.0,16427,472442920633238,101,13.814535140991211,-416.7807959997522,1.3311384010874407,20,-45294.47831813119,340282346638528860000000000000000000000,1575420030,,,,0,,1,48.976600646972656,,,,,,C,
Raw,1697800424999,114891000000,,,-1381835528108726341,0.0,37.23183162610035,,,0,5,0.0,16393,472442918671378,74,17.718608856201172,-1651.0698016574606,1.155223665629296,20,-23829.95306669249,340282346638528860000000000000000000000,1575420030,,,,0,,1,48.976600646972656,,,,,,C,
Raw,1697800424999,114891000000,,,-1381835528108726341,0.0,37.23183162610035,,,0,7,0.0,16393,472442929954474,72,18.053110122680664,-1113.328390675776,1.138613527189066,20,-23203.65541694309,340282346638528860000000000000000000000,1575420030,,,,1,,1,48.976600646972656,,,,,,C,
Raw,1697800424999,114891000000,,,-1381835528108726341,0.0,37.23183162610035,,,0,9,0.0,12,472442928677208,1000000000,7.0,-600.5849619254859,299792458,20,-67592.46597350604,340282346638528860000000000000000000000,1575420030,,,,1,,1,48.976600646972656,,,,,,C,
Raw,1697800424999,114891000000,,,-1381835528108726341,0.0,37.23183162610035,,,0,11,0.0,16392,472442927593802,1000000000,15.637290954589844,-886.5591984082571,299792458,20,-6248.5533418124205,340282346638528860000000000000000000000,1575420030,,,,1,,1,48.976600646972656,,,,,,C,
Raw,1697800424999,114891000000,,,-1381835528108726341,0.0,37.23183162610035,,,0,13,0.0,16392,472442915783312,1000000000,19.196731567382812,-1614.6281574941413,299792458,20,-4840.2612356735945,340282346638528860000000000000000000000,1575420030,,,,0,,1,48.976600646972656,,,,,,C,
Raw,1697800424999,114891000000,,,-1381835528108726341,0.0,37.23183162610035,,,0,16,0.0,16392,472442918066214,1000000000,13.213932037353516,-802.8432102653214,299792458,20,-4818.882310470206,340282346638528860000000000000000000000,1575420030,,,,1,,1,48.976600646972656,,,,,,C,
Raw,1697800424999,114891000000,,,-1381835528108726341,0.0,37.23183162610035,,,0,20,0.0,16392,472442927862620,1000000000,15.640974998474121,-1449.2010476307678,299792458,20,-8696.806668372277,340282346638528860000000000000000000000,1575420030,,,,0,,1,48.976600646972656,,,,,,C,
Raw,1697800424999,114891000000,,,-1381835528108726341,0.0,37.23183162610035,,,0,29,0.0,16392,472442913943489,1000000000,17.933664321899414,-947.568840531479,299792458,20,-2845.5516841942112,340282346638528860000000000000000000000,1575420030,,,,0,,1,48.976600646972656,,,,,,C,
Raw,1697800424999,114891000000,,,-1381835528108726341,0.0,37.23183162610035,,,0,30,0.0,16393,472442926691786,123,11.436119079589844,-1482.8308891309553,1.4355852873129553,20,-29253.404754566385,340282346638528860000000000000000000000,1575420030,,,,1,,1,48.976600646972656,,,,,,C,
Raw,1697800424999,114891000000,,,-1381835528108726341,0.0,37.23183162610035,,,0,9,0.0,16392,472442928678545,1000000000,7.0,-725.3146876093629,299792458,20,-171697.83525907737,340282346638528860000000000000000000000,1176450050,,,,0,,1,11.69510269165039,,,,,,Q,
Raw,1697800424999,114891000000,,,-1381835528108726341,0.0,37.23183162610035,,,0,30,0.0,81929,472442926691691,69,20.315120697021484,-1482.4827027551182,1.0363065798890179,20,-85358.749033595,340282346638528860000000000000000000000,1176450050,,,,0,,1,11.69510269165039,,,,,,Q,
Raw,1697800424999,114891000000,,,-1381835528108726341,0.0,37.23183162610035,,,0,10,0.0,16393,240049,129,19.4047794342041,-1623.612156703728,1.0777020531913974,20,-21520.70417129832,340282346638528860000000000000000000000,1598062460,,,,0,,3,61.34906005859375,,,,,,C,
Raw,1697800424999,114891000000,,,-1381835528108726341,0.0,37.23183162610035,,,0,6,0.0,16392,51224920006979,1000000000,14.58985424041748,-388.4057876462516,299792458,20,-1168.9941690832823,340282346638528860000000000000000000000,1599750020,,,,0,,3,61.34906005859375,,,,,,C,
Raw,1697800424999,114891000000,,,-1381835528108726341,0.0,37.23183162610035,,,0,22,0.0,16392,51224920541660,1000000000,17.55985450744629,-169.16598942638234,299792458,20,-506.81017903432513,340282346638528860000000000000000000000,1600312450,,,,0,,3,61.34906005859375,,,,,,C,
Raw,1697800424999,114891000000,,,-1381835528108726341,0.0,37.23183162610035,,,0,9,0.0,227,51224931417973,89,23.938047409057617,-1002.3860411290716,0.874237775825967,20,-112424.38749236272,340282346638528860000000000000000000000,1600875010,,,,0,,3,61.34906005859375,,,,,,C,
Raw,1697800424999,114891000000,,,-1381835528108726341,0.0,37.23183162610035,,,0,16,0.0,16392,51224922178429,1000000000,7.0,-347.21625279456566,299792458,20,-617.0807030236124,340282346638528860000000000000000000000,1601437440,,,,0,,3,61.34906005859375,,,,,,C,
Raw,1697800424999,114891000000,,,-1381835528108726341,0.0,37.23183162610035,,,0,1,0.0,227,51224921005588,105,21.968103408813477,-1585.4132210820926,0.9609510673246588,20,-35566.52651377678,340282346638528860000000000000000000000,1602562560,,,,0,,3,61.34906005859375,,,,,,C,
Raw,1697800424999,114891000000,,,-1381835528108726341,0.0,37.23183162610035,,,0,24,0.0,16393,526657,135,18.816041946411133,-1216.107173906311,1.1035089298070608,20,-7298.935736029364,340282346638528860000000000000000000000,1603124990,,,,1,,3,61.34906005859375,,,,,,C,
Raw,1697800424999,114891000000,,,-1381835528108726341,0.0,37.23183162610035,,,0,23,0.0,16393,60872,189,14.681595802307129,-512.7788404226173,1.2898861140428357,20,-3078.7200026681267,340282346638528860000000000000000000000,1603687550,,,,1,,3,61.34906005859375,,,,,,C,
Raw,1697800424999,114891000000,,,-1381835528108726341,0.0,37.23183162610035,,,0,7,0.0,227,51224932064989,109,21.54930877685547,-695.5184408188611,0.9817731184046696,20,-76384.5893926829,340282346638528860000000000000000000000,1604812540,,,,0,,3,61.34906005859375,,,,,,C,
Raw,1697800424999,114891000000,,,-1381835528108726341,0.0,37.23183162610035,,,0,8,0.0,16392,51224932910419,1000000000,9.18844985961914,-1229.1104490487196,299792458,20,-21788.748941948983,340282346638528860000000000000000000000,1605374980,,,,1,,3,61.34906005859375,,,,,,C,
Raw,1697800424999,114891000000,,,-1381835528108726341,0.0,37.23183162610035,,,0,5,0.0,16392,472428867395070,1000000000,14.116129875183105,-971.2821868116157,299792458,20,-2910.6702370561898,340282346638528860000000000000000000000,1561097980,,,,0,,5,61.93585968017578,,,,,,C,
Raw,1697800424999,114891000000,,,-1381835528108726341,0.0,37.23183162610035,,,0,9,0.0,16392,472428866324861,1000000000,11.377378463745117,-811.6223739112061,299792458,20,-2436.7903007362083,340282346638528860000000000000000000000,1561097980,,,,0,,5,61.93585968017578,,,,,,C,
Raw,1697800424999,114891000000,,,-1381835528108726341,0.0,37.23183162610035,,,0,20,0.0,65583,472428922397091,18,26.560396194458008,-606.9101211254018,0.008123922161757946,17,718327.9006708725,0.004061961080878973,1561097980,,,,0,,5,61.93585968017578,,,,,,C,
Raw,1697800424999,114891000000,,,-1381835528108726341,0.0,37.23183162610035,,,0,22,0.0,16392,472428918000636,1000000000,13.956338882446289,-1465.8675052002482,299792458,20,-4398.517380321513,340282346638528860000000000000000000000,1561097980,,,,0,,5,61.93585968017578,,,,,,C,
Raw,1697800424999,114891000000,,,-1381835528108726341,0.0,37.23183162610035,,,0,35,0.0,16392,472428915396686,1000000000,12.922195434570312,-517.0996779307532,299792458,20,-1557.3400691605475,340282346638528860000000000000000000000,1561097980,,,,0,,5,61.93585968017578,,,,,,C,
Raw,1697800424999,114891000000,,,-1381835528108726341,0.0,37.23183162610035,,,0,36,0.0,16393,472428915665969,23,23.529312133789062,-1632.3293584436542,0.8933822644316978,20,-23143.375959988385,340282346638528860000000000000000000000,1561097980,,,,0,,5,61.93585968017578,,,,,,C,
Raw,1697800424999,114891000000,,,-1381835528108726341,0.0,37.23183162610035,,,0,37,0.0,16392,472428918715263,1000000000,13.442798614501953,-690.161769292084,299792458,20,-2071.0659033154243,340282346638528860000000000000000000000,1561097980,,,,0,,5,61.93585968017578,,,,,,C,
Raw,1697800424999,114891000000,,,-1381835528108726341,0.0,37.23183162610035,,,0,9,0.0,84010,472442910356495,1000000000,21.241649627685547,-550.1937091319455,299792458,20,-1651.643302652224,340282346638528860000000000000000000000,1575420030,,,,0,,6,48.976600646972656,,,,,,C,
Raw,1697800424999,114891000000,,,-1381835528108726341,0.0,37.23183162610035,,,0,13,0.0,84010,472442905813466,1000000000,19.651737213134766,-1463.2593792972966,299792458,20,-4387.458853830434,340282346638528860000000000000000000000,1575420030,,,,0,,6,48.976600646972656,,,,,,C,
Raw,1697800424999,114891000000,,,-1381835528108726341,0.0,37.23183162610035,,,0,24,0.0,85034,472442911298330,32,28.011898040771484,-1383.717381580267,0.006811213679611683,17,-151510.8058264161,0.0034056068398058414,1575420030,,,,0,,6,48.976600646972656,,,,,,C,
Raw,1697800424999,114891000000,,,-1381835528108726341,0.0,37.23183162610035,,,0,25,0.0,84010,472442905496535,1000000000,17.49631118774414,-1547.9871392445684,299792458,20,-4643.61335680704,340282346638528860000000000000000000000,1575420030,,,,0,,6,48.976600646972656,,,,,,C,
Raw,1697800424999,114891000000,,,-1381835528108726341,0.0,37.23183162610035,,,0,31,0.0,84010,472442909929746,1000000000,18.3361759185791,-959.147060001756,299792458,20,-2878.5922847447046,340282346638528860000000000000000000000,1575420030,,,,0,,6,48.976600646972656,,,,,,C,
Raw,1697800424999,114891000000,,,-1381835528108726341,0.0,37.23183162610035,,,0,36,0.0,16392,472442905107908,1000000000,14.712394714355469,-355.89521401827324,299792458,18,-0.733025355096443,340282346638528860000000000000000000000,1575420030,,,,0,,6,48.976600646972656,,,,,,C,
Raw,1697800424999,114891000000,,,-1381835528108726341,0.0,37.23183162610035,,,0,9,0.0,16392,472442910356381,1000000000,16.50747299194336,-551.0091659867103,299792458,20,-1655.1745912840483,340282346638528860000000000000000000000,1176450050,,,,0,,6,11.69510269165039,,,,,,Q,
Raw,1697800424999,114891000000,,,-1381835528108726341,0.0,37.23183162610035,,,0,13,0.0,16392,472442905813296,1000000000,15.190336227416992,-1460.4064050266852,299792458,20,-4386.72104820543,340282346638528860000000000000000000000,1176450050,,,,0,,6,11.69510269165039,,,,,,Q,
Raw,1697800424999,114891000000,,,-1381835528108726341,0.0,37.23183162610035,,,0,24,0.0,16392,472442911298329,1000000000,10.35577392578125,-1381.0593106555825,299792458,20,-364647.07616175513,340282346638528860000000000000000000000,1176450050,,,,1,,6,11.69510269165039,,,,,,Q,
Raw,1697800424999,114891000000,,,-1381835528108726341,0.0,37.23183162610035,,,0,25,0.0,16392,472442905496311,1000000000,15.724477767944336,-1544.6289266384629,299792458,20,-4639.087064488758,340282346638528860000000000000000000000,1176450050,,,,0,,6,11.69510269165039,,,,,,Q,
Raw,1697800424999,114891000000,,,-1381835528108726341,0.0,37.23183162610035,,,0,31,0.0,16392,472442909929602,1000000000,13.122968673706055,-955.8638969649137,299792458,20,-2879.5667905528244,340282346638528860000000000000000000000,1176450050,,,,0,,6,11.69510269165039,,,,,,Q,
Raw,1697800425999,115891000000,,,-1381835528108729620,0.0,36.3275169486087,,,0,4,0.0,16427,472443920634584,101,13.885547637939453,-418.00479926085586,1.3279451678073642,20,-45711.09882792803,340282346638528860000000000000000000000,1575420030,,,,1,,1,49.115211486816406,,,,,,C,
Raw,1697800425999,115891000000,,,-1381835528108729620,0.0,36.3275169486087,,,0,5,0.0,16393,472443918676909,77,17.254993438720703,-1652.180480750626,1.1760729427341463,20,-25482.05646457451,340282346638528860000000000000000000000,1575420030,,,,1,,1,49.115211486816406,,,,,,C,
Raw,1697800425999,115891000000,,,-1381835528108729620,0.0,36.3275169486087,,,0,6,0.0,16392,472443926143105,1000000000,15.03628921508789,-444.82264834074226,299792458,18,-1126.333533863773,340282346638528860000000000000000000000,1575420030,,,,0,,1,49.115211486816406,,,,,,C,
Raw,1697800425999,115891000000,,,-1381835528108729620,0.0,36.3275169486087,,,0,7,0.0,16393,472443929958188,66,18.989843368530273,-1111.4503791564562,1.096490473320682,20,-24316.28321552678,340282346638528860000000000000000000000,1575420030,,,,1,,1,49.115211486816406,,,,,,C,
Raw,1697800425999,115891000000,,,-1381835528108729620,0.0,36.3275169486087,,,0,9,0.0,12,472443928679210,1000000000,7.0,-600.5849619254859,299792458,20,-68193.20949231184,340282346638528860000000000000000000000,1575420030,,,,0,,1,49.115211486816406,,,,,,C,
Raw,1697800425999,115891000000,,,-1381835528108729620,0.0,36.3275169486087,,,0,11,0.0,16392,472443927597043,1000000000,14.960739135742188,-888.4754504437956,299792458,20,-7134.871390590206,340282346638528860000000000000000000000,1575420030,,,,1,,1,49.115211486816406,,,,,,C,
Raw,1697800425999,115891000000,,,-1381835528108729620,0.0,36.3275169486087,,,0,13,0.0,16392,472443915788696,1000000000,18.336524963378906,-1612.9463927594797,299792458,20,-6452.427275667586,340282346638528860000000000000000000000,1575420030,,,,0,,1,49.115211486816406,,,,,,C,
Raw,1697800425999,115891000000,,,-1381835528108729620,0.0,36.3275169486087,,,0,16,0.0,16392,472443918068892,1000000000,12.713554382324219,-801.805672123854,299792458,20,-5621.2226879639875,340282346638528860000000000000000000000,1575420030,,,,1,,1,49.115211486816406,,,,,,C,
Raw,1697800425999,115891000000,,,-1381835528108729620,0.0,36.3275169486087,,,0,20,0.0,16392,472443927867455,1000000000,14.78076457977295,-1448.588790381792,299792458,20,-10147.173664217895,340282346638528860000000000000000000000,1575420030,,,,0,,1,49.115211486816406,,,,,,C,
Raw,1697800425999,115891000000,,,-1381835528108729620,0.0,36.3275169486087,,,0,29,0.0,16392,472443913946655,1000000000,17.07345962524414,-947.3832274732558,299792458,20,-3790.1521834391497,340282346638528860000000000000000000000,1575420030,,,,0,,1,49.115211486816406,,,,,,C,
Raw,1697800425999,115891000000,,,-1381835528108729620,0.0,36.3275169486087,,,0,30,0.0,16393,472443926696799,122,11.442049026489258,-1482.9353177777411,1.4353196837943498,20,-30734.237550442413,340282346638528860000000000000000000000,1575420030,,,,1,,1,49.115211486816406,,,,,,C,
Raw,1697800425999,115891000000,,,-1381835528108729620,0.0,36.3275169486087,,,0,9,0.0,16392,472443928681019,1000000000,7.0,-734.8512997690104,299792458,20,-172439.45237361596,340282346638528860000000000000000000000,1176450050,,,,0,,1,10.724854469299316,,,,,,Q,
Raw,1697800425999,115891000000,,,-1381835528108729620,0.0,36.3275169486087,,,0,30,0.0,81929,472443926696649,62,20.623580932617188,-1482.7895811936496,1.022436351430192,20,-86841.12640846636,340282346638528860000000000000000000000,1176450050,,,,0,,1,10.724854469299316,,,,,,Q,
Raw,1697800425999,115891000000,,,-1381835528108729620,0.0,36.3275169486087,,,0,10,0.0,16393,245487,135,18.855335235595703,-1623.6534646410337,1.1024109022282644,20,-23145.230844066533,340282346638528860000000000000000000000,1598062460,,,,0,,3,63.91412353515625,,,,,,C,
Raw,1697800425999,115891000000,,,-1381835528108729620,0.0,36.3275169486087,,,0,6,0.0,16392,51225920008280,1000000000,13.729652404785156,-388.3144466627705,299792458,20,-1552.537852489248,340282346638528860000000000000000000000,1599750020,,,,0,,3,63.91412353515625,,,,,,C,
Raw,1697800425999,115891000000,,,-1381835528108729620,0.0,36.3275169486087,,,0,97,0.0,16392,51225920542227,1000000000,16.69965171813965,-169.3485861872033,299792458,20,-677.8747924309087,340282346638528860000000000000000000000,1600312450,,,,0,,3,63.91412353515625,,,,,,C,
Raw,1697800425999,115891000000,,,-1381835528108729620,0.0,36.3275169486087,,,0,9,0.0,227,51225931421336,84,24.753467559814453,-1001.8701802793512,0.009754050523042679,17,-113426.25767264207,0.004877025261521339,1600875010,,,,0,,3,63.91412353515625,,,,,,C,
Raw,1697800425999,115891000000,,,-1381835528108729620,0.0,36.3275169486087,,,0,16,0.0,16392,51225922179569,1000000000,7.0,-341.8149332497437,299792458,20,-958.0457833565522,340282346638528860000000000000000000000,1601437440,,,,0,,3,63.91412353515625,,,,,,C,
Raw,1697800425999,115891000000,,,-1381835528108729620,0.0,36.3275169486087,,,0,1,0.0,227,51225921010894,106,21.853160858154297,-1585.2917512070453,0.9661210165157605,20,-37151.5109359261,340282346638528860000000000000000000000,1602562560,,,,0,,3,63.91412353515625,,,,,,C,
Raw,1697800425999,115891000000,,,-1381835528108729620,0.0,36.3275169486087,,,0,24,0.0,16393,530690,142,18.210887908935547,-1216.2669524624898,1.1307227728310565,20,-8515.34199073563,340282346638528860000000000000000000000,1603124990,,,,1,,3,63.91412353515625,,,,,,C,
Raw,1697800425999,115891000000,,,-1381835528108729620,0.0,36.3275169486087,,,0,23,0.0,16392,51225928063134,1000000000,14.130753517150879,-510.9740039374519,299792458,20,-3592.3415894269706,340282346638528860000000000000000000000,1603687550,,,,1,,3,63.91412353515625,,,,,,C,
Raw,1697800425999,115891000000,,,-1381835528108729620,0.0,36.3275169486087,,,0,7,0.0,227,51225932067292,122,21.35546112060547,-695.3884503296831,299.79463852031427,20,-77080.01728652077,340282346638528860000000000000000000000,1604812540,,,,1,,3,63.91412353515625,,,,,,C,
Raw,1697800425999,115891000000,,,-1381835528108729620,0.0,36.3275169486087,,,0,8,0.0,16392,51225932914524,1000000000,8.8204345703125,-1229.0195170547167,299792458,20,-23017.424484398725,340282346638528860000000000000000000000,1605374980,,,,1,,3,63.91412353515625,,,,,,C,
Raw,1697800425999,115891000000,,,-1381835528108729620,0.0,36.3275169486087,,,0,5,0.0,16392,472429867398310,1000000000,17.608516693115234,-970.6093309549424,299792458,20,-3881.87083652908,340282346638528860000000000000000000000,1561097980,,,,0,,5,61.848121643066406,,,,,,C,
Raw,1697800425999,115891000000,,,-1381835528108729620,0.0,36.3275169486087,,,0,9,0.0,16392,472429866327570,1000000000,7.0,-809.3762036965268,299792458,20,-3244.063799787098,340282346638528860000000000000000000000,1561097980,,,,0,,5,61.848121643066406,,,,,,C,
Raw,1697800425999,115891000000,,,-1381835528108729620,0.0,36.3275169486087,,,0,19,0.0,16392,472429926414660,1000000000,7.0,-1062.6799516653145,299792458,18,-12.667275376217983,340282346638528860000000000000000000000,1561097980,,,,0,,5,61.848121643066406,,,,,,C,
Raw,1697800425999,115891000000,,,-1381835528108729620,0.0,36.3275169486087,,,0,20,0.0,65583,472429922399112,18,26.095703125,-607.033447163878,0.008570387959480286,17,717720.8672237087,0.004285193979740143,1561097980,,,,0,,5,61.848121643066406,,,,,,C,
Raw,1697800425999,115891000000,,,-1381835528108729620,0.0,36.3275169486087,,,0,22,0.0,16392,472429918005527,1000000000,8.90485954284668,-1465.8675052002482,299792458,20,-5862.395450098723,340282346638528860000000000000000000000,1561097980,,,,0,,5,61.848121643066406,,,,,,C,
Raw,1697800425999,115891000000,,,-1381835528108729620,0.0,36.3275169486087,,,0,35,0.0,16392,472429915398383,1000000000,14.329421997070312,-517.2827688871937,299792458,20,-2066.167651454039,340282346638528860000000000000000000000,1561097980,,,,0,,5,61.848121643066406,,,,,,C,
Raw,1697800425999,115891000000,,,-1381835528108729620,0.0,36.3275169486087,,,0,36,0.0,16393,472429915671427,22,23.97442626953125,-1632.2052983019112,0.8733670090021879,20,-24775.32386530256,340282346638528860000000000000000000000,1561097980,,,,0,,5,61.848121643066406,,,,,,C,
Raw,1697800425999,115891000000,,,-1381835528108729620,0.0,36.3275169486087,,,0,37,0.0,16392,472429918717567,1000000000,11.288789749145508,-692.7264059805125,299792458,20,-2761.1714853578333,340282346638528860000000000000000000000,1561097980,,,,0,,5,61.848121643066406,,,,,,C,
Raw,1697800425999,115891000000,,,-1381835528108729620,0.0,36.3275169486087,,,0,3,0.0,16392,472443917429305,1000000000,7.0,-1278.5865878846225,299792458,18,-2.357934688539708,340282346638528860000000000000000000000,1575420030,,,,0,,6,49.115211486816406,,,,,,C,
Raw,1697800425999,115891000000,,,-1381835528108729620,0.0,36.3275169486087,,,0,9,0.0,84010,472443910358336,1000000000,20.535903930664062,-551.3069103268936,299792458,20,-2205.754705390098,340282346638528860000000000000000000000,1575420030,,,,1,,6,49.115211486816406,,,,,,C,
Raw,1697800425999,115891000000,,,-1381835528108729620,0.0,36.3275169486087,,,0,13,0.0,84010,472443905818347,1000000000,18.946788787841797,-1462.2058224012635,299792458,20,-5849.193342057924,340282346638528860000000000000000000000,1575420030,,,,0,,6,49.115211486816406,,,,,,C,
Raw,1697800425999,115891000000,,,-1381835528108729620,0.0,36.3275169486087,,,0,15,0.0,16392,472443916351639,1000000000,13.951777458190918,-1031.669142454166,299792458,18,-8.075508142320677,340282346638528860000000000000000000000,1575420030,,,,0,,6,49.115211486816406,,,,,,C,
Raw,1697800425999,115891000000,,,-1381835528108729620,0.0,36.3275169486087,,,0,24,0.0,85034,472443911302944,32,28.03024673461914,-1383.85266409209,0.006796840112656355,17,-152894.65849050818,0.0033984200563281775,1575420030,,,,0,,6,49.115211486816406,,,,,,C,
Raw,1697800425999,115891000000,,,-1381835528108729620,0.0,36.3275169486087,,,0,25,0.0,84010,472443905501698,1000000000,16.6361026763916,-1546.277290565732,299792458,20,-6185.857322766926,340282346638528860000000000000000000000,1575420030,,,,0,,6,49.115211486816406,,,,,,C,
Raw,1697800425999,115891000000,,,-1381835528108729620,0.0,36.3275169486087,,,0,31,0.0,16392,472443909932936,1000000000,7.0,-959.2647808065858,299792458,18,-960.373136739827,340282346638528860000000000000000000000,1575420030,,,,0,,6,49.115211486816406,,,,,,C,
Raw,1697800425999,115891000000,,,-1381835528108729620,0.0,36.3275169486087,,,0,34,0.0,16392,472443916003990,1000000000,7.0,-518.7121871137604,299792458,18,-4.144279373851258,340282346638528860000000000000000000000,1575420030,,,,0,,6,49.115211486816406,,,,,,C,
Raw,1697800425999,115891000000,,,-1381835528108729620,0.0,36.3275169486087,,,0,36,0.0,84010,472443905109034,1000000000,20.37879753112793,-355.8953503480993,299792458,20,-285.5877576698801,340282346638528860000000000000000000000,1575420030,,,,0,,6,49.115211486816406,,,,,,C,
Raw,1697800425999,115891000000,,,-1381835528108729620,0.0,36.3275169486087,,,0,9,0.0,16392,472443910358238,1000000000,12.501251220703125,-552.4027635514715,299792458,20,-2207.272925467265,340282346638528860000000000000000000000,1176450050,,,,0,,6,10.724854469299316,,,,,,Q,
Raw,1697800425999,115891000000,,,-1381835528108729620,0.0,36.3275169486087,,,0,13,0.0,16392,472443905818172,1000000000,10.13884162902832,-1456.1286477435942,299792458,20,-5848.537629023647,340282346638528860000000000000000000000,1176450050,,,,0,,6,10.724854469299316,,,,,,Q,
Raw,1697800425999,115891000000,,,-1381835528108729620,0.0,36.3275169486087,,,0,24,0.0,16392,472443911302907,1000000000,8.37214469909668,-1381.2534443279364,299792458,20,-366031.5228818387,340282346638528860000000000000000000000,1176450050,,,,0,,6,10.724854469299316,,,,,,Q,
Raw,1697800425999,115891000000,,,-1381835528108729620,0.0,36.3275169486087,,,0,25,0.0,16392,472443905501469,1000000000,11.606151580810547,-1543.3419730801616,299792458,20,-6186.40262687254,340282346638528860000000000000000000000,1176450050,,,,0,,6,10.724854469299316,,,,,,Q,
Raw,1697800425999,115891000000,,,-1381835528108729620,0.0,36.3275169486087,,,0,36,0.0,16392,472443905108875,1000000000,18.990554809570312,-355.51332009293515,299792458,22,-2132.3492457107723,340282346638528860000000000000000000000,1176450050,,,,0,,6,10.724854469299316,,,,,,Q,
Raw,1697800426999,116891000000,,,-1381835528108732899,0.0,35.34097362677672,,,0,4,0.0,16427,472444920635953,103,13.64693832397461,-417.79710077080586,1.3386754168244304,20,-46128.67365618968,340282346638528860000000000000000000000,1575420030,,,,1,,1,49.115211486816406,,,,,,C,
Raw,1697800426999,116891000000,,,-1381835528108732899,0.0,35.34097362677672,,,0,5,0.0,16393,472444918682402,72,18.01072120666504,-1651.4357109106895,1.1420896714852011,20,-27135.08736924887,340282346638528860000000000000000000000,1575420030,,,,0,,1,49.115211486816406,,,,,,C,
Raw,1697800426999,116891000000,,,-1381835528108732899,0.0,35.34097362677672,,,0,6,0.0,16392,472444926144592,1000000000,16.527385711669922,-445.3795897627815,299792458,18,-1126.3472998612783,340282346638528860000000000000000000000,1575420030,,,,0,,1,49.115211486816406,,,,,,C,
Raw,1697800426999,116891000000,,,-1381835528108732899,0.0,35.34097362677672,,,0,7,0.0,16393,472444929961885,63,19.689176559448242,-1111.5405613364155,1.0650428170158976,20,-25428.838324373282,340282346638528860000000000000000000000,1575420030,,,,0,,1,49.115211486816406,,,,,,C,
Raw,1697800426999,116891000000,,,-1381835528108732899,0.0,35.34097362677672,,,0,9,0.0,12,472444928681217,1000000000,7.0,-600.7705749837091,299792458,20,-68794.5680084015,340282346638528860000000000000000000000,1575420030,,,,1,,1,49.115211486816406,,,,,,C,
Raw,1697800426999,116891000000,,,-1381835528108732899,0.0,35.34097362677672,,,0,11,0.0,16392,472444927599976,1000000000,14.221211433410645,-884.579348508847,299792458,20,-8022.472797926504,340282346638528860000000000000000000000,1575420030,,,,1,,1,49.115211486816406,,,,,,C,
Raw,1697800426999,116891000000,,,-1381835528108732899,0.0,35.34097362677672,,,0,13,0.0,16392,472444915794087,1000000000,17.476316452026367,-1613.132073982616,299792458,20,-8066.182159909633,340282346638528860000000000000000000000,1575420030,,,,1,,1,49.115211486816406,,,,,,C,
Raw,1697800426999,116891000000,,,-1381835528108732899,0.0,35.34097362677672,,,0,16,0.0,16392,472444918071569,1000000000,12.005626678466797,-802.5477153672687,299792458,20,-6424.0355312866905,340282346638528860000000000000000000000,1575420030,,,,1,,1,49.115211486816406,,,,,,C,
Raw,1697800426999,116891000000,,,-1381835528108732899,0.0,35.34097362677672,,,0,20,0.0,16392,472444927872294,1000000000,13.920553207397461,-1449.377594755556,299792458,20,-11596.976157036353,340282346638528860000000000000000000000,1575420030,,,,0,,1,49.115211486816406,,,,,,C,
Raw,1697800426999,116891000000,,,-1381835528108732899,0.0,35.34097362677672,,,0,29,0.0,16392,472444913949818,1000000000,16.213247299194336,-947.568840531479,299792458,20,-4737.3515050138185,340282346638528860000000000000000000000,1575420030,,,,1,,1,49.115211486816406,,,,,,C,
Raw,1697800426999,116891000000,,,-1381835528108732899,0.0,35.34097362677672,,,0,30,0.0,16393,472444926701812,126,11.105422973632812,-1482.9856234835688,1.4504581524126925,20,-32215.89318641401,340282346638528860000000000000000000000,1575420030,,,,1,,1,49.115211486816406,,,,,,C,
Raw,1697800426999,116891000000,,,-1381835528108732899,0.0,35.34097362677672,,,0,9,0.0,16392,472444928681161,1000000000,7.0,-744.387911928658,299792458,20,-173030.10555815225,340282346638528860000000000000000000000,1176450050,,,,1,,1,8.884800910949707,,,,,,Q,
Raw,1697800426999,116891000000,,,-1381835528108732899,0.0,35.34097362677672,,,0,30,0.0,81929,472444926701604,63,20.64056968688965,-1483.1046394217465,1.0216732904944088,20,-88323.53733308203,340282346638528860000000000000000000000,1176450050,,,,0,,1,8.884800910949707,,,,,,Q,
Raw,1697800426999,116891000000,,,-1381835528108732899,0.0,35.34097362677672,,,0,10,0.0,16393,250676,134,18.932453155517578,-1623.6801852869476,1.098943944219239,20,-24769.776850368347,340282346638528860000000000000000000000,1598062460,,,,0,,3,61.584014892578125,,,,,,C,
Raw,1697800426999,116891000000,,,-1381835528108732899,0.0,35.34097362677672,,,0,6,0.0,16392,51226920009581,1000000000,12.869438171386719,-388.67974243178196,299792458,20,-1941.7254568176882,340282346638528860000000000000000000000,1599750020,,,,1,,3,61.584014892578125,,,,,,C,
Raw,1697800426999,116891000000,,,-1381835528108732899,0.0,35.34097362677672,,,0,97,0.0,16392,51226920542803,1000000000,7.0,-169.62245576659234,299792458,22,-308.1940858339529,340282346638528860000000000000000000000,1600312450,,,,0,,3,61.584014892578125,,,,,,C,
Raw,1697800426999,116891000000,,,-1381835528108732899,0.0,35.34097362677672,,,0,9,0.0,227,51226931424636,87,24.306127548217773,-1001.5308441300012,0.8576868822808645,20,-114428.09943408363,340282346638528860000000000000000000000,1600875010,,,,0,,3,61.584014892578125,,,,,,C,
Raw,1697800426999,116891000000,,,-1381835528108732899,0.0,35.34097362677672,,,0,16,0.0,16392,51226922180717,1000000000,8.091020584106445,-342.0886153756219,299792458,20,-1300.4268707313217,340282346638528860000000000000000000000,1601437440,,,,0,,3,61.584014892578125,,,,,,C,
Raw,1697800426999,116891000000,,,-1381835528108732899,0.0,35.34097362677672,,,0,1,0.0,227,51226921016149,104,22.10971450805664,-1585.6351660389691,0.9545849703576619,20,-38736.59336021526,340282346638528860000000000000000000000,1602562560,,,,0,,3,61.584014892578125,,,,,,C,
Raw,1697800426999,116891000000,,,-1381835528108732899,0.0,35.34097362677672,,,0,24,0.0,16392,51226925534677,1000000000,17.464555740356445,-1216.953100477207,299792458,20,-9732.142166750433,340282346638528860000000000000000000000,1603124990,,,,0,,3,61.584014892578125,,,,,,C,
Raw,1697800426999,116891000000,,,-1381835528108732899,0.0,35.34097362677672,,,0,23,0.0,16392,51226928064848,1000000000,13.349264144897461,-512.8954365063819,299792458,20,-4107.6375276800145,340282346638528860000000000000000000000,1603687550,,,,1,,3,61.584014892578125,,,,,,C,
Raw,1697800426999,116891000000,,,-1381835528108732899,0.0,35.34097362677672,,,0,7,0.0,227,51226932069639,121,20.19365692138672,-695.3024262094195,1.0427361154909098,20,-77775.84335080895,340282346638528860000000000000000000000,1604812540,,,,0,,3,61.584014892578125,,,,,,C,
Raw,1697800426999,116891000000,,,-1381835528108732899,0.0,35.34097362677672,,,0,8,0.0,16392,51226932918840,1000000000,8.60467529296875,-1229.2015173725486,299792458,20,-24247.79252632734,340282346638528860000000000000000000000,1605374980,,,,1,,3,61.584014892578125,,,,,,C,
Raw,1697800426999,116891000000,,,-1381835528108732899,0.0,35.34097362677672,,,0,5,0.0,16392,472430867401550,1000000000,12.55702018737793,-970.7667237391647,299792458,20,-4853.450691308459,340282346638528860000000000000000000000,1561097980,,,,1,,5,61.833412170410156,,,,,,C,
Raw,1697800426999,116891000000,,,-1381835528108732899,0.0,35.34097362677672,,,0,9,0.0,16392,472430866330278,1000000000,7.929162979125977,-812.0083918137834,299792458,20,-4056.139866937635,340282346638528860000000000000000000000,1561097980,,,,1,,5,61.833412170410156,,,,,,C,
Raw,1697800426999,116891000000,,,-1381835528108732899,0.0,35.34097362677672,,,0,19,0.0,16392,472430926418206,1000000000,7.0,-1063.0546541923263,299792458,18,-12.69444662099597,340282346638528860000000000000000000000,1561097980,,,,0,,5,61.833412170410156,,,,,,C,
Raw,1697800426999,116891000000,,,-1381835528108732899,0.0,35.34097362677672,,,0,20,0.0,65583,472430922401136,18,26.265830993652344,-607.1307119330157,0.008404155261814594,17,717113.7365117756,0.004202077630907297,1561097980,,,,0,,5,61.833412170410156,,,,,,C,
Raw,1697800426999,116891000000,,,-1381835528108732899,0.0,35.34097362677672,,,0,22,0.0,16392,472430918010425,1000000000,8.383628845214844,-1465.8679141897264,299792458,20,-7328.849030880571,340282346638528860000000000000000000000,1561097980,,,,0,,5,61.833412170410156,,,,,,C,
Raw,1697800426999,116891000000,,,-1381835528108732899,0.0,35.34097362677672,,,0,35,0.0,16392,472430915400100,1000000000,10.545965194702148,-517.8315305196675,299792458,20,-2585.332293284119,340282346638528860000000000000000000000,1561097980,,,,0,,5,61.833412170410156,,,,,,C,
Raw,1697800426999,116891000000,,,-1381835528108732899,0.0,35.34097362677672,,,0,36,0.0,16393,472430915676865,23,23.19041633605957,-1632.1233640764303,0.9086240454963752,20,-26407.37728988683,340282346638528860000000000000000000000,1561097980,,,,0,,5,61.833412170410156,,,,,,C,
Raw,1697800426999,116891000000,,,-1381835528108732899,0.0,35.34097362677672,,,0,37,0.0,16392,472430918719871,1000000000,10.93504524230957,-690.4749870675287,299792458,20,-3451.1465222748097,340282346638528860000000000000000000000,1561097980,,,,1,,5,61.833412170410156,,,,,,C,
Raw,1697800426999,116891000000,,,-1381835528108732899,0.0,35.34097362677672,,,0,3,0.0,16392,472444917433576,1000000000,7.0,-1279.1434952242053,299792458,18,-2.388473619168038,340282346638528860000000000000000000000,1575420030,,,,0,,6,49.115211486816406,,,,,,C,
Raw,1697800426999,116891000000,,,-1381835528108732899,0.0,35.34097362677672,,,0,9,0.0,84010,472444910360179,1000000000,19.751419067382812,-551.7600706688208,299792458,20,-2758.9480020123256,340282346638528860000000000000000000000,1575420030,,,,1,,6,49.115211486816406,,,,,,C,
Raw,1697800426999,116891000000,,,-1381835528108732899,0.0,35.34097362677672,,,0,13,0.0,84010,472444905823232,1000000000,18.41227149963379,-1462.388913357704,299792458,20,-7312.022916876196,340282346638528860000000000000000000000,1575420030,,,,1,,6,49.115211486816406,,,,,,C,
Raw,1697800426999,116891000000,,,-1381835528108732899,0.0,35.34097362677672,,,0,15,0.0,16392,472444916355085,1000000000,7.0,-1032.0405049004385,299792458,18,-8.101189033258526,340282346638528860000000000000000000000,1575420030,,,,0,,6,49.115211486816406,,,,,,C,
Raw,1697800426999,116891000000,,,-1381835528108732899,0.0,35.34097362677672,,,0,24,0.0,85034,472444911307558,32,28.077816009521484,-1383.9239274968277,0.006759718060493469,17,-154278.582418005,0.0033798590302467346,1575420030,,,,0,,6,49.115211486816406,,,,,,C,
Raw,1697800426999,116891000000,,,-1381835528108732899,0.0,35.34097362677672,,,0,25,0.0,84010,472444905506859,1000000000,16.100658416748047,-1546.7534906482688,299792458,20,-7732.6271131798885,340282346638528860000000000000000000000,1575420030,,,,0,,6,49.115211486816406,,,,,,C,
Raw,1697800426999,116891000000,,,-1381835528108732899,0.0,35.34097362677672,,,0,31,0.0,16392,472444909936138,1000000000,7.0,-959.6360750879453,299792458,18,-960.3960033485522,340282346638528860000000000000000000000,1575420030,,,,0,,6,49.115211486816406,,,,,,C,
Raw,1697800426999,116891000000,,,-1381835528108732899,0.0,35.34097362677672,,,0,34,0.0,16392,472444916005726,1000000000,16.52812385559082,-519.4548097589359,299792458,18,-4.1594023822770705,340282346638528860000000000000000000000,1575420030,,,,0,,6,49.115211486816406,,,,,,C,
Raw,1697800426999,116891000000,,,-1381835528108732899,0.0,35.34097362677672,,,0,36,0.0,84010,472444905110222,1000000000,19.63899803161621,-355.8953503480993,299792458,20,-642.6883305215468,340282346638528860000000000000000000000,1575420030,,,,0,,6,49.115211486816406,,,,,,C,
Raw,1697800426999,116891000000,,,-1381835528108732899,0.0,35.34097362677672,,,0,9,0.0,16392,472444910360125,1000000000,16.345069885253906,-552.098032307701,299792458,20,-2759.5226014080754,340282346638528860000000000000000000000,1176450050,,,,0,,6,8.884800910949707,,,,,,Q,
Raw,1697800426999,116891000000,,,-1381835528108732899,0.0,35.34097362677672,,,0,13,0.0,16392,472444905823048,1000000000,8.167028427124023,-1461.838958839252,299792458,20,-7310.404798055908,340282346638528860000000000000000000000,1176450050,,,,1,,6,8.884800910949707,,,,,,Q,
Raw,1697800426999,116891000000,,,-1381835528108732899,0.0,35.34097362677672,,,0,24,0.0,16392,472444911307447,1000000000,7.0,-1380.3067700155589,299792458,20,-367406.44935116323,340282346638528860000000000000000000000,1176450050,,,,1,,6,8.884800910949707,,,,,,Q,
Raw,1697800426999,116891000000,,,-1381835528108732899,0.0,35.34097362677672,,,0,25,0.0,16392,472444905506615,1000000000,10.040727615356445,-1544.9153556030806,299792458,20,-7734.40646035074,340282346638528860000000000000000000000,1176450050,,,,1,,6,8.884800910949707,,,,,,Q,
Raw,1697800426999,116891000000,,,-1381835528108732899,0.0,35.34097362677672,,,0,36,0.0,16392,472444905110071,1000000000,14.781883239746094,-351.4927831092218,299792458,20,-2490.873566581945,340282346638528860000000000000000000000,1176450050,,,,0,,6,8.884800910949707,,,,,,Q,
Raw,1697800427999,117891000000,,,-1381835528108736176,0.0,34.50260346540462,,,0,4,0.0,16427,472445920637366,102,13.74894905090332,-417.489540683144,1.334088397461005,20,-46547.15783050817,340282346638528860000000000000000000000,1575420030,,,,1,,1,49.115211486816406,,,,,,C,
Raw,1697800427999,117891000000,,,-1381835528108736176,0.0,34.50260346540462,,,0,5,0.0,16393,472445918687867,75,17.55187225341797,-1651.040627074677,1.162724601890826,20,-28787.281416421112,340282346638528860000000000000000000000,1575420030,,,,0,,1,49.115211486816406,,,,,,C,
Raw,1697800427999,117891000000,,,-1381835528108736176,0.0,34.50260346540462,,,0,6,0.0,16392,472445926146083,1000000000,18.875667572021484,-445.750884044141,299792458,18,-1126.332090760132,340282346638528860000000000000000000000,1575420030,,,,0,,1,49.115211486816406,,,,,,C,
Raw,1697800427999,117891000000,,,-1381835528108736176,0.0,34.50260346540462,,,0,7,0.0,16393,472445929965573,65,19.187530517578125,-1112.7144293039742,1.0876020083018054,20,-26541.387598757225,340282346638528860000000000000000000000,1575420030,,,,0,,1,49.115211486816406,,,,,,C,
Raw,1697800427999,117891000000,,,-1381835528108736176,0.0,34.50260346540462,,,0,9,0.0,12,472445928683218,1000000000,7.502376556396484,-601.3275504882049,299792458,20,-69395.24841130071,340282346638528860000000000000000000000,1575420030,,,,0,,1,49.115211486816406,,,,,,C,
Raw,1697800427999,117891000000,,,-1381835528108736176,0.0,34.50260346540462,,,0,11,0.0,16392,472445927602921,1000000000,13.505680084228516,-888.5534992692328,299792458,20,-8908.936941908656,340282346638528860000000000000000000000,1575420030,,,,1,,1,49.115211486816406,,,,,,C,
Raw,1697800427999,117891000000,,,-1381835528108736176,0.0,34.50260346540462,,,0,13,0.0,16392,472445915799480,1000000000,7.0,-1613.874662545335,299792458,22,-2929.6162694666573,340282346638528860000000000000000000000,1575420030,,,,0,,1,49.115211486816406,,,,,,C,
Raw,1697800427999,117891000000,,,-1381835528108736176,0.0,34.50260346540462,,,0,16,0.0,16392,472445918074242,1000000000,11.250408172607422,-801.9274146585535,299792458,20,-7227.019505326173,340282346638528860000000000000000000000,1575420030,,,,1,,1,49.115211486816406,,,,,,C,
Raw,1697800427999,117891000000,,,-1381835528108736176,0.0,34.50260346540462,,,0,20,0.0,16392,472445927877134,1000000000,13.353775024414062,-1449.7402320929586,299792458,20,-13047.03123905643,340282346638528860000000000000000000000,1575420030,,,,0,,1,49.115211486816406,,,,,,C,
Raw,1697800427999,117891000000,,,-1381835528108736176,0.0,34.50260346540462,,,0,29,0.0,16392,472445913952981,1000000000,15.49072265625,-947.7365943824843,299792458,20,-5685.58337326919,340282346638528860000000000000000000000,1575420030,,,,1,,1,49.115211486816406,,,,,,C,
Raw,1697800427999,117891000000,,,-1381835528108736176,0.0,34.50260346540462,,,0,30,0.0,16393,472445926706668,131,10.623420715332031,-1481.4534125681294,1.4721340622228167,20,-33699.54935733941,340282346638528860000000000000000000000,1575420030,,,,1,,1,49.115211486816406,,,,,,C,
Raw,1697800427999,117891000000,,,-1381835528108736176,0.0,34.50260346540462,,,0,9,0.0,16392,472445928683165,1000000000,7.0,-633.4883017824332,299792458,20,-173630.8757261465,340282346638528860000000000000000000000,1176450050,,,,1,,1,8.06670093536377,,,,,,Q,
Raw,1697800427999,117891000000,,,-1381835528108736176,0.0,34.50260346540462,,,0,30,0.0,81929,472445926706547,68,19.95612335205078,-1483.620920473154,1.0524529439648056,20,-89806.00693739462,340282346638528860000000000000000000000,1176450050,,,,0,,1,8.06670093536377,,,,,,Q,
Raw,1697800427999,117891000000,,,-1381835528108736176,0.0,34.50260346540462,,,0,10,0.0,16393,256183,125,19.779781341552734,-1623.2881007071092,1.060841621711078,20,-26393.516643344097,340282346638528860000000000000000000000,1598062460,,,,0,,3,61.30692672729492,,,,,,C,
Raw,1697800427999,117891000000,,,-1381835528108736176,0.0,34.50260346540462,,,0,6,0.0,16392,51227920010873,1000000000,12.009218215942383,-389.2277201677557,299792458,20,-2331.0735414403653,340282346638528860000000000000000000000,1599750020,,,,1,,3,61.30692672729492,,,,,,C,
Raw,1697800427999,117891000000,,,-1381835528108736176,0.0,34.50260346540462,,,0,97,0.0,16392,51227920543377,1000000000,9.786685943603516,-170.35280872741964,299792458,20,-479.5911642910515,340282346638528860000000000000000000000,1600312450,,,,0,,3,61.30692672729492,,,,,,C,
Raw,1697800427999,117891000000,,,-1381835528108736176,0.0,34.50260346540462,,,0,9,0.0,227,51227931428018,85,24.600399017333984,-1001.8374499088804,0.8444545016704792,20,-115429.88682758703,340282346638528860000000000000000000000,1600875010,,,,0,,3,61.30692672729492,,,,,,C,
Raw,1697800427999,117891000000,,,-1381835528108736176,0.0,34.50260346540462,,,0,16,0.0,16392,51227922181848,1000000000,7.3920135498046875,-342.38111101750064,299792458,20,-1643.0088077271894,340282346638528860000000000000000000000,1601437440,,,,1,,3,61.30692672729492,,,,,,C,
Raw,1697800427999,117891000000,,,-1381835528108736176,0.0,34.50260346540462,,,0,1,0.0,227,51227921021506,107,21.663991928100586,-1585.531691700966,0.9746294488309482,20,-40321.75303784541,340282346638528860000000000000000000000,1602562560,,,,0,,3,61.30692672729492,,,,,,C,
Raw,1697800427999,117891000000,,,-1381835528108736176,0.0,34.50260346540462,,,0,24,0.0,16392,51227925538737,1000000000,16.604354858398438,-1214.3003947211237,299792458,20,-10949.851414297176,340282346638528860000000000000000000000,1603124990,,,,1,,3,61.30692672729492,,,,,,C,
Raw,1697800427999,117891000000,,,-1381835528108736176,0.0,34.50260346540462,,,0,23,0.0,16392,51227928066570,1000000000,12.607481002807617,-513.1948849693913,299792458,20,-4622.377848585196,340282346638528860000000000000000000000,1603687550,,,,1,,3,61.30692672729492,,,,,,C,
Raw,1697800427999,117891000000,,,-1381835528108736176,0.0,34.50260346540462,,,0,7,0.0,227,51227932072039,128,19.508132934570312,-696.2958616521464,1.0735638305503876,20,-78471.11547333428,340282346638528860000000000000000000000,1604812540,,,,0,,3,61.30692672729492,,,,,,C,
Raw,1697800427999,117891000000,,,-1381835528108736176,0.0,34.50260346540462,,,0,8,0.0,16392,51227932923144,1000000000,8.507587432861328,-1229.656450002215,299792458,20,-25476.821069945698,340282346638528860000000000000000000000,1605374980,,,,1,,3,61.30692672729492,,,,,,C,
Raw,1697800427999,117891000000,,,-1381835528108736176,0.0,34.50260346540462,,,0,5,0.0,16392,472431867404792,1000000000,13.755287170410156,-971.6866092407154,299792458,20,-5825.243014144884,340282346638528860000000000000000000000,1561097980,,,,1,,5,61.87746810913086,,,,,,C,
Raw,1697800427999,117891000000,,,-1381835528108736176,0.0,34.50260346540462,,,0,9,0.0,16392,472431866332984,1000000000,7.0,-812.3717789652296,299792458,20,-4869.185210054981,340282346638528860000000000000000000000,1561097980,,,,1,,5,61.87746810913086,,,,,,C,
Raw,1697800427999,117891000000,,,-1381835528108736176,0.0,34.50260346540462,,,0,19,0.0,16392,472431926421751,1000000000,7.0,-1063.429356719338,299792458,18,-12.655106874166687,340282346638528860000000000000000000000,1561097980,,,,0,,5,61.87746810913086,,,,,,C,
Raw,1697800427999,117891000000,,,-1381835528108736176,0.0,34.50260346540462,,,0,20,0.0,65583,472431922403159,19,25.61721420288086,-607.1930730908675,0.7971060480518459,20,716506.5172879125,340282346638528860000000000000000000000,1561097980,,,,0,,5,61.87746810913086,,,,,,C,
Raw,1697800427999,117891000000,,,-1381835528108736176,0.0,34.50260346540462,,,0,22,0.0,16392,472431918015320,1000000000,8.348798751831055,-1466.0760898341678,299792458,20,-8795.960892293331,340282346638528860000000000000000000000,1561097980,,,,0,,5,61.87746810913086,,,,,,C,
Raw,1697800427999,117891000000,,,-1381835528108736176,0.0,34.50260346540462,,,0,35,0.0,16392,472431915401855,1000000000,11.122482299804688,-519.2596195304297,299792458,20,-3102.988955524376,340282346638528860000000000000000000000,1561097980,,,,0,,5,61.87746810913086,,,,,,C,
Raw,1697800427999,117891000000,,,-1381835528108736176,0.0,34.50260346540462,,,0,36,0.0,16393,472431915682304,24,22.921438217163086,-1632.7559344694937,0.920720654870057,20,-28039.54415561346,340282346638528860000000000000000000000,1561097980,,,,0,,5,61.87746810913086,,,,,,C,
Raw,1697800427999,117891000000,,,-1381835528108736176,0.0,34.50260346540462,,,0,37,0.0,16392,472431918722172,1000000000,7.561603546142578,-690.965501781805,299792458,20,-4142.064255291853,340282346638528860000000000000000000000,1561097980,,,,1,,5,61.87746810913086,,,,,,C,
Raw,1697800427999,117891000000,,,-1381835528108736176,0.0,34.50260346540462,,,0,3,0.0,16392,472445917437847,1000000000,17.75166893005371,-1279.700538893614,299792458,18,-2.4190388011679587,340282346638528860000000000000000000000,1575420030,,,,0,,6,49.115211486816406,,,,,,C,
Raw,1697800427999,117891000000,,,-1381835528108736176,0.0,34.50260346540462,,,0,9,0.0,84010,472445910362016,1000000000,19.127086639404297,-552.3464252508393,299792458,20,-3311.020889140994,340282346638528860000000000000000000000,1575420030,,,,1,,6,49.115211486816406,,,,,,C,
Raw,1697800427999,117891000000,,,-1381835528108736176,0.0,34.50260346540462,,,0,13,0.0,84010,472445905828109,1000000000,17.552064895629883,-1462.9006955248506,299792458,20,-8775.035325022012,340282346638528860000000000000000000000,1575420030,,,,1,,6,49.115211486816406,,,,,,C,
Raw,1697800427999,117891000000,,,-1381835528108736176,0.0,34.50260346540462,,,0,15,0.0,16392,472445916358531,1000000000,19.69599723815918,-1032.5974804049342,299792458,18,-8.063028820587286,340282346638528860000000000000000000000,1575420030,,,,0,,6,49.115211486816406,,,,,,C,
Raw,1697800427999,117891000000,,,-1381835528108736176,0.0,34.50260346540462,,,0,24,0.0,85034,472445911312174,31,28.27022361755371,-1383.994193217135,0.006611626595258713,17,-155662.57661122215,0.0033058132976293564,1575420030,,,,0,,6,49.115211486816406,,,,,,C,
Raw,1697800427999,117891000000,,,-1381835528108736176,0.0,34.50260346540462,,,0,25,0.0,84010,472445905512026,1000000000,15.597209930419922,-1547.5743325311641,299792458,20,-9280.492262906679,340282346638528860000000000000000000000,1575420030,,,,0,,6,49.115211486816406,,,,,,C,
Raw,1697800427999,117891000000,,,-1381835528108736176,0.0,34.50260346540462,,,0,31,0.0,16392,472445909939334,1000000000,14.139498710632324,-959.8217563110816,299792458,18,-960.4187021215195,340282346638528860000000000000000000000,1575420030,,,,0,,6,49.115211486816406,,,,,,C,
Raw,1697800427999,117891000000,,,-1381835528108736176,0.0,34.50260346540462,,,0,34,0.0,16392,472445916007465,1000000000,9.932230949401855,-519.8261040402954,299792458,18,-4.140553851119123,340282346638528860000000000000000000000,1575420030,,,,0,,6,49.115211486816406,,,,,,C,
Raw,1697800427999,117891000000,,,-1381835528108736176,0.0,34.50260346540462,,,0,36,0.0,84010,472445905111498,1000000000,18.826047897338867,-354.61920092851574,299792458,20,-1001.5252161671627,340282346638528860000000000000000000000,1575420030,,,,0,,6,49.115211486816406,,,,,,C,
Raw,1697800427999,117891000000,,,-1381835528108736176,0.0,34.50260346540462,,,0,9,0.0,16392,472445910361942,1000000000,23.076969146728516,-551.6240816672948,299792458,20,-3312.275723530747,340282346638528860000000000000000000000,1176450050,,,,0,,6,8.06670093536377,,,,,,Q,
Raw,1697800427999,117891000000,,,-1381835528108736176,0.0,34.50260346540462,,,0,13,0.0,16392,472445905827945,1000000000,7.0,-1461.8341872953388,299792458,20,-8773.570796642254,340282346638528860000000000000000000000,1176450050,,,,1,,6,8.06670093536377,,,,,,Q,
Raw,1697800427999,117891000000,,,-1381835528108736176,0.0,34.50260346540462,,,0,24,0.0,16392,472445911312145,1000000000,7.0,-1374.1398903323216,299792458,20,-368792.9140524304,340282346638528860000000000000000000000,1176450050,,,,1,,6,8.06670093536377,,,,,,Q,
Raw,1697800427999,117891000000,,,-1381835528108736176,0.0,34.50260346540462,,,0,25,0.0,16392,472445905511804,1000000000,10.07246208190918,-1543.9101957953098,299792458,20,-9274.019175308114,340282346638528860000000000000000000000,1176450050,,,,0,,6,8.06670093536377,,,,,,Q,
Raw,1697800427999,117891000000,,,-1381835528108736176,0.0,34.50260346540462,,,0,36,0.0,16392,472445905111275,1000000000,9.73039436340332,-346.0106881424408,299792458,20,-2849.1187338788072,340282346638528860000000000000000000000,1176450050,,,,0,,6,8.06670093536377,,,,,,Q,
Raw,1697800428999,118891000000,,,-1381835528108739454,0.0,33.704875230609616,,,0,4,0.0,16427,472446920638724,105,13.383678436279297,-419.28067602078727,1.35051454388985,20,-46965.111287092885,340282346638528860000000000000000000000,1575420030,,,,1,,1,52.750877380371094,,,,,,C,
Raw,1697800428999,118891000000,,,-1381835528108739454,0.0,33.704875230609616,,,0,5,0.0,16393,472446918693467,78,17.029556274414062,-1650.1358060189095,1.1862135386264487,20,-30438.342723664464,340282346638528860000000000000000000000,1575420030,,,,0,,1,52.750877380371094,,,,,,C,
Raw,1697800428999,118891000000,,,-1381835528108739454,0.0,33.704875230609616,,,0,6,0.0,16392,472446926147570,1000000000,18.212905883789062,-445.02162172192243,299792458,20,-1482.3479290020218,340282346638528860000000000000000000000,1575420030,,,,0,,1,52.750877380371094,,,,,,C,
Raw,1697800428999,118891000000,,,-1381835528108739454,0.0,33.704875230609616,,,0,7,0.0,16393,472446929969285,70,18.324237823486328,-1113.6155694544373,1.1264238567329254,20,-27653.999857578125,340282346638528860000000000000000000000,1575420030,,,,0,,1,52.750877380371094,,,,,,C,
Raw,1697800428999,118891000000,,,-1381835528108739454,0.0,33.704875230609616,,,0,9,0.0,12,472446928685222,1000000000,8.133506774902344,-601.3275504882049,299792458,20,-69997.9535470654,340282346638528860000000000000000000000,1575420030,,,,1,,1,52.750877380371094,,,,,,C,
Raw,1697800428999,118891000000,,,-1381835528108739454,0.0,33.704875230609616,,,0,11,0.0,16392,472446927605907,1000000000,12.645465850830078,-885.814905722712,299792458,20,-9796.838486250732,340282346638528860000000000000000000000,1575420030,,,,1,,1,52.750877380371094,,,,,,C,
Raw,1697800428999,118891000000,,,-1381835528108739454,0.0,33.704875230609616,,,0,13,0.0,16392,472446915804864,1000000000,7.0,-1614.4315698849177,299792458,20,-4543.616094229004,340282346638528860000000000000000000000,1575420030,,,,0,,1,52.750877380371094,,,,,,C,
Raw,1697800428999,118891000000,,,-1381835528108739454,0.0,33.704875230609616,,,0,16,0.0,16392,472446918076919,1000000000,10.390207290649414,-801.0365674099603,299792458,20,-8030.690212755964,340282346638528860000000000000000000000,1575420030,,,,0,,1,52.750877380371094,,,,,,C,
Raw,1697800428999,118891000000,,,-1381835528108739454,0.0,33.704875230609616,,,0,20,0.0,16392,472446927881971,1000000000,12.930839538574219,-1449.9091447474857,299792458,20,-14497.536262317752,340282346638528860000000000000000000000,1575420030,,,,1,,1,52.750877380371094,,,,,,C,
Raw,1697800428999,118891000000,,,-1381835528108739454,0.0,33.704875230609616,,,0,29,0.0,16392,472446913956142,1000000000,14.951214790344238,-948.9283215572609,299792458,20,-6633.845713967536,340282346638528860000000000000000000000,1575420030,,,,1,,1,52.750877380371094,,,,,,C,
Raw,1697800428999,118891000000,,,-1381835528108739454,0.0,33.704875230609616,,,0,30,0.0,16392,472446926711525,1000000000,9.763202667236328,-1483.8357762790738,299792458,20,-35180.72523955727,340282346638528860000000000000000000000,1575420030,,,,1,,1,52.750877380371094,,,,,,C,
Raw,1697800428999,118891000000,,,-1381835528108739454,0.0,33.704875230609616,,,0,6,0.0,16392,472446926147508,1000000000,18.34941291809082,-445.0138509218352,299792458,22,-3560.846737365465,340282346638528860000000000000000000000,1176450050,,,,0,,1,8.687385559082031,,,,,,Q,
Raw,1697800428999,118891000000,,,-1381835528108739454,0.0,33.704875230609616,,,0,9,0.0,16392,472446928685171,1000000000,7.41712760925293,-601.6396776250408,299792458,20,-174232.26280229943,340282346638528860000000000000000000000,1176450050,,,,1,,1,8.687385559082031,,,,,,Q,
Raw,1697800428999,118891000000,,,-1381835528108739454,0.0,33.704875230609616,,,0,30,0.0,81929,472446926711487,67,20.266605377197266,-1481.944608931536,1.0384918511443515,20,-91288.54900075897,340282346638528860000000000000000000000,1176450050,,,,0,,1,8.687385559082031,,,,,,Q,
Raw,1697800428999,118891000000,,,-1381835528108739454,0.0,33.704875230609616,,,0,10,0.0,16393,261702,134,18.917097091674805,-1623.3459045533718,1.099636576953848,20,-28016.96215847675,340282346638528860000000000000000000000,1598062460,,,,0,,3,61.556697845458984,,,,,,C,
Raw,1697800428999,118891000000,,,-1381835528108739454,0.0,33.704875230609616,,,0,96,0.0,16392,51228920012172,1000000000,11.878032684326172,-389.22315311858165,299792458,20,-2720.24815192431,340282346638528860000000000000000000000,1599750020,,,,1,,3,61.556697845458984,,,,,,C,
Raw,1697800428999,118891000000,,,-1381835528108739454,0.0,33.704875230609616,,,0,97,0.0,16392,51228920543951,1000000000,7.989587783813477,-170.71796816660503,299792458,20,-650.7102700976754,340282346638528860000000000000000000000,1600312450,,,,0,,3,61.556697845458984,,,,,,C,
Raw,1697800428999,118891000000,,,-1381835528108739454,0.0,33.704875230609616,,,0,9,0.0,227,51228931431365,86,24.382009506225586,-1001.908545913187,0.854275774234774,20,-116431.67989792775,340282346638528860000000000000000000000,1600875010,,,,0,,3,61.556697845458984,,,,,,C,
Raw,1697800428999,118891000000,,,-1381835528108739454,0.0,33.704875230609616,,,0,16,0.0,16392,51228922182995,1000000000,7.0,-342.56355440726725,299792458,20,-1985.5363740799428,340282346638528860000000000000000000000,1601437440,,,,1,,3,61.556697845458984,,,,,,C,
Raw,1697800428999,118891000000,,,-1381835528108739454,0.0,33.704875230609616,,,0,1,0.0,227,51228921026739,110,21.38235855102539,-1585.4354428437455,0.9872951420343439,20,-41906.4000076517,340282346638528860000000000000000000000,1602562560,,,,0,,3,61.556697845458984,,,,,,C,
Raw,1697800428999,118891000000,,,-1381835528108739454,0.0,33.704875230609616,,,0,24,0.0,16392,51228925542796,1000000000,15.90462875366211,-1216.5656511114557,299792458,20,-12167.471237452139,340282346638528860000000000000000000000,1603124990,,,,0,,3,61.556697845458984,,,,,,C,
Raw,1697800428999,118891000000,,,-1381835528108739454,0.0,33.704875230609616,,,0,23,0.0,16392,51228928068282,1000000000,12.353158950805664,-513.9837575080683,299792458,20,-5136.597310723533,340282346638528860000000000000000000000,1603687550,,,,1,,3,61.556697845458984,,,,,,C,
Raw,1697800428999,118891000000,,,-1381835528108739454,0.0,33.704875230609616,,,0,7,0.0,227,51228932074439,139,18.50200843811035,-695.882918608916,1.1188084247190142,20,-79166.32714538496,340282346638528860000000000000000000000,1604812540,,,,0,,3,61.556697845458984,,,,,,C,
Raw,1697800428999,118891000000,,,-1381835528108739454,0.0,33.704875230609616,,,0,8,0.0,16392,51228932927208,1000000000,9.275686264038086,-1230.0205869677047,299792458,20,-26706.899577044034,340282346638528860000000000000000000000,1605374980,,,,1,,3,61.556697845458984,,,,,,C,
Raw,1697800428999,118891000000,,,-1381835528108739454,0.0,33.704875230609616,,,0,5,0.0,16392,472432867408032,1000000000,16.345108032226562,-971.3971810199237,299792458,20,-6796.871196211623,340282346638528860000000000000000000000,1561097980,,,,1,,5,61.87746810913086,,,,,,C,
Raw,1697800428999,118891000000,,,-1381835528108739454,0.0,33.704875230609616,,,0,9,0.0,16392,472432866335693,1000000000,7.0,-812.3717789652296,299792458,20,-5681.556991863312,340282346638528860000000000000000000000,1561097980,,,,1,,5,61.87746810913086,,,,,,C,
Raw,1697800428999,118891000000,,,-1381835528108739454,0.0,33.704875230609616,,,0,19,0.0,16392,472432926425300,1000000000,7.0,-1063.429356719338,299792458,18,-12.68005536262934,340282346638528860000000000000000000000,1561097980,,,,0,,5,61.87746810913086,,,,,,C,
Raw,1697800428999,118891000000,,,-1381835528108739454,0.0,33.704875230609616,,,0,20,0.0,65583,472432922405183,19,25.4389705657959,-607.3295514526544,0.009243513457477094,17,715899.1877364599,0.10064149988387679,1561097980,,,,0,,5,61.87746810913086,,,,,,C,
Raw,1697800428999,118891000000,,,-1381835528108739454,0.0,33.704875230609616,,,0,22,0.0,16392,472432918020215,1000000000,7.0,-1466.9915446163704,299792458,20,-10263.30238118711,340282346638528860000000000000000000000,1561097980,,,,0,,5,61.87746810913086,,,,,,C,
Raw,1697800428999,118891000000,,,-1381835528108739454,0.0,33.704875230609616,,,0,35,0.0,16392,472432915403589,1000000000,10.583900451660156,-520.1175772084785,299792458,20,-3620.6059911174607,340282346638528860000000000000000000000,1561097980,,,,1,,5,61.87746810913086,,,,,,C,
Raw,1697800428999,118891000000,,,-1381835528108739454,0.0,33.704875230609616,,,0,36,0.0,16393,472432915687750,23,23.479381561279297,-1632.2022990457372,0.8956315068603096,20,-29671.816269192732,340282346638528860000000000000000000000,1561097980,,,,0,,5,61.87746810913086,,,,,,C,
Raw,1697800428999,118891000000,,,-1381835528108739454,0.0,33.704875230609616,,,0,37,0.0,16392,472432918724474,1000000000,12.33470344543457,-690.2739687389571,299792458,20,-4832.820850395112,340282346638528860000000000000000000000,1561097980,,,,1,,5,61.87746810913086,,,,,,C,
Raw,1697800428999,118891000000,,,-1381835528108739454,0.0,33.704875230609616,,,0,3,0.0,16392,472446917442116,1000000000,7.0,-1279.700538893614,299792458,18,-2.3690016383493555,340282346638528860000000000000000000000,1575420030,,,,0,,6,52.750877380371094,,,,,,C,
Raw,1697800428999,118891000000,,,-1381835528108739454,0.0,33.704875230609616,,,0,9,0.0,84010,472446910363860,1000000000,18.43706512451172,-552.4645550451473,299792458,20,-3863.5084732535706,340282346638528860000000000000000000000,1575420030,,,,1,,6,52.750877380371094,,,,,,C,
Raw,1697800428999,118891000000,,,-1381835528108739454,0.0,33.704875230609616,,,0,13,0.0,84010,472446905832990,1000000000,16.69186019897461,-1463.3695337967783,299792458,20,-10238.019735400509,340282346638528860000000000000000000000,1575420030,,,,0,,6,52.750877380371094,,,,,,C,
Raw,1697800428999,118891000000,,,-1381835528108739454,0.0,33.704875230609616,,,0,15,0.0,16392,472446916361975,1000000000,7.0,-1032.5974804049342,299792458,18,-8.087253979823005,340282346638528860000000000000000000000,1575420030,,,,0,,6,52.750877380371094,,,,,,C,
Raw,1697800428999,118891000000,,,-1381835528108739454,0.0,33.704875230609616,,,0,24,0.0,85034,472446911316788,31,28.295297622680664,-1384.0915821033122,0.006592567544430494,17,-157046.66819332546,0.003296283772215247,1575420030,,,,0,,6,52.750877380371094,,,,,,C,
Raw,1697800428999,118891000000,,,-1381835528108739454,0.0,33.704875230609616,,,0,25,0.0,84010,472446905517189,1000000000,14.9105863571167,-1547.6045977525564,299792458,20,-10828.483279258342,340282346638528860000000000000000000000,1575420030,,,,0,,6,52.750877380371094,,,,,,C,
Raw,1697800428999,118891000000,,,-1381835528108739454,0.0,33.704875230609616,,,0,31,0.0,16392,472446909942533,1000000000,7.0,-959.6360750879453,299792458,18,-960.3809943781249,340282346638528860000000000000000000000,1575420030,,,,0,,6,52.750877380371094,,,,,,C,
Raw,1697800428999,118891000000,,,-1381835528108739454,0.0,33.704875230609616,,,0,34,0.0,16392,472446916009198,1000000000,7.0,-519.6404568996156,299792458,18,-4.152013576283572,340282346638528860000000000000000000000,1575420030,,,,0,,6,52.750877380371094,,,,,,C,
Raw,1697800428999,118891000000,,,-1381835528108739454,0.0,33.704875230609616,,,0,36,0.0,16392,472446905112685,1000000000,7.0,-357.1948121679445,299792458,18,-0.7231390731558118,340282346638528860000000000000000000000,1575420030,,,,0,,6,52.750877380371094,,,,,,C,
Raw,1697800428999,118891000000,,,-1381835528108739454,0.0,33.704875230609616,,,0,9,0.0,84011,472446910363752,145,17.774078369140625,-548.2872046789726,1.151234820004765,20,-3863.7701022036345,340282346638528860000000000000000000000,1176450050,,,,0,,6,8.687385559082031,,,,,,Q,
Raw,1697800428999,118891000000,,,-1381835528108739454,0.0,33.704875230609616,,,0,13,0.0,16392,472446905832829,1000000000,12.405546188354492,-1461.8341872953388,299792458,20,-10237.89551429828,340282346638528860000000000000000000000,1176450050,,,,1,,6,8.687385559082031,,,,,,Q,
Raw,1697800428999,118891000000,,,-1381835528108739454,0.0,33.704875230609616,,,0,24,0.0,16392,472446911316764,1000000000,12.591129302978516,-1372.2510405918274,299792458,20,-370177.6618001164,340282346638528860000000000000000000000,1176450050,,,,1,,6,8.687385559082031,,,,,,Q,
Raw,1697800428999,118891000000,,,-1381835528108739454,0.0,33.704875230609616,,,0,25,0.0,16392,472446905516969,1000000000,12.378555297851562,-1546.6876433422667,299792458,20,-10819.88975214168,340282346638528860000000000000000000000,1176450050,,,,0,,6,8.687385559082031,,,,,,Q,
Raw,1697800429999,119891000000,,,-1381835528108742729,0.0,32.774685362856665,,,0,4,0.0,16427,472447920640047,107,13.106916427612305,-418.9008952077536,1.362960365308295,20,-47381.92772932585,340282346638528860000000000000000000000,1575420030,,,,1,,1,52.795997619628906,,,,,,C,
Raw,1697800429999,119891000000,,,-1381835528108742729,0.0,32.774685362856665,,,0,5,0.0,16393,472447918698915,86,15.82430648803711,-1649.0688887999195,1.2404134313810395,20,-32087.70573333937,340282346638528860000000000000000000000,1575420030,,,,0,,1,52.795997619628906,,,,,,C,
Raw,1697800429999,119891000000,,,-1381835528108742729,0.0,32.774685362856665,,,0,6,0.0,16392,472447926149060,1000000000,17.703237533569336,-445.243634843712,299792458,20,-1927.3594340701168,340282346638528860000000000000000000000,1575420030,,,,0,,1,52.795997619628906,,,,,,C,
Raw,1697800429999,119891000000,,,-1381835528108742729,0.0,32.774685362856665,,,0,7,0.0,16393,472447929973067,71,18.105300903320312,-1113.2136691271203,1.1362699588993355,20,-28766.62650079754,340282346638528860000000000000000000000,1575420030,,,,0,,1,52.795997619628906,,,,,,C,
Raw,1697800429999,119891000000,,,-1381835528108742729,0.0,32.774685362856665,,,0,9,0.0,12,472447928687231,1000000000,8.131160736083984,-601.3275504882049,299792458,20,-70598.53427905886,340282346638528860000000000000000000000,1575420030,,,,1,,1,52.795997619628906,,,,,,C,
Raw,1697800429999,119891000000,,,-1381835528108742729,0.0,32.774685362856665,,,0,11,0.0,16392,472447927608605,1000000000,11.785255432128906,-886.1297594560697,299792458,20,-10685.042603192298,340282346638528860000000000000000000000,1575420030,,,,1,,1,52.795997619628906,,,,,,C,
Raw,1697800429999,119891000000,,,-1381835528108742729,0.0,32.774685362856665,,,0,13,0.0,16392,472447915810080,1000000000,7.0,-1614.4315698849177,299792458,20,-6158.047648111267,340282346638528860000000000000000000000,1575420030,,,,0,,1,52.795997619628906,,,,,,C,
Raw,1697800429999,119891000000,,,-1381835528108742729,0.0,32.774685362856665,,,0,16,0.0,16392,472447918079598,1000000000,9.676734924316406,-802.4397421450044,299792458,20,-8833.60261810568,340282346638528860000000000000000000000,1575420030,,,,0,,1,52.795997619628906,,,,,,C,
Raw,1697800429999,119891000000,,,-1381835528108742729,0.0,32.774685362856665,,,0,20,0.0,16392,472447927886998,1000000000,12.16636848449707,-1451.3001179630946,299792458,20,-15947.02854130775,340282346638528860000000000000000000000,1575420030,,,,1,,1,52.795997619628906,,,,,,C,
Raw,1697800429999,119891000000,,,-1381835528108742729,0.0,32.774685362856665,,,0,29,0.0,16392,472447913959311,1000000000,14.091010093688965,-948.1258160359748,299792458,20,-7581.876744769413,340282346638528860000000000000000000000,1575420030,,,,1,,1,52.795997619628906,,,,,,C,
Raw,1697800429999,119891000000,,,-1381835528108742729,0.0,32.774685362856665,,,0,30,0.0,16393,472447926716275,125,11.225606918334961,-1482.2947039249384,1.445056083053827,20,-36664.47928569491,340282346638528860000000000000000000000,1575420030,,,,1,,1,52.795997619628906,,,,,,C,
Raw,1697800429999,119891000000,,,-1381835528108742729,0.0,32.774685362856665,,,0,6,0.0,16392,472447926148991,1000000000,14.21423053741455,-446.5045494052299,299792458,20,-4005.282563537986,340282346638528860000000000000000000000,1176450050,,,,0,,1,9.632434844970703,,,,,,Q,
Raw,1697800429999,119891000000,,,-1381835528108742729,0.0,32.774685362856665,,,0,9,0.0,16392,472447928687180,1000000000,7.934017181396484,-601.6396776250408,299792458,20,-174840.26526427254,340282346638528860000000000000000000000,1176450050,,,,0,,1,9.632434844970703,,,,,,Q,
Raw,1697800429999,119891000000,,,-1381835528108742729,0.0,32.774685362856665,,,0,30,0.0,81929,472447926716422,78,19.724830627441406,-1481.314083485864,1.0628558815781166,20,-92771.13247079522,340282346638528860000000000000000000000,1176450050,,,,0,,1,9.632434844970703,,,,,,Q,
Raw,1697800429999,119891000000,,,-1381835528108742729,0.0,32.774685362856665,,,0,10,0.0,16393,267032,137,18.69448471069336,-1623.8503249099094,1.109648032288232,20,-29639.598247503327,340282346638528860000000000000000000000,1598062460,,,,0,,3,61.584014892578125,,,,,,C,
Raw,1697800429999,119891000000,,,-1381835528108742729,0.0,32.774685362856665,,,0,96,0.0,16392,51229920013472,1000000000,11.243366241455078,-389.3736612465864,299792458,20,-3109.1985187436144,340282346638528860000000000000000000000,1599750020,,,,1,,3,61.584014892578125,,,,,,C,
Raw,1697800429999,119891000000,,,-1381835528108742729,0.0,32.774685362856665,,,0,97,0.0,16392,51229920544517,1000000000,7.748455047607422,-170.71796816660503,299792458,20,-820.898977823382,340282346638528860000000000000000000000,1600312450,,,,1,,3,61.584014892578125,,,,,,C,
Raw,1697800429999,119891000000,,,-1381835528108742729,0.0,32.774685362856665,,,0,9,0.0,227,51229931434690,91,23.674137115478516,-1002.002681658103,0.8861085223578873,20,-117433.41157418003,340282346638528860000000000000000000000,1600875010,,,,0,,3,61.584014892578125,,,,,,C,
Raw,1697800429999,119891000000,,,-1381835528108742729,0.0,32.774685362856665,,,0,16,0.0,16392,51229922184133,1000000000,7.0,-342.4723497536122,299792458,20,-2327.8264476435916,340282346638528860000000000000000000000,1601437440,,,,1,,3,61.584014892578125,,,,,,C,
Raw,1697800429999,119891000000,,,-1381835528108742729,0.0,32.774685362856665,,,0,1,0.0,227,51229921031981,105,21.93671417236328,-1585.3832285203525,0.9623672865873987,20,-43490.44991581618,340282346638528860000000000000000000000,1602562560,,,,0,,3,61.584014892578125,,,,,,C,
Raw,1697800429999,119891000000,,,-1381835528108742729,0.0,32.774685362856665,,,0,24,0.0,16392,51229925546862,1000000000,15.044416427612305,-1218.4168738199487,299792458,20,-13383.221497655082,340282346638528860000000000000000000000,1603124990,,,,1,,3,61.584014892578125,,,,,,C,
Raw,1697800429999,119891000000,,,-1381835528108742729,0.0,32.774685362856665,,,0,23,0.0,16392,51229928070001,1000000000,11.8458251953125,-515.3792296079382,299792458,20,-5650.8376162202585,340282346638528860000000000000000000000,1603687550,,,,1,,3,61.584014892578125,,,,,,C,
Raw,1697800429999,119891000000,,,-1381835528108742729,0.0,32.774685362856665,,,0,7,0.0,227,51229932076778,149,17.600908279418945,-695.8268870503925,1.159330335371103,20,-79861.82482797629,340282346638528860000000000000000000000,1604812540,,,,0,,3,61.584014892578125,,,,,,C,
Raw,1697800429999,119891000000,,,-1381835528108742729,0.0,32.774685362856665,,,0,8,0.0,16392,51229932931312,1000000000,8.419319152832031,-1230.0205869677047,299792458,20,-27936.80697257038,340282346638528860000000000000000000000,1605374980,,,,1,,3,61.584014892578125,,,,,,C,
Raw,1697800429999,119891000000,,,-1381835528108742729,0.0,32.774685362856665,,,0,5,0.0,16392,472433867411270,1000000000,11.29360580444336,-971.3774131951404,299792458,20,-7768.641168906162,340282346638528860000000000000000000000,1561097980,,,,1,,5,61.848121643066406,,,,,,C,
Raw,1697800429999,119891000000,,,-1381835528108742729,0.0,32.774685362856665,,,0,9,0.0,16392,472433866338219,1000000000,7.0,-812.3717789652296,299792458,20,-6493.928773671377,340282346638528860000000000000000000000,1561097980,,,,1,,5,61.848121643066406,,,,,,C,
Raw,1697800429999,119891000000,,,-1381835528108742729,0.0,32.774685362856665,,,0,19,0.0,16392,472433926428849,1000000000,7.0,-1063.429356719338,299792458,18,-12.705003851094812,340282346638528860000000000000000000000,1561097980,,,,0,,5,61.848121643066406,,,,,,C,
Raw,1697800429999,119891000000,,,-1381835528108742729,0.0,32.774685362856665,,,0,20,0.0,65583,472433922407215,21,24.485523223876953,-607.4094958335627,0.010315954685211182,17,715291.7782406263,0.10117772049774383,1561097980,,,,0,,5,61.848121643066406,,,,,,C,
Raw,1697800429999,119891000000,,,-1381835528108742729,0.0,32.774685362856665,,,0,22,0.0,16392,472433918025433,1000000000,7.0,-1466.9915446163704,299792458,20,-11730.293992522007,340282346638528860000000000000000000000,1561097980,,,,1,,5,61.848121643066406,,,,,,C,
Raw,1697800429999,119891000000,,,-1381835528108742729,0.0,32.774685362856665,,,0,35,0.0,16392,472433915405273,1000000000,7.370061874389648,-517.9565449701931,299792458,20,-4139.551623734141,340282346638528860000000000000000000000,1561097980,,,,0,,5,61.848121643066406,,,,,,C,
Raw,1697800429999,119891000000,,,-1381835528108742729,0.0,32.774685362856665,,,0,36,0.0,16393,472433915693187,25,22.245180130004883,-1632.5638457445311,0.9511331231252589,20,-31304.238389394224,340282346638528860000000000000000000000,1561097980,,,,0,,5,61.848121643066406,,,,,,C,
Raw,1697800429999,119891000000,,,-1381835528108742729,0.0,32.774685362856665,,,0,37,0.0,16392,472433918726593,1000000000,10.7152099609375,-692.8435814660379,299792458,20,-5523.3316791349325,340282346638528860000000000000000000000,1561097980,,,,1,,5,61.848121643066406,,,,,,C,
Raw,1697800429999,119891000000,,,-1381835528108742729,0.0,32.774685362856665,,,0,3,0.0,16392,472447917446388,1000000000,16.59821891784668,-1279.700538893614,299792458,18,-2.3990239360537338,340282346638528860000000000000000000000,1575420030,,,,0,,6,52.795997619628906,,,,,,C,
Raw,1697800429999,119891000000,,,-1381835528108742729,0.0,32.774685362856665,,,0,9,0.0,84010,472447910365700,1000000000,17.841995239257812,-552.2814300062503,299792458,20,-4415.675851655268,340282346638528860000000000000000000000,1575420030,,,,1,,6,52.795997619628906,,,,,,C,
Raw,1697800429999,119891000000,,,-1381835528108742729,0.0,32.774685362856665,,,0,13,0.0,84010,472447905837873,1000000000,15.946724891662598,-1463.1556322996412,299792458,20,-11700.917420992597,340282346638528860000000000000000000000,1575420030,,,,0,,6,52.795997619628906,,,,,,C,
Raw,1697800429999,119891000000,,,-1381835528108742729,0.0,32.774685362856665,,,0,15,0.0,16392,472447916365422,1000000000,15.170416831970215,-1032.411799181798,299792458,18,-8.11073917431195,340282346638528860000000000000000000000,1575420030,,,,0,,6,52.795997619628906,,,,,,C,
Raw,1697800429999,119891000000,,,-1381835528108742729,0.0,32.774685362856665,,,0,24,0.0,85034,472447911321409,31,28.445295333862305,-1384.1526333327347,0.0064796963706612596,17,-158430.8208266582,0.0032398481853306293,1575420030,,,,0,,6,52.795997619628906,,,,,,C,
Raw,1697800429999,119891000000,,,-1381835528108742729,0.0,32.774685362856665,,,0,25,0.0,84010,472447905522348,1000000000,14.400003433227539,-1547.5527924186417,299792458,20,-12375.29925125758,340282346638528860000000000000000000000,1575420030,,,,0,,6,52.795997619628906,,,,,,C,
Raw,1697800429999,119891000000,,,-1381835528108742729,0.0,32.774685362856665,,,0,31,0.0,16392,472447909945733,1000000000,7.0,-959.4504620297221,299792458,18,-961.2436652591947,340282346638528860000000000000000000000,1575420030,,,,0,,6,52.795997619628906,,,,,,C,
Raw,1697800429999,119891000000,,,-1381835528108742729,0.0,32.774685362856665,,,0,34,0.0,16392,472447916010936,1000000000,17.059558868408203,-519.8261040402954,299792458,18,-4.16494451908944,340282346638528860000000000000000000000,1575420030,,,,0,,6,52.795997619628906,,,,,,C,
Raw,1697800429999,119891000000,,,-1381835528108742729,0.0,32.774685362856665,,,0,36,0.0,16392,472447905113877,1000000000,7.0,-357.38045930862427,299792458,18,-0.7317013930765062,340282346638528860000000000000000000000,1575420030,,,,0,,6,52.795997619628906,,,,,,C,
Raw,1697800429999,119891000000,,,-1381835528108742729,0.0,32.774685362856665,,,0,9,0.0,16392,472447910365582,1000000000,14.638315200805664,-551.8686573753025,299792458,20,-4414.182095351638,340282346638528860000000000000000000000,1176450050,,,,0,,6,9.632434844970703,,,,,,Q,
Raw,1697800429999,119891000000,,,-1381835528108742729,0.0,32.774685362856665,,,0,13,0.0,16392,472447905837700,1000000000,12.158639907836914,-1464.3250695478519,299792458,20,-11702.232853097494,340282346638528860000000000000000000000,1176450050,,,,1,,6,9.632434844970703,,,,,,Q,
Raw,1697800429999,119891000000,,,-1381835528108742729,0.0,32.774685362856665,,,0,24,0.0,16392,472447911321383,1000000000,12.698070526123047,-1384.7691178831774,299792458,20,-371562.5575340511,340282346638528860000000000000000000000,1176450050,,,,1,,6,9.632434844970703,,,,,,Q,
Raw,1697800429999,119891000000,,,-1381835528108742729,0.0,32.774685362856665,,,0,25,0.0,16392,472447905522100,1000000000,12.327001571655273,-1545.4203212789225,299792458,20,-12366.679664186118,340282346638528860000000000000000000000,1176450050,,,,0,,6,9.632434844970703,,,,,,Q,
Raw,1697800430999,120891000000,,,-1381835528108746006,0.0,32.2037324616425,,,0,4,0.0,16427,472448920641406,114,12.330972671508789,-419.75670569104136,1.3978538777886715,20,-47799.949446634426,340282346638528860000000000000000000000,1575420030,,,,1,,1,52.750877380371094,,,,,,C,
Raw,1697800430999,120891000000,,,-1381835528108746006,0.0,32.2037324616425,,,0,5,0.0,16393,472448918704427,89,15.441808700561523,-1649.6984599368088,1.257614687426587,20,-33736.95677099601,340282346638528860000000000000000000000,1575420030,,,,0,,1,52.750877380371094,,,,,,C,
Raw,1697800430999,120891000000,,,-1381835528108746006,0.0,32.2037324616425,,,0,6,0.0,16393,472448926150507,74,17.676773071289062,-444.84412028835163,1.1548528857800147,20,-2374.932744355891,340282346638528860000000000000000000000,1575420030,,,,0,,1,52.750877380371094,,,,,,C,
Raw,1697800430999,120891000000,,,-1381835528108746006,0.0,32.2037324616425,,,0,7,0.0,16393,472448929976778,68,18.736865997314453,-1113.0584576201154,1.107869886626831,20,-29879.278770158944,340282346638528860000000000000000000000,1575420030,,,,0,,1,52.750877380371094,,,,,,C,
Raw,1697800430999,120891000000,,,-1381835528108746006,0.0,32.2037324616425,,,0,9,0.0,12,472448928689239,1000000000,9.094717025756836,-601.3275504882049,299792458,20,-71199.71544372427,340282346638528860000000000000000000000,1575420030,,,,1,,1,52.750877380371094,,,,,,C,
Raw,1697800430999,120891000000,,,-1381835528108746006,0.0,32.2037324616425,,,0,11,0.0,16392,472448927611559,1000000000,11.2454833984375,-887.694553199945,299792458,20,-11572.973287935807,340282346638528860000000000000000000000,1575420030,,,,0,,1,52.750877380371094,,,,,,C,
Raw,1697800430999,120891000000,,,-1381835528108746006,0.0,32.2037324616425,,,0,13,0.0,16392,472448915815422,1000000000,7.0,-1614.4315698849177,299792458,20,-7772.333447417181,340282346638528860000000000000000000000,1575420030,,,,1,,1,52.750877380371094,,,,,,C,
Raw,1697800430999,120891000000,,,-1381835528108746006,0.0,32.2037324616425,,,0,16,0.0,16392,472448918082275,1000000000,8.816518783569336,-802.3888911198724,299792458,20,-9636.03683070554,340282346638528860000000000000000000000,1575420030,,,,0,,1,52.750877380371094,,,,,,C,
Raw,1697800430999,120891000000,,,-1381835528108746006,0.0,32.2037324616425,,,0,20,0.0,16392,472448927891794,1000000000,11.373771667480469,-1450.129317416623,299792458,20,-17398.83261273665,340282346638528860000000000000000000000,1575420030,,,,1,,1,52.750877380371094,,,,,,C,
Raw,1697800430999,120891000000,,,-1381835528108746006,0.0,32.2037324616425,,,0,29,0.0,16392,472448913962468,1000000000,13.23080062866211,-947.9037347492722,299792458,20,-8531.209554021285,340282346638528860000000000000000000000,1575420030,,,,1,,1,52.750877380371094,,,,,,C,
Raw,1697800430999,120891000000,,,-1381835528108746006,0.0,32.2037324616425,,,0,30,0.0,16392,472448926721411,1000000000,10.814815521240234,-1482.0389491711912,299792458,20,-38147.50635003413,340282346638528860000000000000000000000,1575420030,,,,1,,1,52.750877380371094,,,,,,C,
Raw,1697800430999,120891000000,,,-1381835528108746006,0.0,32.2037324616425,,,0,6,0.0,16392,472448926150488,1000000000,10.998779296875,-447.8301183867716,299792458,20,-4450.833144763112,340282346638528860000000000000000000000,1176450050,,,,0,,1,8.485379219055176,,,,,,Q,
Raw,1697800430999,120891000000,,,-1381835528108746006,0.0,32.2037324616425,,,0,9,0.0,16392,472448928689187,1000000000,7.0,-601.6396776250408,299792458,20,-175441.9049885318,340282346638528860000000000000000000000,1176450050,,,,0,,1,8.485379219055176,,,,,,Q,
Raw,1697800430999,120891000000,,,-1381835528108746006,0.0,32.2037324616425,,,0,30,0.0,81929,472448926721365,76,19.582252502441406,-1481.9870075074505,1.0692682428171514,20,-94253.79207570235,340282346638528860000000000000000000000,1176450050,,,,0,,1,8.485379219055176,,,,,,Q,
Raw,1697800430999,120891000000,,,-1381835528108746006,0.0,32.2037324616425,,,0,10,0.0,16393,272515,130,19.331409454345703,-1624.463672797494,1.0810071860992374,20,-31263.04965124197,340282346638528860000000000000000000000,1598062460,,,,0,,3,61.34906005859375,,,,,,C,
Raw,1697800430999,120891000000,,,-1381835528108746006,0.0,32.2037324616425,,,0,96,0.0,16392,51230920014764,1000000000,10.477798461914062,-389.54093794320033,299792458,20,-3498.444220254139,340282346638528860000000000000000000000,1599750020,,,,1,,3,61.34906005859375,,,,,,C,
Raw,1697800430999,120891000000,,,-1381835528108746006,0.0,32.2037324616425,,,0,97,0.0,16392,51230920545082,1000000000,7.0,-170.900564927426,299792458,20,-993.0994882962648,340282346638528860000000000000000000000,1600312450,,,,1,,3,61.34906005859375,,,,,,C,
Raw,1697800430999,120891000000,,,-1381835528108746006,0.0,32.2037324616425,,,0,9,0.0,227,51230931438060,91,23.788299560546875,-1001.378154724779,0.8809753848825221,20,-118435.10654459814,340282346638528860000000000000000000000,1600875010,,,,0,,3,61.34906005859375,,,,,,C,
Raw,1697800430999,120891000000,,,-1381835528108746006,0.0,32.2037324616425,,,0,16,0.0,16392,51230922184729,1000000000,7.0,-342.17971778190736,299792458,20,-2669.842362057018,340282346638528860000000000000000000000,1601437440,,,,1,,3,61.34906005859375,,,,,,C,
Raw,1697800430999,120891000000,,,-1381835528108746006,0.0,32.2037324616425,,,0,1,0.0,227,51230921037237,109,21.435483932495117,-1585.5090609498347,0.984908171866385,20,-45074.65809244346,340282346638528860000000000000000000000,1602562560,,,,0,,3,61.34906005859375,,,,,,C,
Raw,1697800430999,120891000000,,,-1381835528108746006,0.0,32.2037324616425,,,0,24,0.0,16392,51230925550912,1000000000,14.18421745300293,-1215.9052694338698,299792458,20,-14600.342054851773,340282346638528860000000000000000000000,1603124990,,,,1,,3,61.34906005859375,,,,,,C,
Raw,1697800430999,120891000000,,,-1381835528108746006,0.0,32.2037324616425,,,0,23,0.0,16392,51230928071925,1000000000,11.722463607788086,-513.5331192679237,299792458,20,-6162.994704188397,340282346638528860000000000000000000000,1603687550,,,,0,,3,61.34906005859375,,,,,,C,
Raw,1697800430999,120891000000,,,-1381835528108746006,0.0,32.2037324616425,,,0,7,0.0,227,51230932079078,161,16.707015991210938,-695.5395037769922,1.1995280632824379,20,-80556.2405856225,340282346638528860000000000000000000000,1604812540,,,,0,,3,61.34906005859375,,,,,,C,
Raw,1697800430999,120891000000,,,-1381835528108746006,0.0,32.2037324616425,,,0,8,0.0,16392,51230932935407,1000000000,7.8707427978515625,-1229.8384503200468,299792458,20,-29167.23294210553,340282346638528860000000000000000000000,1605374980,,,,1,,3,61.34906005859375,,,,,,C,
Raw,1697800430999,120891000000,,,-1381835528108746006,0.0,32.2037324616425,,,0,5,0.0,16392,472434867414511,1000000000,9.781230926513672,-971.6458466227141,299792458,20,-8740.483811601141,340282346638528860000000000000000000000,1561097980,,,,1,,5,61.96491241455078,,,,,,C,
Raw,1697800430999,120891000000,,,-1381835528108746006,0.0,32.2037324616425,,,0,9,0.0,16392,472434866341113,1000000000,7.0,-812.3717789652296,299792458,20,-7306.300555562959,340282346638528860000000000000000000000,1561097980,,,,1,,5,61.96491241455078,,,,,,C,
Raw,1697800430999,120891000000,,,-1381835528108746006,0.0,32.2037324616425,,,0,19,0.0,16392,472434926432399,1000000000,7.0,-1063.429356719338,299792458,18,-12.663423036974455,340282346638528860000000000000000000000,1561097980,,,,0,,5,61.96491241455078,,,,,,C,
Raw,1697800430999,120891000000,,,-1381835528108746006,0.0,32.2037324616425,,,0,20,0.0,65583,472434922409258,22,23.697193145751953,-607.1097755671258,0.8834483599993628,20,714684.3096995528,340282346638528860000000000000000000000,1561097980,,,,0,,5,61.96491241455078,,,,,,C,
Raw,1697800430999,120891000000,,,-1381835528108746006,0.0,32.2037324616425,,,0,22,0.0,16392,472434918030004,1000000000,7.0,-1466.9915446163704,299792458,20,-13197.28560394777,340282346638528860000000000000000000000,1561097980,,,,1,,5,61.96491241455078,,,,,,C,
Raw,1697800430999,120891000000,,,-1381835528108746006,0.0,32.2037324616425,,,0,35,0.0,16392,472434915407071,1000000000,7.0,-517.5427839480062,299792458,20,-4658.217641334023,340282346638528860000000000000000000000,1561097980,,,,1,,5,61.96491241455078,,,,,,C,
Raw,1697800430999,120891000000,,,-1381835528108746006,0.0,32.2037324616425,,,0,36,0.0,16393,472434915698633,24,23.02338409423828,-1632.432014802701,0.9161392271596549,20,-32936.71617763448,340282346638528860000000000000000000000,1561097980,,,,0,,5,61.96491241455078,,,,,,C,
Raw,1697800430999,120891000000,,,-1381835528108746006,0.0,32.2037324616425,,,0,37,0.0,16392,472434918728882,1000000000,12.444347381591797,-691.3186641962943,299792458,20,-6213.603834072623,340282346638528860000000000000000000000,1561097980,,,,1,,5,61.96491241455078,,,,,,C,
Raw,1697800430999,120891000000,,,-1381835528108746006,0.0,32.2037324616425,,,0,3,0.0,16392,472448917450653,1000000000,7.0,-1279.5148576704778,299792458,18,-2.348811619590678,340282346638528860000000000000000000000,1575420030,,,,0,,6,52.750877380371094,,,,,,C,
Raw,1697800430999,120891000000,,,-1381835528108746006,0.0,32.2037324616425,,,0,9,0.0,84010,472448910367545,1000000000,17.051799774169922,-552.3910732688842,299792458,20,-4968.064230651445,340282346638528860000000000000000000000,1575420030,,,,1,,6,52.750877380371094,,,,,,C,
Raw,1697800430999,120891000000,,,-1381835528108746006,0.0,32.2037324616425,,,0,13,0.0,16392,472448905842733,1000000000,14.377799987792969,-1462.753459312672,299792458,18,-1463.977079656519,340282346638528860000000000000000000000,1575420030,,,,0,,6,52.750877380371094,,,,,,C,
Raw,1697800430999,120891000000,,,-1381835528108746006,0.0,32.2037324616425,,,0,15,0.0,16392,472448916368862,1000000000,9.596918106079102,-1032.2261861235747,299792458,18,-8.0696389455489,340282346638528860000000000000000000000,1575420030,,,,0,,6,52.750877380371094,,,,,,C,
Raw,1697800430999,120891000000,,,-1381835528108746006,0.0,32.2037324616425,,,0,24,0.0,85034,472448911326028,30,28.623924255371094,-1384.2228822338222,0.006347800139337778,17,-159815.04370889202,0.003173900069668889,1575420030,,,,0,,6,52.750877380371094,,,,,,C,
Raw,1697800430999,120891000000,,,-1381835528108746006,0.0,32.2037324616425,,,0,25,0.0,84010,472448905527507,1000000000,13.74282455444336,-1547.6454967003838,299792458,20,-13923.728947984155,340282346638528860000000000000000000000,1575420030,,,,0,,6,52.750877380371094,,,,,,C,
Raw,1697800430999,120891000000,,,-1381835528108746006,0.0,32.2037324616425,,,0,31,0.0,16392,472448909948936,1000000000,12.526582717895508,-959.4504620297221,299792458,18,-961.3261986303133,340282346638528860000000000000000000000,1575420030,,,,0,,6,52.750877380371094,,,,,,C,
Raw,1697800430999,120891000000,,,-1381835528108746006,0.0,32.2037324616425,,,0,34,0.0,84010,472448916012579,1000000000,19.19638442993164,-519.8262403701215,299792458,20,-420.2425488804206,340282346638528860000000000000000000000,1575420030,,,,0,,6,52.750877380371094,,,,,,C,
Raw,1697800430999,120891000000,,,-1381835528108746006,0.0,32.2037324616425,,,0,36,0.0,16392,472448905115062,1000000000,7.0,-357.566106449304,299792458,18,-0.7179027272470162,340282346638528860000000000000000000000,1575420030,,,,0,,6,52.750877380371094,,,,,,C,
Raw,1697800430999,120891000000,,,-1381835528108746006,0.0,32.2037324616425,,,0,9,0.0,16392,472448910367430,1000000000,13.35920524597168,-551.6792611644053,299792458,20,-4968.1517929671645,340282346638528860000000000000000000000,1176450050,,,,0,,6,8.485379219055176,,,,,,Q,
Raw,1697800430999,120891000000,,,-1381835528108746006,0.0,32.2037324616425,,,0,24,0.0,16392,472448911326001,1000000000,12.860889434814453,-1384.764210009438,299792458,20,-372945.0474527623,340282346638528860000000000000000000000,1176450050,,,,1,,6,8.485379219055176,,,,,,Q,
Raw,1697800430999,120891000000,,,-1381835528108746006,0.0,32.2037324616425,,,0,25,0.0,16392,472448905527286,1000000000,12.112567901611328,-1544.7404444362055,299792458,20,-13913.45111206617,340282346638528860000000000000000000000,1176450050,,,,0,,6,8.485379219055176,,,,,,Q,
Raw,1697800430999,120891000000,,,-1381835528108746006,0.0,32.2037324616425,,,0,34,0.0,16392,472448916012602,1000000000,18.952560424804688,-519.5975811693099,299792458,22,-6239.324195397467,340282346638528860000000000000000000000,1176450050,,,,0,,6,8.485379219055176,,,,,,Q,
Raw,1697800431999,121891000000,,,-1381835528108749284,0.0,31.267084930227096,,,0,4,0.0,16427,472449920642660,122,11.470756530761719,-418.68931131766,1.4365371996728697,20,-48217.441903565945,340282346638528860000000000000000000000,1575420030,,,,1,,1,52.795997619628906,,,,,,C,
Raw,1697800431999,121891000000,,,-1381835528108749284,0.0,31.267084930227096,,,0,5,0.0,16393,472449918709946,86,15.872125625610352,-1649.960213202904,1.2382647721395488,20,-35385.98659822751,340282346638528860000000000000000000000,1575420030,,,,0,,1,52.795997619628906,,,,,,C,
Raw,1697800431999,121891000000,,,-1381835528108749284,0.0,31.267084930227096,,,0,6,0.0,16393,472449926152017,76,17.284202575683594,-445.64890933422475,1.172506533182064,20,-2819.4310525754127,340282346638528860000000000000000000000,1575420030,,,,0,,1,52.795997619628906,,,,,,C,
Raw,1697800431999,121891000000,,,-1381835528108749284,0.0,31.267084930227096,,,0,7,0.0,16393,472449929980494,64,19.446149826049805,-1111.8845896525568,1.075974764945589,20,-30991.929208851947,340282346638528860000000000000000000000,1575420030,,,,0,,1,52.795997619628906,,,,,,C,
Raw,1697800431999,121891000000,,,-1381835528108749284,0.0,31.267084930227096,,,0,9,0.0,12,472449928691248,1000000000,9.19455337524414,-601.3275504882049,299792458,20,-71801.60181994246,340282346638528860000000000000000000000,1575420030,,,,1,,1,52.795997619628906,,,,,,C,
Raw,1697800431999,121891000000,,,-1381835528108749284,0.0,31.267084930227096,,,0,11,0.0,16392,472449927614518,1000000000,10.790727615356445,-886.1802014917234,299792458,20,-12458.201044784051,340282346638528860000000000000000000000,1575420030,,,,0,,1,52.795997619628906,,,,,,C,
Raw,1697800431999,121891000000,,,-1381835528108749284,0.0,31.267084930227096,,,0,13,0.0,16392,472449915821012,1000000000,7.0,-1614.2458886617815,299792458,20,-9386.539451778111,340282346638528860000000000000000000000,1575420030,,,,1,,1,52.795997619628906,,,,,,C,
Raw,1697800431999,121891000000,,,-1381835528108749284,0.0,31.267084930227096,,,0,16,0.0,16392,472449918084955,1000000000,8.865596771240234,-801.6328740692834,299792458,20,-10440.371574506153,340282346638528860000000000000000000000,1575420030,,,,0,,1,52.795997619628906,,,,,,C,
Raw,1697800431999,121891000000,,,-1381835528108749284,0.0,31.267084930227096,,,0,20,0.0,16392,472449927896533,1000000000,11.024124145507812,-1450.0982342162742,299792458,20,-18849.532267042952,340282346638528860000000000000000000000,1575420030,,,,0,,1,52.795997619628906,,,,,,C,
Raw,1697800431999,121891000000,,,-1381835528108749284,0.0,31.267084930227096,,,0,29,0.0,16392,472449913965997,1000000000,12.370599746704102,-947.736117228093,299792458,20,-9478.741568592475,340282346638528860000000000000000000000,1575420030,,,,1,,1,52.795997619628906,,,,,,C,
Raw,1697800431999,121891000000,,,-1381835528108749284,0.0,31.267084930227096,,,0,30,0.0,16393,472449926726186,131,10.608112335205078,-1485.0901470089393,1.4728260958517447,20,-39628.53279370857,340282346638528860000000000000000000000,1575420030,,,,1,,1,52.795997619628906,,,,,,C,
Raw,1697800431999,121891000000,,,-1381835528108749284,0.0,31.267084930227096,,,0,6,0.0,16392,472449926151958,1000000000,7.0,-443.7222280669903,299792458,20,-4892.600260110434,340282346638528860000000000000000000000,1176450050,,,,0,,1,9.809704780578613,,,,,,Q,
Raw,1697800431999,121891000000,,,-1381835528108749284,0.0,31.267084930227096,,,0,9,0.0,16392,472449928691198,1000000000,7.0,-601.6396776250408,299792458,20,-176043.54471266165,340282346638528860000000000000000000000,1176450050,,,,0,,1,9.809704780578613,,,,,,Q,
Raw,1697800431999,121891000000,,,-1381835528108749284,0.0,31.267084930227096,,,0,30,0.0,81929,472449926726305,68,20.361597061157227,-1483.7193506075919,1.0342228237629758,20,-95736.4768476761,340282346638528860000000000000000000000,1176450050,,,,0,,1,9.809704780578613,,,,,,Q,
Raw,1697800431999,121891000000,,,-1381835528108749284,0.0,31.267084930227096,,,0,10,0.0,16393,277829,142,18.25402069091797,-1623.0193946198833,1.1294571953634556,20,-32886.902009636135,340282346638528860000000000000000000000,1598062460,,,,0,,3,63.903690338134766,,,,,,C,
Raw,1697800431999,121891000000,,,-1381835528108749284,0.0,31.267084930227096,,,0,96,0.0,16392,51231920016064,1000000000,9.617612838745117,-389.3167776266498,299792458,20,-3887.8317792731714,340282346638528860000000000000000000000,1599750020,,,,1,,3,63.903690338134766,,,,,,C,
Raw,1697800431999,121891000000,,,-1381835528108749284,0.0,31.267084930227096,,,0,97,0.0,16392,51231920545648,1000000000,7.0,-170.80927506762964,299792458,20,-1163.4042062139815,340282346638528860000000000000000000000,1600312450,,,,1,,3,63.903690338134766,,,,,,C,
Raw,1697800431999,121891000000,,,-1381835528108749284,0.0,31.267084930227096,,,0,9,0.0,227,51231931441357,91,23.683876037597656,-1001.4921264593913,0.8856718408836888,20,-119436.75690691771,340282346638528860000000000000000000000,1600875010,,,,0,,3,63.903690338134766,,,,,,C,
Raw,1697800431999,121891000000,,,-1381835528108749284,0.0,31.267084930227096,,,0,16,0.0,16392,51231922186232,1000000000,7.313446044921875,-342.1952934645383,299792458,20,-3011.8769846587766,340282346638528860000000000000000000000,1601437440,,,,0,,3,63.903690338134766,,,,,,C,
Raw,1697800431999,121891000000,,,-1381835528108749284,0.0,31.267084930227096,,,0,101,0.0,227,51231921042550,106,21.803546905517578,-1586.069785524548,0.9683576111577721,20,-46659.6171729871,340282346638528860000000000000000000000,1602562560,,,,0,,3,63.903690338134766,,,,,,C,
Raw,1697800431999,121891000000,,,-1381835528108749284,0.0,31.267084930227096,,,0,24,0.0,16392,51231925554979,1000000000,13.64849853515625,-1215.5585826861197,299792458,20,-15816.234422093568,340282346638528860000000000000000000000,1603124990,,,,1,,3,63.903690338134766,,,,,,C,
Raw,1697800431999,121891000000,,,-1381835528108749284,0.0,31.267084930227096,,,0,23,0.0,16392,51231928073677,1000000000,10.862283706665039,-514.5949582008918,299792458,20,-6675.058192634503,340282346638528860000000000000000000000,1603687550,,,,1,,3,63.903690338134766,,,,,,C,
Raw,1697800431999,121891000000,,,-1381835528108749284,0.0,31.267084930227096,,,0,7,0.0,227,51231932081406,152,17.373714447021484,-696.0441286282689,1.1695478830597734,20,-81251.78209125227,340282346638528860000000000000000000000,1604812540,,,,0,,3,63.903690338134766,,,,,,C,
Raw,1697800431999,121891000000,,,-1381835528108749284,0.0,31.267084930227096,,,0,8,0.0,16392,51231932939194,1000000000,7.010589599609375,-1229.747518326044,299792458,20,-30396.714992205914,340282346638528860000000000000000000000,1605374980,,,,1,,3,63.903690338134766,,,,,,C,
Raw,1697800431999,121891000000,,,-1381835528108749284,0.0,31.267084930227096,,,0,5,0.0,16392,472435867417753,1000000000,7.0,-971.9986000477252,299792458,20,-9712.559820653185,340282346638528860000000000000000000000,1561097980,,,,1,,5,61.77432632446289,,,,,,C,
Raw,1697800431999,121891000000,,,-1381835528108749284,0.0,31.267084930227096,,,0,9,0.0,16392,472435866343828,1000000000,7.0,-812.3717789652296,299792458,20,-8118.672337371304,340282346638528860000000000000000000000,1561097980,,,,1,,5,61.77432632446289,,,,,,C,
Raw,1697800431999,121891000000,,,-1381835528108749284,0.0,31.267084930227096,,,0,19,0.0,16392,472435926435949,1000000000,7.0,-1063.0546541923263,299792458,18,-12.686133388822531,340282346638528860000000000000000000000,1561097980,,,,0,,5,61.77432632446289,,,,,,C,
Raw,1697800431999,121891000000,,,-1381835528108749284,0.0,31.267084930227096,,,0,20,0.0,65583,472435922411284,24,22.63602638244629,-607.4682548448327,0.9311681925729585,20,714076.7220136983,340282346638528860000000000000000000000,1561097980,,,,0,,5,61.77432632446289,,,,,,C,
Raw,1697800431999,121891000000,,,-1381835528108749284,0.0,31.267084930227096,,,0,22,0.0,16392,472435918034899,1000000000,7.0,-1466.9915446163704,299792458,20,-14664.277215282213,340282346638528860000000000000000000000,1561097980,,,,1,,5,61.77432632446289,,,,,,C,
Raw,1697800431999,121891000000,,,-1381835528108749284,0.0,31.267084930227096,,,0,35,0.0,16392,472435915408795,1000000000,7.0,-518.2237855117885,299792458,20,-5175.345313872608,340282346638528860000000000000000000000,1561097980,,,,1,,5,61.77432632446289,,,,,,C,
Raw,1697800431999,121891000000,,,-1381835528108749284,0.0,31.267084930227096,,,0,36,0.0,16393,472435915704086,24,23.073505401611328,-1631.352009920406,0.9138862569623609,20,-34569.334931376696,340282346638528860000000000000000000000,1561097980,,,,0,,5,61.77432632446289,,,,,,C,
Raw,1697800431999,121891000000,,,-1381835528108749284,0.0,31.267084930227096,,,0,37,0.0,16392,472435918731392,1000000000,7.392826080322266,-690.4323158319621,299792458,20,-6904.640334027968,340282346638528860000000000000000000000,1561097980,,,,0,,5,61.77432632446289,,,,,,C,
Raw,1697800431999,121891000000,,,-1381835528108749284,0.0,31.267084930227096,,,0,3,0.0,16392,472449917454921,1000000000,7.0,-1279.3291764473415,299792458,18,-2.3786500519719143,340282346638528860000000000000000000000,1575420030,,,,0,,6,52.795997619628906,,,,,,C,
Raw,1697800431999,121891000000,,,-1381835528108749284,0.0,31.267084930227096,,,0,5,0.0,16392,472449921484169,1000000000,16.00295639038086,-863.2826528909168,299792458,18,-1.5958183859980157,340282346638528860000000000000000000000,1575420030,,,,0,,6,52.795997619628906,,,,,,C,
Raw,1697800431999,121891000000,,,-1381835528108749284,0.0,31.267084930227096,,,0,9,0.0,84010,472449910369389,1000000000,16.343257904052734,-552.5040566122573,299792458,20,-5520.630353108978,340282346638528860000000000000000000000,1575420030,,,,1,,6,52.795997619628906,,,,,,C,
Raw,1697800431999,121891000000,,,-1381835528108749284,0.0,31.267084930227096,,,0,13,0.0,84010,472449905847632,1000000000,14.097865104675293,-1463.2051200265123,299792458,20,-2635.7362083177054,340282346638528860000000000000000000000,1575420030,,,,0,,6,52.795997619628906,,,,,,C,
Raw,1697800431999,121891000000,,,-1381835528108749284,0.0,31.267084930227096,,,0,15,0.0,16392,472449916372310,1000000000,12.251720428466797,-1032.0405049004385,299792458,18,-8.09311833509392,340282346638528860000000000000000000000,1575420030,,,,0,,6,52.795997619628906,,,,,,C,
Raw,1697800431999,121891000000,,,-1381835528108749284,0.0,31.267084930227096,,,0,24,0.0,85034,472449911330646,30,28.70708465576172,-1384.2876666158263,0.006287315394729377,17,-161199.33137550784,0.003143657697364688,1575420030,,,,0,,6,52.795997619628906,,,,,,C,
Raw,1697800431999,121891000000,,,-1381835528108749284,0.0,31.267084930227096,,,0,25,0.0,16392,472449905532647,1000000000,9.932230949401855,-1547.7822355159533,299792458,18,-1548.5839951962369,340282346638528860000000000000000000000,1575420030,,,,0,,6,52.795997619628906,,,,,,C,
Raw,1697800431999,121891000000,,,-1381835528108749284,0.0,31.267084930227096,,,0,31,0.0,16392,472449909952140,1000000000,14.435384750366211,-959.4504620297221,299792458,18,-961.2286591917061,340282346638528860000000000000000000000,1575420030,,,,0,,6,52.795997619628906,,,,,,C,
Raw,1697800431999,121891000000,,,-1381835528108749284,0.0,31.267084930227096,,,0,34,0.0,84010,472449916014180,1000000000,18.3361759185791,-524.8540843563665,299792458,20,-941.5752428523784,340282346638528860000000000000000000000,1575420030,,,,0,,6,52.795997619628906,,,,,,C,
Raw,1697800431999,121891000000,,,-1381835528108749284,0.0,31.267084930227096,,,0,36,0.0,16392,472449905116253,1000000000,17.959857940673828,-357.566106449304,299792458,18,-0.7262913747788633,340282346638528860000000000000000000000,1575420030,,,,0,,6,52.795997619628906,,,,,,C,
Raw,1697800431999,121891000000,,,-1381835528108749284,0.0,31.267084930227096,,,0,9,0.0,16392,472449910369288,1000000000,13.038040161132812,-551.4850593271383,299792458,20,-5521.067692757321,340282346638528860000000000000000000000,1176450050,,,,0,,6,9.809704780578613,,,,,,Q,
Raw,1697800431999,121891000000,,,-1381835528108749284,0.0,31.267084930227096,,,0,13,0.0,16392,472449905847459,1000000000,7.0,-1461.838958839252,299792458,22,-14619.224027805443,340282346638528860000000000000000000000,1176450050,,,,0,,6,9.809704780578613,,,,,,Q,
Raw,1697800431999,121891000000,,,-1381835528108749284,0.0,31.267084930227096,,,0,24,0.0,16392,472449911330617,1000000000,10.547515869140625,-1382.7054933056343,299792458,20,-374329.25341517664,340282346638528860000000000000000000000,1176450050,,,,1,,6,9.809704780578613,,,,,,Q,
Raw,1697800431999,121891000000,,,-1381835528108749284,0.0,31.267084930227096,,,0,34,0.0,16392,472449916014338,1000000000,13.90106201171875,-526.4975404098964,299792458,20,-6756.461440807923,340282346638528860000000000000000000000,1176450050,,,,0,,6,9.809704780578613,,,,,,Q,
Raw,1697800432999,122891000000,,,-1381835528108752562,0.0,30.845908471485526,,,0,4,0.0,16426,472450920644391,1000000000,10.895362854003906,-418.0888465986411,299792458,20,-48634.3925992927,340282346638528860000000000000000000000,1575420030,,,,1,,1,52.88554382324219,,,,,,C,
Raw,1697800432999,122891000000,,,-1381835528108752562,0.0,30.845908471485526,,,0,5,0.0,16393,472450918715478,87,15.738958358764648,-1651.3491414711216,1.2442542313350495,20,-37036.53398597567,340282346638528860000000000000000000000,1575420030,,,,1,,1,52.88554382324219,,,,,,C,
Raw,1697800432999,122891000000,,,-1381835528108752562,0.0,30.845908471485526,,,0,6,0.0,16393,472450926153477,77,17.095470428466797,-445.0887982437289,1.1809938636638186,20,-3264.7997460355555,340282346638528860000000000000000000000,1575420030,,,,0,,1,52.88554382324219,,,,,,C,
Raw,1697800432999,122891000000,,,-1381835528108752562,0.0,30.845908471485526,,,0,7,0.0,16393,472450929984179,73,17.78847885131836,-1113.2519096433389,1.1505189552831903,20,-32104.590436553,340282346638528860000000000000000000000,1575420030,,,,0,,1,52.88554382324219,,,,,,C,
Raw,1697800432999,122891000000,,,-1381835528108752562,0.0,30.845908471485526,,,0,9,0.0,12,472450928693256,1000000000,9.094009399414062,-601.3275504882049,299792458,20,-72402.65961912058,340282346638528860000000000000000000000,1575420030,,,,1,,1,52.88554382324219,,,,,,C,
Raw,1697800432999,122891000000,,,-1381835528108752562,0.0,30.845908471485526,,,0,11,0.0,16392,472450927617481,1000000000,10.544857025146484,-887.8492875525585,299792458,20,-13344.07490148021,340282346638528860000000000000000000000,1575420030,,,,1,,1,52.88554382324219,,,,,,C,
Raw,1697800432999,122891000000,,,-1381835528108752562,0.0,30.845908471485526,,,0,13,0.0,16392,472450915826081,1000000000,7.0,-1614.0322598242965,299792458,20,-10999.931786788118,340282346638528860000000000000000000000,1575420030,,,,1,,1,52.88554382324219,,,,,,C,
Raw,1697800432999,122891000000,,,-1381835528108752562,0.0,30.845908471485526,,,0,16,0.0,16392,472450918087546,1000000000,8.501754760742188,-803.7478268263499,299792458,20,-11242.076933215645,340282346638528860000000000000000000000,1575420030,,,,1,,1,52.88554382324219,,,,,,C,
Raw,1697800432999,122891000000,,,-1381835528108752562,0.0,30.845908471485526,,,0,20,0.0,16392,472450927901267,1000000000,11.467700958251953,-1451.226090867527,299792458,20,-20298.75975605077,340282346638528860000000000000000000000,1575420030,,,,1,,1,52.88554382324219,,,,,,C,
Raw,1697800432999,122891000000,,,-1381835528108752562,0.0,30.845908471485526,,,0,29,0.0,16392,472450913968795,1000000000,12.374898910522461,-947.6903785714394,299792458,20,-10426.801810706495,340282346638528860000000000000000000000,1575420030,,,,1,,1,52.88554382324219,,,,,,C,
Raw,1697800432999,122891000000,,,-1381835528108752562,0.0,30.845908471485526,,,0,30,0.0,16393,472450926731191,121,11.565582275390625,-1482.631847584862,1.429770500707134,20,-41110.467370668564,340282346638528860000000000000000000000,1575420030,,,,1,,1,52.88554382324219,,,,,,C,
Raw,1697800432999,122891000000,,,-1381835528108752562,0.0,30.845908471485526,,,0,6,0.0,16392,472450926153438,1000000000,7.0,-441.8333442440396,299792458,20,-5338.951938162109,340282346638528860000000000000000000000,1176450050,,,,1,,1,8.687385559082031,,,,,,Q,
Raw,1697800432999,122891000000,,,-1381835528108752562,0.0,30.845908471485526,,,0,9,0.0,16392,472450928693204,1000000000,7.2195892333984375,-601.6396776250408,299792458,20,-176645.18443679152,340282346638528860000000000000000000000,1176450050,,,,0,,1,8.687385559082031,,,,,,Q,
Raw,1697800432999,122891000000,,,-1381835528108752562,0.0,30.845908471485526,,,0,30,0.0,81929,472450926731250,84,19.40325927734375,-1483.1182724043556,1.077319091526601,20,-97219.16294913588,340282346638528860000000000000000000000,1176450050,,,,0,,1,8.687385559082031,,,,,,Q,
Raw,1697800432999,122891000000,,,-1381835528108752562,0.0,30.845908471485526,,,0,10,0.0,16393,283308,148,17.741716384887695,-1623.6354691039896,1.152495870896109,20,-34510.649573100745,340282346638528860000000000000000000000,1598062460,,,,0,,3,63.903690338134766,,,,,,C,
Raw,1697800432999,122891000000,,,-1381835528108752562,0.0,30.845908471485526,,,0,96,0.0,16392,51232920017363,1000000000,8.95667839050293,-389.3144941020628,299792458,20,-4277.097760441785,340282346638528860000000000000000000000,1599750020,,,,1,,3,63.903690338134766,,,,,,C,
Raw,1697800432999,122891000000,,,-1381835528108752562,0.0,30.845908471485526,,,0,97,0.0,16392,51232920546213,1000000000,8.23946762084961,-169.98066238464708,299792458,20,-1334.208993066931,340282346638528860000000000000000000000,1600312450,,,,1,,3,63.903690338134766,,,,,,C,
Raw,1697800432999,122891000000,,,-1381835528108752562,0.0,30.845908471485526,,,0,9,0.0,227,51232931444767,89,23.942344665527344,-1001.4673825959558,0.8740494569402188,20,-120438.30206783564,340282346638528860000000000000000000000,1600875010,,,,0,,3,63.903690338134766,,,,,,C,
Raw,1697800432999,122891000000,,,-1381835528108752562,0.0,30.845908471485526,,,0,16,0.0,16392,51232922187879,1000000000,7.523170471191406,-342.0161901555109,299792458,20,-3354.007398775268,340282346638528860000000000000000000000,1601437440,,,,0,,3,63.903690338134766,,,,,,C,
Raw,1697800432999,122891000000,,,-1381835528108752562,0.0,30.845908471485526,,,0,101,0.0,227,51232921047897,105,21.993412017822266,-1585.7177819135804,0.9598206880390849,20,-48245.39781190952,340282346638528860000000000000000000000,1602562560,,,,0,,3,63.903690338134766,,,,,,C,
Raw,1697800432999,122891000000,,,-1381835528108752562,0.0,30.845908471485526,,,0,24,0.0,16392,51232925559038,1000000000,12.973251342773438,-1216.3311638105788,299792458,20,-17031.39092898918,340282346638528860000000000000000000000,1603124990,,,,1,,3,63.903690338134766,,,,,,C,
Raw,1697800432999,122891000000,,,-1381835528108752562,0.0,30.845908471485526,,,0,23,0.0,16392,51232928075476,1000000000,10.002058029174805,-513.1431137179331,299792458,20,-7188.0085499343095,340282346638528860000000000000000000000,1603687550,,,,1,,3,63.903690338134766,,,,,,C,
Raw,1697800432999,122891000000,,,-1381835528108752562,0.0,30.845908471485526,,,0,7,0.0,227,51232932083743,155,17.18061065673828,-695.7517693162163,1.178231853339513,20,-81947.11573391034,340282346638528860000000000000000000000,1604812540,,,,0,,3,63.903690338134766,,,,,,C,
Raw,1697800432999,122891000000,,,-1381835528108752562,0.0,30.845908471485526,,,0,8,0.0,16392,51232932943323,1000000000,8.908092498779297,-1229.656450002215,299792458,20,-31625.475829464147,340282346638528860000000000000000000000,1605374980,,,,1,,3,63.903690338134766,,,,,,C,
Raw,1697800432999,122891000000,,,-1381835528108752562,0.0,30.845908471485526,,,0,5,0.0,16392,472436867420817,1000000000,7.0,-971.9986000477252,299792458,20,-10684.25900132939,340282346638528860000000000000000000000,1561097980,,,,0,,5,61.72974395751953,,,,,,C,
Raw,1697800432999,122891000000,,,-1381835528108752562,0.0,30.845908471485526,,,0,9,0.0,16392,472436866346420,1000000000,7.0,-812.0502450703934,299792458,20,-8930.272508563878,340282346638528860000000000000000000000,1561097980,,,,1,,5,61.72974395751953,,,,,,C,
Raw,1697800432999,122891000000,,,-1381835528108752562,0.0,30.845908471485526,,,0,19,0.0,16392,472436926439498,1000000000,7.0,-1063.0546541923263,299792458,18,-12.711073085365417,340282346638528860000000000000000000000,1561097980,,,,0,,5,61.72974395751953,,,,,,C,
Raw,1697800432999,122891000000,,,-1381835528108752562,0.0,30.845908471485526,,,0,20,0.0,65583,472436922413322,23,23.533416748046875,-608.0109838825019,0.890813898376972,20,713469.146858461,340282346638528860000000000000000000000,1561097980,,,,0,,5,61.72974395751953,,,,,,C,
Raw,1697800432999,122891000000,,,-1381835528108752562,0.0,30.845908471485526,,,0,22,0.0,16392,472436918039794,1000000000,7.0,-1466.9915446163704,299792458,20,-16131.268826708405,340282346638528860000000000000000000000,1561097980,,,,1,,5,61.72974395751953,,,,,,C,
Raw,1697800432999,122891000000,,,-1381835528108752562,0.0,30.845908471485526,,,0,35,0.0,16392,472436915410522,1000000000,7.0,-518.2237855117885,299792458,20,-5691.6336919886435,340282346638528860000000000000000000000,1561097980,,,,1,,5,61.72974395751953,,,,,,C,
Raw,1697800432999,122891000000,,,-1381835528108752562,0.0,30.845908471485526,,,0,36,0.0,16393,472436915709538,25,22.209548950195312,-1632.3547157913072,0.9527383935140237,20,-36202.03456853732,340282346638528860000000000000000000000,1561097980,,,,0,,5,61.72974395751953,,,,,,C,
Raw,1697800432999,122891000000,,,-1381835528108752562,0.0,30.845908471485526,,,0,37,0.0,16392,472436918733422,1000000000,7.0,-691.5308615706053,299792458,20,-7594.74090761244,340282346638528860000000000000000000000,1561097980,,,,1,,5,61.72974395751953,,,,,,C,
Raw,1697800432999,122891000000,,,-1381835528108752562,0.0,30.845908471485526,,,0,3,0.0,16392,472450917459195,1000000000,7.0,-1279.5148576704778,299792458,18,-2.408847503245938,340282346638528860000000000000000000000,1575420030,,,,0,,6,52.88554382324219,,,,,,C,
Raw,1697800432999,122891000000,,,-1381835528108752562,0.0,30.845908471485526,,,0,5,0.0,16392,472450921487052,1000000000,13.479377746582031,-863.2826528909168,299792458,18,-1.6160713514756058,340282346638528860000000000000000000000,1575420030,,,,0,,6,52.88554382324219,,,,,,C,
Raw,1697800432999,122891000000,,,-1381835528108752562,0.0,30.845908471485526,,,0,9,0.0,83976,472450910371234,1000000000,15.828383445739746,-552.4898442278873,299792458,20,-6073.1089320386245,340282346638528860000000000000000000000,1575420030,,,,1,,6,52.88554382324219,,,,,,C,
Raw,1697800432999,122891000000,,,-1381835528108752562,0.0,30.845908471485526,,,0,13,0.0,16392,472450905852497,1000000000,16.7012882232666,-1462.9391405358083,299792458,18,-1464.04589711331,340282346638528860000000000000000000000,1575420030,,,,0,,6,52.88554382324219,,,,,,C,
Raw,1697800432999,122891000000,,,-1381835528108752562,0.0,30.845908471485526,,,0,15,0.0,16392,472450916375754,1000000000,17.390512466430664,-1032.0405049004385,299792458,18,-8.117330429593435,340282346638528860000000000000000000000,1575420030,,,,0,,6,52.88554382324219,,,,,,C,
Raw,1697800432999,122891000000,,,-1381835528108752562,0.0,30.845908471485526,,,0,24,0.0,85034,472450911335260,30,28.82935905456543,-1384.3066609993696,0.006199426017701626,17,-162583.6380365072,0.003099713008850813,1575420030,,,,0,,6,52.88554382324219,,,,,,C,
Raw,1697800432999,122891000000,,,-1381835528108752562,0.0,30.845908471485526,,,0,25,0.0,16392,472450905537809,1000000000,7.0,-1547.596554292817,299792458,18,-1548.6201229373678,340282346638528860000000000000000000000,1575420030,,,,0,,6,52.88554382324219,,,,,,C,
Raw,1697800432999,122891000000,,,-1381835528108752562,0.0,30.845908471485526,,,0,31,0.0,16392,472450909955344,1000000000,15.023045539855957,-959.4504620297221,299792458,18,-961.2511682929131,340282346638528860000000000000000000000,1575420030,,,,0,,6,52.88554382324219,,,,,,C,
Raw,1697800432999,122891000000,,,-1381835528108752562,0.0,30.845908471485526,,,0,34,0.0,84010,472450916016128,1000000000,17.475967407226562,-519.6238928257455,299792458,20,-1464.1245334469056,340282346638528860000000000000000000000,1575420030,,,,0,,6,52.88554382324219,,,,,,C,
Raw,1697800432999,122891000000,,,-1381835528108752562,0.0,30.845908471485526,,,0,36,0.0,84010,472450905117443,1000000000,7.0,-357.9375370604896,299792458,20,-286.5117845268388,340282346638528860000000000000000000000,1575420030,,,,0,,6,52.88554382324219,,,,,,C,
Raw,1697800432999,122891000000,,,-1381835528108752562,0.0,30.845908471485526,,,0,9,0.0,16392,472450910371163,1000000000,15.735074043273926,-552.824124961463,299792458,20,-6076.517273817557,340282346638528860000000000000000000000,1176450050,,,,0,,6,8.687385559082031,,,,,,Q,
Raw,1697800432999,122891000000,,,-1381835528108752562,0.0,30.845908471485526,,,0,24,0.0,16392,472450911335245,1000000000,11.761367797851562,-1384.9924261383148,299792458,20,-375713.62679405446,340282346638528860000000000000000000000,1176450050,,,,1,,6,8.687385559082031,,,,,,Q,
Raw,1697800432999,122891000000,,,-1381835528108752562,0.0,30.845908471485526,,,0,34,0.0,16392,472450916016064,1000000000,8.849554061889648,-533.7228507804496,299792458,20,-7276.918510251793,340282346638528860000000000000000000000,1176450050,,,,0,,6,8.687385559082031,,,,,,Q,
Raw,1697800432999,122891000000,,,-1381835528108752562,0.0,30.845908471485526,,,0,36,0.0,16392,472450905117221,1000000000,7.0,-357.99946488399155,299792458,22,-4624.016864407363,340282346638528860000000000000000000000,1176450050,,,,0,,6,8.687385559082031,,,,,,Q,
Raw,1697800433999,123891000000,,,-1381835528108755842,0.0,30.4614388999366,,,0,4,0.0,16426,472451920645792,1000000000,10.53769302368164,-418.7208716724001,299792458,20,-49050.15960240467,340282346638528860000000000000000000000,1575420030,,,,1,,1,48.812049865722656,,,,,,C,
Raw,1697800433999,123891000000,,,-1381835528108755842,0.0,30.4614388999366,,,0,5,0.0,16393,472451918720976,91,15.056467056274414,-1651.3240567831208,1.2749460159722235,20,-38689.00268092343,340282346638528860000000000000000000000,1575420030,,,,1,,1,48.812049865722656,,,,,,C,
Raw,1697800433999,123891000000,,,-1381835528108755842,0.0,30.4614388999366,,,0,6,0.0,16393,472451926154994,81,16.606237411499023,-445.0326303553793,1.2029943556184843,20,-3710.48619455431,340282346638528860000000000000000000000,1575420030,,,,0,,1,48.812049865722656,,,,,,C,
Raw,1697800433999,123891000000,,,-1381835528108755842,0.0,30.4614388999366,,,0,7,0.0,16393,472451929987884,73,17.84585952758789,-1113.494167744303,1.14793933935512,20,-33217.20788879548,340282346638528860000000000000000000000,1575420030,,,,0,,1,48.812049865722656,,,,,,C,
Raw,1697800433999,123891000000,,,-1381835528108755842,0.0,30.4614388999366,,,0,9,0.0,12,472451928695505,1000000000,9.108272552490234,-601.3275504882049,299792458,20,-73004.87153546748,340282346638528860000000000000000000000,1575420030,,,,1,,1,48.812049865722656,,,,,,C,
Raw,1697800433999,123891000000,,,-1381835528108755842,0.0,30.4614388999366,,,0,11,0.0,16392,472451927620440,1000000000,9.684635162353516,-888.3291003754866,299792458,20,-14229.793288720868,340282346638528860000000000000000000000,1575420030,,,,1,,1,48.812049865722656,,,,,,C,
Raw,1697800433999,123891000000,,,-1381835528108755842,0.0,30.4614388999366,,,0,13,0.0,16392,472451915831776,1000000000,7.0,-1614.2458886617815,299792458,20,-12615.031255163118,340282346638528860000000000000000000000,1575420030,,,,0,,1,48.812049865722656,,,,,,C,
Raw,1697800433999,123891000000,,,-1381835528108755842,0.0,30.4614388999366,,,0,16,0.0,16392,472451918090332,1000000000,8.876792907714844,-802.5575311147472,299792458,20,-12044.45759821058,340282346638528860000000000000000000000,1575420030,,,,1,,1,48.812049865722656,,,,,,C,
Raw,1697800433999,123891000000,,,-1381835528108755842,0.0,30.4614388999366,,,0,20,0.0,16392,472451927906070,1000000000,11.083772659301758,-1450.4363321849805,299792458,20,-21747.99846629837,340282346638528860000000000000000000000,1575420030,,,,1,,1,48.812049865722656,,,,,,C,
Raw,1697800433999,123891000000,,,-1381835528108755842,0.0,30.4614388999366,,,0,29,0.0,16392,472451913971960,1000000000,11.514694213867188,-947.736117228093,299792458,20,-11374.065037939807,340282346638528860000000000000000000000,1575420030,,,,1,,1,48.812049865722656,,,,,,C,
Raw,1697800433999,123891000000,,,-1381835528108755842,0.0,30.4614388999366,,,0,30,0.0,16393,472451926736292,126,11.067754745483398,-1484.0592208640373,1.4521581480663635,20,-42591.95260367613,340282346638528860000000000000000000000,1575420030,,,,1,,1,48.812049865722656,,,,,,C,
Raw,1697800433999,123891000000,,,-1381835528108755842,0.0,30.4614388999366,,,0,6,0.0,16392,472451926154941,1000000000,11.433488845825195,-440.1969432590099,299792458,20,-5784.66723834481,340282346638528860000000000000000000000,1176450050,,,,0,,1,20.0,,,,,,Q,
Raw,1697800433999,123891000000,,,-1381835528108755842,0.0,30.4614388999366,,,0,9,0.0,16392,472451928695218,1000000000,7.0,-601.6396776250408,299792458,20,-177246.82416105084,340282346638528860000000000000000000000,1176450050,,,,0,,1,20.0,,,,,,Q,
Raw,1697800433999,123891000000,,,-1381835528108755842,0.0,30.4614388999366,,,0,30,0.0,81929,472451926736205,89,18.805706024169922,-1482.5947658721652,1.104191244610496,20,-98701.84904150711,340282346638528860000000000000000000000,1176450050,,,,0,,1,20.0,,,,,,Q,
Raw,1697800433999,123891000000,,,-1381835528108755842,0.0,30.4614388999366,,,0,10,0.0,16393,288710,139,18.52911376953125,-1624.08712981783,1.1170885920105702,20,-36134.26700055106,340282346638528860000000000000000000000,1598062460,,,,0,,3,61.51556396484375,,,,,,C,
Raw,1697800433999,123891000000,,,-1381835528108755842,0.0,30.4614388999366,,,0,96,0.0,16392,51233920018662,1000000000,9.410467147827148,-389.3153802459324,299792458,20,-4666.05817547434,340282346638528860000000000000000000000,1599750020,,,,1,,3,61.51556396484375,,,,,,C,
Raw,1697800433999,123891000000,,,-1381835528108755842,0.0,30.4614388999366,,,0,97,0.0,16392,51233920546779,1000000000,7.379291534423828,-168.52283643056865,299792458,20,-1504.206783711215,340282346638528860000000000000000000000,1600312450,,,,1,,3,61.51556396484375,,,,,,C,
Raw,1697800433999,123891000000,,,-1381835528108755842,0.0,30.4614388999366,,,0,9,0.0,227,51233931448071,85,24.553674697875977,-1001.8765765689686,0.8465590933607627,20,-121439.76868371923,340282346638528860000000000000000000000,1600875010,,,,0,,3,61.51556396484375,,,,,,C,
Raw,1697800433999,123891000000,,,-1381835528108755842,0.0,30.4614388999366,,,0,16,0.0,16392,51233922189315,1000000000,7.495258331298828,-341.06099522900263,299792458,20,-3695.3164726279306,340282346638528860000000000000000000000,1601437440,,,,1,,3,61.51556396484375,,,,,,C,
Raw,1697800433999,123891000000,,,-1381835528108755842,0.0,30.4614388999366,,,0,101,0.0,227,51233921053210,103,22.20447540283203,-1585.6756559973182,0.9503303215126317,20,-49831.762610741964,340282346638528860000000000000000000000,1602562560,,,,0,,3,61.51556396484375,,,,,,C,
Raw,1697800433999,123891000000,,,-1381835528108755842,0.0,30.4614388999366,,,0,24,0.0,16392,51233925562880,1000000000,12.464740753173828,-1216.1647050929214,299792458,20,-18247.932362093958,340282346638528860000000000000000000000,1603124990,,,,1,,3,61.51556396484375,,,,,,C,
Raw,1697800433999,123891000000,,,-1381835528108755842,0.0,30.4614388999366,,,0,23,0.0,16392,51233928076841,1000000000,9.141876220703125,-512.9610111527318,299792458,20,-7700.957219208314,340282346638528860000000000000000000000,1603687550,,,,1,,3,61.51556396484375,,,,,,C,
Raw,1697800433999,123891000000,,,-1381835528108755842,0.0,30.4614388999366,,,0,7,0.0,227,51233932086016,159,16.803443908691406,-695.832135748697,1.1951930677088471,20,-82641.63265616412,340282346638528860000000000000000000000,1604812540,,,,0,,3,61.51556396484375,,,,,,C,
Raw,1697800433999,123891000000,,,-1381835528108755842,0.0,30.4614388999366,,,0,8,0.0,16392,51233932947485,1000000000,11.207515716552734,-1229.747518326044,299792458,20,-32854.123054953954,340282346638528860000000000000000000000,1605374980,,,,0,,3,61.51556396484375,,,,,,C,
Raw,1697800433999,123891000000,,,-1381835528108755842,0.0,30.4614388999366,,,0,5,0.0,16392,472437867424057,1000000000,7.0,-971.6238975207134,299792458,20,-11655.807595315102,340282346638528860000000000000000000000,1561097980,,,,0,,5,61.669944763183594,,,,,,C,
Raw,1697800433999,123891000000,,,-1381835528108755842,0.0,30.4614388999366,,,0,9,0.0,16392,472437866349087,1000000000,9.873380661010742,-813.9893323518022,299792458,20,-9743.798991783082,340282346638528860000000000000000000000,1561097980,,,,1,,5,61.669944763183594,,,,,,C,
Raw,1697800433999,123891000000,,,-1381835528108755842,0.0,30.4614388999366,,,0,19,0.0,16392,472437926443051,1000000000,17.99224281311035,-1063.0546541923263,299792458,18,-12.66950692445992,340282346638528860000000000000000000000,1561097980,,,,0,,5,61.669944763183594,,,,,,C,
Raw,1697800433999,123891000000,,,-1381835528108755842,0.0,30.4614388999366,,,0,20,0.0,65583,472437922415347,23,23.141433715820312,-607.957338095935,0.9084413182636504,20,712861.4876157243,340282346638528860000000000000000000000,1561097980,,,,0,,5,61.669944763183594,,,,,,C,
Raw,1697800433999,123891000000,,,-1381835528108755842,0.0,30.4614388999366,,,0,22,0.0,16392,472437918044689,1000000000,7.0,-1466.9915446163704,299792458,20,-17598.260438042875,340282346638528860000000000000000000000,1561097980,,,,1,,5,61.669944763183594,,,,,,C,
Raw,1697800433999,123891000000,,,-1381835528108755842,0.0,30.4614388999366,,,0,35,0.0,16392,472437915412248,1000000000,7.0,-516.7820635184171,299792458,20,-6210.911837679728,340282346638528860000000000000000000000,1561097980,,,,1,,5,61.669944763183594,,,,,,C,
Raw,1697800433999,123891000000,,,-1381835528108755842,0.0,30.4614388999366,,,0,36,0.0,16393,472437915714984,24,23.018890380859375,-1633.019323693502,0.916344187869877,20,-37834.76525073261,340282346638528860000000000000000000000,1561097980,,,,0,,5,61.669944763183594,,,,,,C,
Raw,1697800433999,123891000000,,,-1381835528108755842,0.0,30.4614388999366,,,0,37,0.0,16392,472437918735774,1000000000,7.0,-689.0881719116155,299792458,20,-8285.279005638466,340282346638528860000000000000000000000,1561097980,,,,1,,5,61.669944763183594,,,,,,C,
Raw,1697800433999,123891000000,,,-1381835528108755842,0.0,30.4614388999366,,,0,3,0.0,16392,472451917463464,1000000000,18.01038360595703,-1279.5148576704778,299792458,18,-2.358817600214035,340282346638528860000000000000000000000,1575420030,,,,0,,6,48.812049865722656,,,,,,C,
Raw,1697800433999,123891000000,,,-1381835528108755842,0.0,30.4614388999366,,,0,5,0.0,16392,472451921489939,1000000000,10.672195434570312,-863.2826528909168,299792458,18,-1.582316409016948,340282346638528860000000000000000000000,1575420030,,,,0,,6,48.812049865722656,,,,,,C,
Raw,1697800433999,123891000000,,,-1381835528108755842,0.0,30.4614388999366,,,0,9,0.0,83976,472451910373082,1000000000,15.41634750366211,-552.5048405087573,299792458,20,-6625.54120010078,340282346638528860000000000000000000000,1575420030,,,,1,,6,48.812049865722656,,,,,,C,
Raw,1697800433999,123891000000,,,-1381835528108755842,0.0,30.4614388999366,,,0,13,0.0,16392,472451905857381,1000000000,19.81364631652832,-1462.9391405358083,299792458,18,-1463.9886951939807,340282346638528860000000000000000000000,1575420030,,,,0,,6,48.812049865722656,,,,,,C,
Raw,1697800433999,123891000000,,,-1381835528108755842,0.0,30.4614388999366,,,0,15,0.0,84010,472451916379070,1000000000,18.220932006835938,-1032.0406412302646,299792458,20,-833.5461530338741,340282346638528860000000000000000000000,1575420030,,,,0,,6,48.812049865722656,,,,,,C,
Raw,1697800433999,123891000000,,,-1381835528108755842,0.0,30.4614388999366,,,0,24,0.0,85034,472451911339876,30,28.66364288330078,-1384.3274667644582,0.006318839266896248,17,-163967.96550327167,0.003159419633448124,1575420030,,,,0,,6,48.812049865722656,,,,,,C,
Raw,1697800433999,123891000000,,,-1381835528108755842,0.0,30.4614388999366,,,0,25,0.0,16392,472451905542968,1000000000,19.26656723022461,-1547.596554292817,299792458,18,-1548.5596108530221,340282346638528860000000000000000000000,1575420030,,,,0,,6,48.812049865722656,,,,,,C,
Raw,1697800433999,123891000000,,,-1381835528108755842,0.0,30.4614388999366,,,0,31,0.0,16392,472451909958547,1000000000,7.0,-959.2647808065858,299792458,18,-961.3333392080517,340282346638528860000000000000000000000,1575420030,,,,0,,6,48.812049865722656,,,,,,C,
Raw,1697800433999,123891000000,,,-1381835528108755842,0.0,30.4614388999366,,,0,34,0.0,84010,472451916017860,1000000000,16.737232208251953,-518.486731663862,299792458,20,-1979.3179122320544,340282346638528860000000000000000000000,1575420030,,,,0,,6,48.812049865722656,,,,,,C,
Raw,1697800433999,123891000000,,,-1381835528108755842,0.0,30.4614388999366,,,0,36,0.0,16392,472451905118627,1000000000,14.200309753417969,-357.38045930862427,299792458,18,-0.7205223375275782,340282346638528860000000000000000000000,1575420030,,,,0,,6,48.812049865722656,,,,,,C,
Raw,1697800433999,123891000000,,,-1381835528108755842,0.0,30.4614388999366,,,0,9,0.0,16392,472451910373014,1000000000,22.134246826171875,-552.4950247612787,299792458,20,-6622.701479008447,340282346638528860000000000000000000000,1176450050,,,,0,,6,20.0,,,,,,Q,
Raw,1697800433999,123891000000,,,-1381835528108755842,0.0,30.4614388999366,,,0,15,0.0,16392,472451916379139,1000000000,18.826723098754883,-1031.7392841496899,299792458,22,-18572.86120256409,340282346638528860000000000000000000000,1176450050,,,,0,,6,20.0,,,,,,Q,
Raw,1697800433999,123891000000,,,-1381835528108755842,0.0,30.4614388999366,,,0,24,0.0,16392,472451911339860,1000000000,9.563430786132812,-1386.4394309124473,299792458,20,-377099.5015676779,340282346638528860000000000000000000000,1176450050,,,,1,,6,20.0,,,,,,Q,
Raw,1697800433999,123891000000,,,-1381835528108755842,0.0,30.4614388999366,,,0,34,0.0,16392,472451916017801,1000000000,10.073623657226562,-516.625863620173,299792458,20,-7791.440086457449,340282346638528860000000000000000000000,1176450050,,,,1,,6,20.0,,,,,,Q,
Raw,1697800434999,124891000000,,,-1381835528108759121,0.0,29.963063139835192,,,0,4,0.0,16426,472452920647187,1000000000,10.321964263916016,-417.90319945796136,299792458,20,-49469.48296901919,340282346638528860000000000000000000000,1575420030,,,,1,,1,48.76445388793945,,,,,,C,
Raw,1697800434999,124891000000,,,-1381835528108759121,0.0,29.963063139835192,,,0,5,0.0,16393,472452918726491,83,16.279335021972656,-1651.1262422054624,1.2199561025262016,20,-40341.5812436119,340282346638528860000000000000000000000,1575420030,,,,0,,1,48.76445388793945,,,,,,C,
Raw,1697800434999,124891000000,,,-1381835528108759121,0.0,29.963063139835192,,,0,6,0.0,16393,472452926156443,82,16.323549270629883,-444.52606280408077,1.215706845632301,20,-4155.648398761102,340282346638528860000000000000000000000,1575420030,,,,0,,1,48.76445388793945,,,,,,C,
Raw,1697800434999,124891000000,,,-1381835528108759121,0.0,29.963063139835192,,,0,7,0.0,16393,472452929991622,70,18.345190048217773,-1113.9683910443614,1.1254856572363776,20,-34330.37419436115,340282346638528860000000000000000000000,1575420030,,,,0,,1,48.76445388793945,,,,,,C,
Raw,1697800434999,124891000000,,,-1381835528108759121,0.0,29.963063139835192,,,0,9,0.0,12,472452928697277,1000000000,8.730640411376953,-601.1419374299817,299792458,20,-73605.52990412667,340282346638528860000000000000000000000,1575420030,,,,1,,1,48.76445388793945,,,,,,C,
Raw,1697800434999,124891000000,,,-1381835528108759121,0.0,29.963063139835192,,,0,11,0.0,16392,472452927623400,1000000000,9.03795051574707,-886.4667667861672,299792458,20,-15116.022186786715,340282346638528860000000000000000000000,1575420030,,,,1,,1,48.76445388793945,,,,,,C,
Raw,1697800434999,124891000000,,,-1381835528108759121,0.0,29.963063139835192,,,0,13,0.0,16392,472452915837165,1000000000,7.0,-1614.2460249916076,299792458,20,-14229.494415663996,340282346638528860000000000000000000000,1575420030,,,,0,,1,48.76445388793945,,,,,,C,
Raw,1697800434999,124891000000,,,-1381835528108759121,0.0,29.963063139835192,,,0,16,0.0,16392,472452918092993,1000000000,8.016595840454102,-802.2032780616491,299792458,20,-12847.559875951185,340282346638528860000000000000000000000,1575420030,,,,1,,1,48.76445388793945,,,,,,C,
Raw,1697800434999,124891000000,,,-1381835528108759121,0.0,29.963063139835192,,,0,20,0.0,16392,472452927910688,1000000000,10.223564147949219,-1450.4824116661994,299792458,20,-23198.318643345036,340282346638528860000000000000000000000,1575420030,,,,1,,1,48.76445388793945,,,,,,C,
Raw,1697800434999,124891000000,,,-1381835528108759121,0.0,29.963063139835192,,,0,29,0.0,16392,472452913975122,1000000000,10.654495239257812,-947.5327131275649,299792458,20,-12321.702817630592,340282346638528860000000000000000000000,1575420030,,,,0,,1,48.76445388793945,,,,,,C,
Raw,1697800434999,124891000000,,,-1381835528108759121,0.0,29.963063139835192,,,0,30,0.0,16393,472452926741132,117,12.008708953857422,-1483.0137074277436,1.409845577100869,20,-44073.61485568869,340282346638528860000000000000000000000,1575420030,,,,1,,1,48.76445388793945,,,,,,C,
Raw,1697800434999,124891000000,,,-1381835528108759121,0.0,29.963063139835192,,,0,6,0.0,16392,472452926156460,1000000000,7.0,-444.35343516179273,299792458,20,-6231.794956973552,340282346638528860000000000000000000000,1176450050,,,,0,,1,11.69510269165039,,,,,,Q,
Raw,1697800434999,124891000000,,,-1381835528108759121,0.0,29.963063139835192,,,0,9,0.0,16392,472452928697225,1000000000,7.0,-601.6396776250408,299792458,20,-177848.46388518065,340282346638528860000000000000000000000,1176450050,,,,0,,1,11.69510269165039,,,,,,Q,
Raw,1697800434999,124891000000,,,-1381835528108759121,0.0,29.963063139835192,,,0,30,0.0,81929,472452926741158,90,18.853416442871094,-1482.1015245613671,1.1020467125414748,20,-100184.57300178931,340282346638528860000000000000000000000,1176450050,,,,0,,1,11.69510269165039,,,,,,Q,
Raw,1697800434999,124891000000,,,-1381835528108759121,0.0,29.963063139835192,,,0,10,0.0,16393,294202,128,19.510135650634766,-1624.0312345891325,1.072974044291028,20,-37757.058425489195,340282346638528860000000000000000000000,1598062460,,,,0,,3,61.44657516479492,,,,,,C,
Raw,1697800434999,124891000000,,,-1381835528108759121,0.0,29.963063139835192,,,0,96,0.0,16392,51234920019963,1000000000,8.550270080566406,-389.13634510181805,299792458,20,-5055.600753743675,340282346638528860000000000000000000000,1599750020,,,,0,,3,61.44657516479492,,,,,,C,
Raw,1697800434999,124891000000,,,-1381835528108759121,0.0,29.963063139835192,,,0,97,0.0,16392,51234920547353,1000000000,7.0,-169.47131711314194,299792458,20,-1676.3769848213324,340282346638528860000000000000000000000,1600312450,,,,1,,3,61.44657516479492,,,,,,C,
Raw,1697800434999,124891000000,,,-1381835528108759121,0.0,29.963063139835192,,,0,9,0.0,227,51234931451371,89,23.996166229248047,-1001.1226726306841,0.8716302682000783,20,-122441.15893135515,340282346638528860000000000000000000000,1600875010,,,,0,,3,61.44657516479492,,,,,,C,
Raw,1697800434999,124891000000,,,-1381835528108759121,0.0,29.963063139835192,,,0,16,0.0,16392,51234922190643,1000000000,7.0,-344.3945662190422,299792458,20,-4037.20973510432,340282346638528860000000000000000000000,1601437440,,,,1,,3,61.44657516479492,,,,,,C,
Raw,1697800434999,124891000000,,,-1381835528108759121,0.0,29.963063139835192,,,0,101,0.0,227,51234921058420,101,22.39230728149414,-1586.3528062435134,0.9418845955920623,20,-51417.52142749609,340282346638528860000000000000000000000,1602562560,,,,0,,3,61.44657516479492,,,,,,C,
Raw,1697800434999,124891000000,,,-1381835528108759121,0.0,29.963063139835192,,,0,24,0.0,16392,51234925567032,1000000000,11.88905143737793,-1216.1870631844004,299792458,20,-19463.530101147426,340282346638528860000000000000000000000,1603124990,,,,1,,3,61.44657516479492,,,,,,C,
Raw,1697800434999,124891000000,,,-1381835528108759121,0.0,29.963063139835192,,,0,23,0.0,16392,51234928078554,1000000000,8.281633377075195,-512.9611134001013,299792458,20,-8214.015929797702,340282346638528860000000000000000000000,1603687550,,,,0,,3,61.44657516479492,,,,,,C,
Raw,1697800434999,124891000000,,,-1381835528108759121,0.0,29.963063139835192,,,0,7,0.0,227,51234932088086,155,17.123239517211914,-696.7163710007248,1.1808126674789454,20,-83337.55442899936,340282346638528860000000000000000000000,1604812540,,,,0,,3,61.44657516479492,,,,,,C,
Raw,1697800434999,124891000000,,,-1381835528108759121,0.0,29.963063139835192,,,0,8,0.0,16392,51234932951410,1000000000,12.519378662109375,-1229.747518326044,299792458,20,-34084.29563454329,340282346638528860000000000000000000000,1605374980,,,,0,,3,61.44657516479492,,,,,,C,
Raw,1697800434999,124891000000,,,-1381835528108759121,0.0,29.963063139835192,,,0,5,0.0,16392,472438867427299,1000000000,7.0,-971.6238975207134,299792458,20,-12627.730905082704,340282346638528860000000000000000000000,1561097980,,,,0,,5,61.93585968017578,,,,,,C,
Raw,1697800434999,124891000000,,,-1381835528108759121,0.0,29.963063139835192,,,0,9,0.0,16392,472438866351865,1000000000,8.3272705078125,-814.6382623239965,299792458,20,-10556.244083239233,340282346638528860000000000000000000000,1561097980,,,,1,,5,61.93585968017578,,,,,,C,
Raw,1697800434999,124891000000,,,-1381835528108759121,0.0,29.963063139835192,,,0,19,0.0,16392,472438926446601,1000000000,7.0,-1063.429356719338,299792458,18,-12.696687688281559,340282346638528860000000000000000000000,1561097980,,,,0,,5,61.93585968017578,,,,,,C,
Raw,1697800434999,124891000000,,,-1381835528108759121,0.0,29.963063139835192,,,0,20,0.0,65583,472438922417378,24,22.886734008789062,-607.7435047637109,0.9198952869434431,20,712253.7888838429,340282346638528860000000000000000000000,1561097980,,,,0,,5,61.93585968017578,,,,,,C,
Raw,1697800434999,124891000000,,,-1381835528108759121,0.0,29.963063139835192,,,0,22,0.0,16392,472438918049589,1000000000,7.0,-1466.9918172760226,299792458,20,-19065.470180894175,340282346638528860000000000000000000000,1561097980,,,,1,,5,61.93585968017578,,,,,,C,
Raw,1697800434999,124891000000,,,-1381835528108759121,0.0,29.963063139835192,,,0,35,0.0,16392,472438915413984,1000000000,10.346689224243164,-520.7321179820412,299792458,20,-6731.016392212488,340282346638528860000000000000000000000,1561097980,,,,1,,5,61.93585968017578,,,,,,C,
Raw,1697800434999,124891000000,,,-1381835528108759121,0.0,29.963063139835192,,,0,36,0.0,16393,472438915720455,25,22.492908477783203,-1633.460214351081,0.9399980783696864,20,-39467.5957242573,340282346638528860000000000000000000000,1561097980,,,,0,,5,61.93585968017578,,,,,,C,
Raw,1697800434999,124891000000,,,-1381835528108759121,0.0,29.963063139835192,,,0,37,0.0,16392,472438918738066,1000000000,7.0,-691.7582597205255,299792458,20,-8975.991994051963,340282346638528860000000000000000000000,1561097980,,,,1,,5,61.93585968017578,,,,,,C,
Raw,1697800434999,124891000000,,,-1381835528108759121,0.0,29.963063139835192,,,0,3,0.0,16392,472452917467737,1000000000,12.614472389221191,-1279.700538893614,299792458,18,-2.389016503466659,340282346638528860000000000000000000000,1575420030,,,,0,,6,48.76445388793945,,,,,,C,
Raw,1697800434999,124891000000,,,-1381835528108759121,0.0,29.963063139835192,,,0,5,0.0,16392,472452921492822,1000000000,7.0,-863.468334114053,299792458,18,-1.6027503359239792,340282346638528860000000000000000000000,1575420030,,,,0,,6,48.76445388793945,,,,,,C,
Raw,1697800434999,124891000000,,,-1381835528108759121,0.0,29.963063139835192,,,0,9,0.0,83976,472452910374927,1000000000,14.844610214233398,-552.4507516502556,299792458,20,-7178.3019255324225,340282346638528860000000000000000000000,1575420030,,,,1,,6,48.76445388793945,,,,,,C,
Raw,1697800434999,124891000000,,,-1381835528108759121,0.0,29.963063139835192,,,0,13,0.0,16392,472452905862266,1000000000,21.853290557861328,-1463.1248217589446,299792458,18,-1464.023197307015,340282346638528860000000000000000000000,1575420030,,,,0,,6,48.76445388793945,,,,,,C,
Raw,1697800434999,124891000000,,,-1381835528108759121,0.0,29.963063139835192,,,0,15,0.0,84010,472452916382262,1000000000,17.36072540283203,-1032.0406412302646,299792458,20,-1865.2238729489281,340282346638528860000000000000000000000,1575420030,,,,0,,6,48.76445388793945,,,,,,C,
Raw,1697800434999,124891000000,,,-1381835528108759121,0.0,29.963063139835192,,,0,24,0.0,85034,472452911344492,30,28.59345245361328,-1384.3752923509746,0.006370109040290117,17,-165352.34079562264,0.0031850545201450586,1575420030,,,,0,,6,48.76445388793945,,,,,,C,
Raw,1697800434999,124891000000,,,-1381835528108759121,0.0,29.963063139835192,,,0,25,0.0,16392,472452905548132,1000000000,7.0,-1547.9679167390896,299792458,18,-1548.596280026483,340282346638528860000000000000000000000,1575420030,,,,0,,6,48.76445388793945,,,,,,C,
Raw,1697800434999,124891000000,,,-1381835528108759121,0.0,29.963063139835192,,,0,31,0.0,16392,472452909961747,1000000000,7.0,-959.4504620297221,299792458,18,-961.2361622254357,340282346638528860000000000000000000000,1575420030,,,,0,,6,48.76445388793945,,,,,,C,
Raw,1697800434999,124891000000,,,-1381835528108759121,0.0,29.963063139835192,,,0,34,0.0,84010,472452916019595,1000000000,16.12378692626953,-517.7183767640117,299792458,20,-2499.7705812807976,340282346638528860000000000000000000000,1575420030,,,,1,,6,48.76445388793945,,,,,,C,
Raw,1697800434999,124891000000,,,-1381835528108759121,0.0,29.963063139835192,,,0,36,0.0,16392,472452905119823,1000000000,7.0,-357.566106449304,299792458,18,-0.7290875906070049,340282346638528860000000000000000000000,1575420030,,,,0,,6,48.76445388793945,,,,,,C,
Raw,1697800434999,124891000000,,,-1381835528108759121,0.0,29.963063139835192,,,0,9,0.0,16392,472452910374808,1000000000,16.376930236816406,-552.266808632402,299792458,20,-7173.690362888592,340282346638528860000000000000000000000,1176450050,,,,0,,6,11.69510269165039,,,,,,Q,
Raw,1697800434999,124891000000,,,-1381835528108759121,0.0,29.963063139835192,,,0,15,0.0,16392,472452916382578,1000000000,13.775218963623047,-1034.9149511186592,299792458,20,-19603.253870539087,340282346638528860000000000000000000000,1176450050,,,,0,,6,11.69510269165039,,,,,,Q,
Raw,1697800434999,124891000000,,,-1381835528108759121,0.0,29.963063139835192,,,0,24,0.0,16392,472452911344462,1000000000,10.596696853637695,-1387.2260540089937,299792458,20,-378484.2276572348,340282346638528860000000000000000000000,1176450050,,,,1,,6,11.69510269165039,,,,,,Q,
Raw,1697800434999,124891000000,,,-1381835528108759121,0.0,29.963063139835192,,,0,34,0.0,16392,472452916019504,1000000000,8.878368377685547,-511.94494495887375,299792458,20,-8312.921191056992,340282346638528860000000000000000000000,1176450050,,,,1,,6,11.69510269165039,,,,,,Q,
Raw,1697800435999,125891000000,,,-1381835528108762400,0.0,29.571035238797602,,,0,4,0.0,16426,472453920648585,1000000000,9.559850692749023,-419.37535708500764,299792458,20,-49888.21991203251,340282346638528860000000000000000000000,1575420030,,,,1,,1,52.88554382324219,,,,,,C,
Raw,1697800435999,125891000000,,,-1381835528108762400,0.0,29.571035238797602,,,0,5,0.0,16393,472453918732020,97,14.368629455566406,-1651.082344001461,1.3058793067661645,20,-41992.45556600347,340282346638528860000000000000000000000,1575420030,,,,0,,1,52.88554382324219,,,,,,C,
Raw,1697800435999,125891000000,,,-1381835528108762400,0.0,29.571035238797602,,,0,6,0.0,16393,472453926157910,88,15.487566947937012,-444.9414938666373,1.253300327715344,20,-4601.582931248516,340282346638528860000000000000000000000,1575420030,,,,0,,1,52.88554382324219,,,,,,C,
Raw,1697800435999,125891000000,,,-1381835528108762400,0.0,29.571035238797602,,,0,7,0.0,16393,472453929995369,72,17.9923095703125,-1113.7774611229206,1.1413550347856196,20,-35445.677117801584,340282346638528860000000000000000000000,1575420030,,,,0,,1,52.88554382324219,,,,,,C,
Raw,1697800435999,125891000000,,,-1381835528108762400,0.0,29.571035238797602,,,0,9,0.0,12,472453928699286,1000000000,8.45140266418457,-601.3275504882049,299792458,20,-74205.89024242265,340282346638528860000000000000000000000,1575420030,,,,1,,1,52.88554382324219,,,,,,C,
Raw,1697800435999,125891000000,,,-1381835528108762400,0.0,29.571035238797602,,,0,11,0.0,16392,472453927626360,1000000000,9.50401496887207,-886.2216457588552,299792458,20,-16002.90087732748,340282346638528860000000000000000000000,1575420030,,,,1,,1,52.88554382324219,,,,,,C,
Raw,1697800435999,125891000000,,,-1381835528108762400,0.0,29.571035238797602,,,0,13,0.0,16392,472453915842554,1000000000,7.0,-1614.61738743788,299792458,20,-15844.557180597829,340282346638528860000000000000000000000,1575420030,,,,0,,1,52.88554382324219,,,,,,C,
Raw,1697800435999,125891000000,,,-1381835528108762400,0.0,29.571035238797602,,,0,16,0.0,16392,472453918095670,1000000000,9.364633560180664,-799.6710878718304,299792458,20,-13651.827471424971,340282346638528860000000000000000000000,1575420030,,,,1,,1,52.88554382324219,,,,,,C,
Raw,1697800435999,125891000000,,,-1381835528108762400,0.0,29.571035238797602,,,0,20,0.0,16392,472453927915846,1000000000,9.418594360351562,-1450.4113838268058,299792458,20,-24648.04984364848,340282346638528860000000000000000000000,1575420030,,,,1,,1,52.88554382324219,,,,,,C,
Raw,1697800435999,125891000000,,,-1381835528108762400,0.0,29.571035238797602,,,0,29,0.0,16392,472453913978285,1000000000,9.794273376464844,-947.7367307123104,299792458,20,-13269.82632043074,340282346638528860000000000000000000000,1575420030,,,,1,,1,52.88554382324219,,,,,,C,
Raw,1697800435999,125891000000,,,-1381835528108762400,0.0,29.571035238797602,,,0,30,0.0,16393,472453926746050,109,12.828329086303711,-1482.7413204352133,1.372988995005536,20,-45555.5076112315,340282346638528860000000000000000000000,1575420030,,,,1,,1,52.88554382324219,,,,,,C,
Raw,1697800435999,125891000000,,,-1381835528108762400,0.0,29.571035238797602,,,0,6,0.0,16392,472453926157903,1000000000,9.010351181030273,-444.39228916222874,299792458,20,-6671.074989368575,340282346638528860000000000000000000000,1176450050,,,,0,,1,20.0,,,,,,Q,
Raw,1697800435999,125891000000,,,-1381835528108762400,0.0,29.571035238797602,,,0,9,0.0,16392,472453928699232,1000000000,8.038961410522461,-601.6396776250408,299792458,20,-178450.10360943992,340282346638528860000000000000000000000,1176450050,,,,0,,1,20.0,,,,,,Q,
Raw,1697800435999,125891000000,,,-1381835528108762400,0.0,29.571035238797602,,,0,30,0.0,81929,472453926746102,95,18.567886352539062,-1482.0798481190186,1.114887677440231,20,-101667.3420643899,340282346638528860000000000000000000000,1176450050,,,,0,,1,20.0,,,,,,Q,
Raw,1697800435999,125891000000,,,-1381835528108762400,0.0,29.571035238797602,,,0,10,0.0,16393,299543,124,19.94036865234375,-1623.199622649976,1.053627856772672,20,-39380.34300076551,340282346638528860000000000000000000000,1598062460,,,,0,,3,61.584014892578125,,,,,,C,
Raw,1697800435999,125891000000,,,-1381835528108762400,0.0,29.571035238797602,,,0,96,0.0,16392,51235920021263,1000000000,7.690084457397461,-389.41036805226145,299792458,20,-5445.16461180658,340282346638528860000000000000000000000,1599750020,,,,0,,3,61.584014892578125,,,,,,C,
Raw,1697800435999,125891000000,,,-1381835528108762400,0.0,29.571035238797602,,,0,97,0.0,16392,51235920547928,1000000000,7.0,-170.90080350462165,299792458,20,-1847.6894329392064,340282346638528860000000000000000000000,1600312450,,,,1,,3,61.584014892578125,,,,,,C,
Raw,1697800435999,125891000000,,,-1381835528108762400,0.0,29.571035238797602,,,0,9,0.0,227,51235931454709,89,23.953292846679688,-1001.3585519662738,0.01069531962275505,17,-123442.51748332143,0.005347659811377525,1600875010,,,,0,,3,61.584014892578125,,,,,,C,
Raw,1697800435999,125891000000,,,-1381835528108762400,0.0,29.571035238797602,,,0,16,0.0,16392,51235922190998,1000000000,7.0,-342.2899063638456,299792458,20,-4378.740066093187,340282346638528860000000000000000000000,1601437440,,,,0,,3,61.584014892578125,,,,,,C,
Raw,1697800435999,125891000000,,,-1381835528108762400,0.0,29.571035238797602,,,0,101,0.0,227,51235921063708,102,22.261882781982422,-1586.1446305990721,0.9477505724499657,20,-53003.61011240618,340282346638528860000000000000000000000,1602562560,,,,0,,3,61.584014892578125,,,,,,C,
Raw,1697800435999,125891000000,,,-1381835528108762400,0.0,29.571035238797602,,,0,24,0.0,16392,51235925571216,1000000000,11.028846740722656,-1214.8857949943595,299792458,20,-20680.899437098804,340282346638528860000000000000000000000,1603124990,,,,1,,3,61.584014892578125,,,,,,C,
Raw,1697800435999,125891000000,,,-1381835528108762400,0.0,29.571035238797602,,,0,23,0.0,16392,51235928080267,1000000000,7.421485900878906,-513.0266880464512,299792458,20,-8727.328131598944,340282346638528860000000000000000000000,1603687550,,,,1,,3,61.584014892578125,,,,,,C,
Raw,1697800435999,125891000000,,,-1381835528108762400,0.0,29.571035238797602,,,0,7,0.0,227,51235932090493,224,12.595565795898438,-696.8215494615542,1.3844174018429367,20,-84033.26583708488,340282346638528860000000000000000000000,1604812540,,,,0,,3,61.584014892578125,,,,,,C,
Raw,1697800435999,125891000000,,,-1381835528108762400,0.0,29.571035238797602,,,0,8,0.0,16392,51235932955506,1000000000,14.44503402709961,-1229.9296549737019,299792458,20,-35315.13772429984,340282346638528860000000000000000000000,1605374980,,,,0,,3,61.584014892578125,,,,,,C,
Raw,1697800435999,125891000000,,,-1381835528108762400,0.0,29.571035238797602,,,0,5,0.0,16392,472439867430540,1000000000,7.0,-971.9986000477252,299792458,20,-13599.80478990397,340282346638528860000000000000000000000,1561097980,,,,0,,5,61.96491241455078,,,,,,C,
Raw,1697800435999,125891000000,,,-1381835528108762400,0.0,29.571035238797602,,,0,9,0.0,16392,472439866354543,1000000000,7.0,-813.6181744002688,299792458,20,-11368.03453918224,340282346638528860000000000000000000000,1561097980,,,,1,,5,61.96491241455078,,,,,,C,
Raw,1697800435999,125891000000,,,-1381835528108762400,0.0,29.571035238797602,,,0,19,0.0,16392,472439926450152,1000000000,9.27595329284668,-1063.8040592463499,299792458,18,-12.657333288223246,340282346638528860000000000000000000000,1561097980,,,,0,,5,61.96491241455078,,,,,,C,
Raw,1697800435999,125891000000,,,-1381835528108762400,0.0,29.571035238797602,,,0,20,0.0,65583,472439922419417,24,22.69403076171875,-608.054404932112,0.928561217485453,20,711646.0061152823,340282346638528860000000000000000000000,1561097980,,,,0,,5,61.96491241455078,,,,,,C,
Raw,1697800435999,125891000000,,,-1381835528108762400,0.0,29.571035238797602,,,0,22,0.0,16392,472439918054486,1000000000,7.0,-1467.3664516381214,299792458,20,-20533.28614802638,340282346638528860000000000000000000000,1561097980,,,,1,,5,61.96491241455078,,,,,,C,
Raw,1697800435999,125891000000,,,-1381835528108762400,0.0,29.571035238797602,,,0,35,0.0,16392,472439915415749,1000000000,7.0,-519.3498698753021,299792458,20,-7248.033203681062,340282346638528860000000000000000000000,1561097980,,,,1,,5,61.96491241455078,,,,,,C,
Raw,1697800435999,125891000000,,,-1381835528108762400,0.0,29.571035238797602,,,0,36,0.0,16393,472439915725901,27,21.261056900024414,-1633.3961393328182,0.9953939857655767,20,-41100.499423014866,340282346638528860000000000000000000000,1561097980,,,,0,,5,61.96491241455078,,,,,,C,
Raw,1697800435999,125891000000,,,-1381835528108762400,0.0,29.571035238797602,,,0,37,0.0,16392,472439918740413,1000000000,7.994556427001953,-693.3991936722728,299792458,20,-9666.786057905447,340282346638528860000000000000000000000,1561097980,,,,1,,5,61.96491241455078,,,,,,C,
Raw,1697800435999,125891000000,,,-1381835528108762400,0.0,29.571035238797602,,,0,3,0.0,16392,472453917472008,1000000000,14.818432807922363,-1280.0717650100605,299792458,18,-2.4194094357734706,340282346638528860000000000000000000000,1575420030,,,,0,,6,52.88554382324219,,,,,,C,
Raw,1697800435999,125891000000,,,-1381835528108762400,0.0,29.571035238797602,,,0,5,0.0,16392,472453921495706,1000000000,7.0,-863.8396283954125,299792458,18,-1.623378230953299,340282346638528860000000000000000000000,1575420030,,,,0,,6,52.88554382324219,,,,,,C,
Raw,1697800435999,125891000000,,,-1381835528108762400,0.0,29.571035238797602,,,0,9,0.0,83976,472453910376772,1000000000,14.60853099822998,-552.9006059939002,299792458,20,-7731.219817221593,340282346638528860000000000000000000000,1575420030,,,,1,,6,52.88554382324219,,,,,,C,
Raw,1697800435999,125891000000,,,-1381835528108762400,0.0,29.571035238797602,,,0,13,0.0,84010,472453905867166,1000000000,11.220609664916992,-1463.0460231194638,299792458,20,-2633.9150642649993,340282346638528860000000000000000000000,1575420030,,,,0,,6,52.88554382324219,,,,,,C,
Raw,1697800435999,125891000000,,,-1381835528108762400,0.0,29.571035238797602,,,0,15,0.0,84010,472453916386093,1000000000,16.581602096557617,-1032.4054598448847,299792458,20,-2897.248780384554,340282346638528860000000000000000000000,1575420030,,,,0,,6,52.88554382324219,,,,,,C,
Raw,1697800435999,125891000000,,,-1381835528108762400,0.0,29.571035238797602,,,0,24,0.0,85034,472453911349116,30,28.62694549560547,-1384.4334738513408,0.6619320299539746,20,-166736.78614237174,340282346638528860000000000000000000000,1575420030,,,,0,,6,52.88554382324219,,,,,,C,
Raw,1697800435999,125891000000,,,-1381835528108762400,0.0,29.571035238797602,,,0,25,0.0,16392,472453905553295,1000000000,7.0,-1548.1535979622258,299792458,18,-1548.6327813061444,340282346638528860000000000000000000000,1575420030,,,,0,,6,52.88554382324219,,,,,,C,
Raw,1697800435999,125891000000,,,-1381835528108762400,0.0,29.571035238797602,,,0,31,0.0,16392,472453909964951,1000000000,7.0,-959.4504620297221,299792458,18,-961.2586713266563,340282346638528860000000000000000000000,1575420030,,,,0,,6,52.88554382324219,,,,,,C,
Raw,1697800435999,125891000000,,,-1381835528108762400,0.0,29.571035238797602,,,0,34,0.0,16392,472453916021330,1000000000,15.072728157043457,-520.0117852634316,299792458,18,-4.141285104097438,340282346638528860000000000000000000000,1575420030,,,,0,,6,52.88554382324219,,,,,,C,
Raw,1697800435999,125891000000,,,-1381835528108762400,0.0,29.571035238797602,,,0,36,0.0,16392,472453905121016,1000000000,7.0,-357.93743481312003,299792458,18,-0.7378468422792568,340282346638528860000000000000000000000,1575420030,,,,0,,6,52.88554382324219,,,,,,C,
Raw,1697800435999,125891000000,,,-1381835528108762400,0.0,29.571035238797602,,,0,9,0.0,16392,472453910376656,1000000000,12.705656051635742,-552.266808632402,299792458,20,-7723.1958989694685,340282346638528860000000000000000000000,1176450050,,,,0,,6,20.0,,,,,,Q,
Raw,1697800435999,125891000000,,,-1381835528108762400,0.0,29.571035238797602,,,0,13,0.0,16392,472453905866998,1000000000,7.0,-1464.3250695478519,299792458,20,-20469.248512133483,340282346638528860000000000000000000000,1176450050,,,,0,,6,20.0,,,,,,Q,
Raw,1697800435999,125891000000,,,-1381835528108762400,0.0,29.571035238797602,,,0,15,0.0,16392,472453916386020,1000000000,8.83735466003418,-1039.731756534115,299792458,20,-20635.071859524083,340282346638528860000000000000000000000,1176450050,,,,0,,6,20.0,,,,,,Q,
Raw,1697800435999,125891000000,,,-1381835528108762400,0.0,29.571035238797602,,,0,24,0.0,16392,472453911349079,1000000000,7.757051467895508,-1383.2881669823482,299792458,20,-379869.0846299754,340282346638528860000000000000000000000,1176450050,,,,1,,6,20.0,,,,,,Q,
Raw,1697800436999,126891000000,,,-1381835528108765679,0.0,29.268380766625366,,,0,4,0.0,16392,472454920649979,1000000000,8.699653625488281,-418.41552694441225,299792458,20,-50307.20032059906,340282346638528860000000000000000000000,1575420030,,,,1,,1,52.750877380371094,,,,,,C,
Raw,1697800436999,126891000000,,,-1381835528108765679,0.0,29.268380766625366,,,0,5,0.0,16393,472454918737542,99,14.104720115661621,-1652.4337815675035,1.3177481228464458,20,-43642.519577671745,340282346638528860000000000000000000000,1575420030,,,,1,,1,52.750877380371094,,,,,,C,
Raw,1697800436999,126891000000,,,-1381835528108765679,0.0,29.268380766625366,,,0,6,0.0,16393,472454926159438,92,14.966575622558594,-444.55605536582084,1.276728954479073,20,-5048.0961980992315,340282346638528860000000000000000000000,1575420030,,,,0,,1,52.750877380371094,,,,,,C,
Raw,1697800436999,126891000000,,,-1381835528108765679,0.0,29.268380766625366,,,0,7,0.0,16393,472454929999078,78,16.986675262451172,-1112.2961693975262,1.1865780611497279,20,-36559.3739006352,340282346638528860000000000000000000000,1575420030,,,,0,,1,52.750877380371094,,,,,,C,
Raw,1697800436999,126891000000,,,-1381835528108765679,0.0,29.268380766625366,,,0,9,0.0,12,472454928701295,1000000000,7.591175079345703,-601.5132317113412,299792458,20,-74806.2510951796,340282346638528860000000000000000000000,1575420030,,,,1,,1,52.750877380371094,,,,,,C,
Raw,1697800436999,126891000000,,,-1381835528108765679,0.0,29.268380766625366,,,0,11,0.0,16392,472454927629318,1000000000,8.720760345458984,-887.046236711968,299792458,20,-16890.7407988296,340282346638528860000000000000000000000,1575420030,,,,1,,1,52.750877380371094,,,,,,C,
Raw,1697800436999,126891000000,,,-1381835528108765679,0.0,29.268380766625366,,,0,13,0.0,16392,472454915847938,1000000000,7.461729049682617,-1615.6566297021736,299792458,20,-17459.28220268652,340282346638528860000000000000000000000,1575420030,,,,0,,1,52.750877380371094,,,,,,C,
Raw,1697800436999,126891000000,,,-1381835528108765679,0.0,29.268380766625366,,,0,16,0.0,16392,472454918098347,1000000000,9.58047103881836,-802.5456704198773,299792458,20,-14453.645686914379,340282346638528860000000000000000000000,1575420030,,,,1,,1,52.750877380371094,,,,,,C,
Raw,1697800436999,126891000000,,,-1381835528108765679,0.0,29.268380766625366,,,0,20,0.0,16392,472454927920687,1000000000,8.558391571044922,-1448.4684111453535,299792458,20,-26099.360679210968,340282346638528860000000000000000000000,1575420030,,,,1,,1,52.750877380371094,,,,,,C,
Raw,1697800436999,126891000000,,,-1381835528108765679,0.0,29.268380766625366,,,0,29,0.0,16392,472454913981450,1000000000,8.934074401855469,-948.1258160359748,299792458,20,-14217.848786440785,340282346638528860000000000000000000000,1575420030,,,,0,,1,52.750877380371094,,,,,,C,
Raw,1697800436999,126891000000,,,-1381835528108765679,0.0,29.268380766625366,,,0,30,0.0,16393,472454926751060,109,12.839134216308594,-1481.8479510848374,1.372503985673065,20,-47038.924438611335,340282346638528860000000000000000000000,1575420030,,,,0,,1,52.750877380371094,,,,,,C,
Raw,1697800436999,126891000000,,,-1381835528108765679,0.0,29.268380766625366,,,0,6,0.0,16392,472454926159434,1000000000,7.0,-450.43279109667947,299792458,20,-7116.125518358622,340282346638528860000000000000000000000,1176450050,,,,1,,1,9.172757148742676,,,,,,Q,
Raw,1697800436999,126891000000,,,-1381835528108765679,0.0,29.268380766625366,,,0,9,0.0,16392,472454928701239,1000000000,9.006126403808594,-601.6396776250408,299792458,20,-179051.74333356982,340282346638528860000000000000000000000,1176450050,,,,0,,1,9.172757148742676,,,,,,Q,
Raw,1697800436999,126891000000,,,-1381835528108765679,0.0,29.268380766625366,,,0,30,0.0,81929,472454926751048,102,18.213756561279297,-1482.4289888036383,1.1308133043561952,20,-103149.92213393634,340282346638528860000000000000000000000,1176450050,,,,0,,1,9.172757148742676,,,,,,Q,
Raw,1697800436999,126891000000,,,-1381835528108765679,0.0,29.268380766625366,,,0,10,0.0,16393,304969,119,20.408605575561523,-1622.9763143948385,1.0325728201500248,20,-41003.787064439624,340282346638528860000000000000000000000,1598062460,,,,0,,3,63.93495178222656,,,,,,C,
Raw,1697800436999,126891000000,,,-1381835528108765679,0.0,29.268380766625366,,,0,96,0.0,16392,51236920022563,1000000000,7.0,-389.59298185431066,299792458,20,-5834.975073161153,340282346638528860000000000000000000000,1599750020,,,,0,,3,63.93495178222656,,,,,,C,
Raw,1697800436999,126891000000,,,-1381835528108765679,0.0,29.268380766625366,,,0,97,0.0,16392,51236920548493,1000000000,7.0,-171.3568097316686,299792458,20,-2019.0956999259015,340282346638528860000000000000000000000,1600312450,,,,1,,3,63.93495178222656,,,,,,C,
Raw,1697800436999,126891000000,,,-1381835528108765679,0.0,29.268380766625366,,,0,9,0.0,227,51236931458092,79,25.42828369140625,-1001.0688511565677,0.009024938568472862,17,-124443.586334478,0.004512469284236431,1600875010,,,,0,,3,63.93495178222656,,,,,,C,
Raw,1697800436999,126891000000,,,-1381835528108765679,0.0,29.268380766625366,,,0,16,0.0,16392,51236922192145,1000000000,7.0,-342.38111101750064,299792458,20,-4720.409840949003,340282346638528860000000000000000000000,1601437440,,,,0,,3,63.93495178222656,,,,,,C,
Raw,1697800436999,126891000000,,,-1381835528108765679,0.0,29.268380766625366,,,0,101,0.0,227,51236921068985,93,23.461336135864258,-1585.3563715446126,0.8938134873874688,20,-54589.61249199559,340282346638528860000000000000000000000,1602562560,,,,0,,3,63.93495178222656,,,,,,C,
Raw,1697800436999,126891000000,,,-1381835528108765679,0.0,29.268380766625366,,,0,24,0.0,16392,51236925575274,1000000000,10.374893188476562,-1216.4069631938855,299792458,20,-21897.211201262708,340282346638528860000000000000000000000,1603124990,,,,1,,3,63.93495178222656,,,,,,C,
Raw,1697800436999,126891000000,,,-1381835528108765679,0.0,29.268380766625366,,,0,23,0.0,16392,51236928081978,1000000000,8.12490463256836,-513.4159096999417,299792458,20,-9240.630305819877,340282346638528860000000000000000000000,1603687550,,,,1,,3,63.93495178222656,,,,,,C,
Raw,1697800436999,126891000000,,,-1381835528108765679,0.0,29.268380766625366,,,0,7,0.0,227,51236932092755,229,12.330562591552734,-697.6680895166678,1.3963346789160864,20,-84729.27655231446,340282346638528860000000000000000000000,1604812540,,,,1,,3,63.93495178222656,,,,,,C,
Raw,1697800436999,126891000000,,,-1381835528108765679,0.0,29.268380766625366,,,0,8,0.0,16392,51236932959499,1000000000,17.657865524291992,-1230.2025872855365,299792458,20,-36544.45622287198,340282346638528860000000000000000000000,1605374980,,,,0,,3,63.93495178222656,,,,,,C,
Raw,1697800436999,126891000000,,,-1381835528108765679,0.0,29.268380766625366,,,0,5,0.0,16392,472440867433962,1000000000,7.0,-971.9986000477252,299792458,20,-14572.102816450888,340282346638528860000000000000000000000,1561097980,,,,0,,5,62.08014678955078,,,,,,C,
Raw,1697800436999,126891000000,,,-1381835528108765679,0.0,29.268380766625366,,,0,9,0.0,16392,472440866357241,1000000000,7.0,-813.1211840192532,299792458,20,-12181.59538094624,340282346638528860000000000000000000000,1561097980,,,,1,,5,62.08014678955078,,,,,,C,
Raw,1697800436999,126891000000,,,-1381835528108765679,0.0,29.268380766625366,,,0,19,0.0,16392,472440926453702,1000000000,7.0,-1063.429356719338,299792458,18,-12.680055362628634,340282346638528860000000000000000000000,1561097980,,,,0,,5,62.08014678955078,,,,,,C,
Raw,1697800436999,126891000000,,,-1381835528108765679,0.0,29.268380766625366,,,0,20,0.0,65583,472440922421452,23,23.374540328979492,-607.441806858571,0.897959831238822,20,711038.3637746683,340282346638528860000000000000000000000,1561097980,,,,0,,5,62.08014678955078,,,,,,C,
Raw,1697800436999,126891000000,,,-1381835528108765679,0.0,29.268380766625366,,,0,22,0.0,16392,472440918059380,1000000000,7.0,-1467.740949670394,299792458,20,-22000.740849893118,340282346638528860000000000000000000000,1561097980,,,,1,,5,62.08014678955078,,,,,,C,
Raw,1697800436999,126891000000,,,-1381835528108765679,0.0,29.268380766625366,,,0,35,0.0,16392,472440915417457,1000000000,9.860424041748047,-518.6893859503466,299792458,20,-7766.156976357291,340282346638528860000000000000000000000,1561097980,,,,0,,5,62.08014678955078,,,,,,C,
Raw,1697800436999,126891000000,,,-1381835528108765679,0.0,29.268380766625366,,,0,36,0.0,16393,472440915731332,27,21.63818359375,-1632.3511712158288,0.9784359000592437,20,-42733.32233874493,340282346638528860000000000000000000000,1561097980,,,,0,,5,62.08014678955078,,,,,,C,
Raw,1697800436999,126891000000,,,-1381835528108765679,0.0,29.268380766625366,,,0,37,0.0,16392,472440918742737,1000000000,8.347885131835938,-691.1802894228117,299792458,20,-10356.038470208576,340282346638528860000000000000000000000,1561097980,,,,0,,5,62.08014678955078,,,,,,C,
Raw,1697800436999,126891000000,,,-1381835528108765679,0.0,29.268380766625366,,,0,3,0.0,16392,472454917476276,1000000000,13.479377746582031,-1279.8860837869242,299792458,18,-2.3691795787995273,340282346638528860000000000000000000000,1575420030,,,,0,,6,52.750877380371094,,,,,,C,
Raw,1697800436999,126891000000,,,-1381835528108765679,0.0,29.268380766625366,,,0,5,0.0,16392,472454921498589,1000000000,7.0,-863.8396283954125,299792458,18,-1.5896015115052529,340282346638528860000000000000000000000,1575420030,,,,0,,6,52.750877380371094,,,,,,C,
Raw,1697800436999,126891000000,,,-1381835528108765679,0.0,29.268380766625366,,,0,9,0.0,83976,472454910378617,1000000000,13.993722915649414,-552.7726604521135,299792458,20,-8284.240101372841,340282346638528860000000000000000000000,1575420030,,,,1,,6,52.750877380371094,,,,,,C,
Raw,1697800436999,126891000000,,,-1381835528108765679,0.0,29.268380766625366,,,0,13,0.0,84010,472454905872049,1000000000,11.026785850524902,-1463.5218142125223,299792458,20,-4098.483527271859,340282346638528860000000000000000000000,1575420030,,,,0,,6,52.750877380371094,,,,,,C,
Raw,1697800436999,126891000000,,,-1381835528108765679,0.0,29.268380766625366,,,0,15,0.0,84010,472454916389536,1000000000,16.408111572265625,-1032.7184731255902,299792458,20,-3930.1858927142166,340282346638528860000000000000000000000,1575420030,,,,1,,6,52.750877380371094,,,,,,C,
Raw,1697800436999,126891000000,,,-1381835528108765679,0.0,29.268380766625366,,,0,24,0.0,85034,472454911353738,29,29.01342010498047,-1384.282586629939,0.00606943853199482,17,-168121.06872900168,0.00303471926599741,1575420030,,,,0,,6,52.750877380371094,,,,,,C,
Raw,1697800436999,126891000000,,,-1381835528108765679,0.0,29.268380766625366,,,0,25,0.0,16392,472454905558457,1000000000,17.69802474975586,-1548.1535979622258,299792458,18,-1548.5722474424342,340282346638528860000000000000000000000,1575420030,,,,0,,6,52.750877380371094,,,,,,C,
Raw,1697800436999,126891000000,,,-1381835528108765679,0.0,29.268380766625366,,,0,31,0.0,16392,472454909968151,1000000000,7.0,-959.6360750879453,299792458,18,-961.341568486121,340282346638528860000000000000000000000,1575420030,,,,0,,6,52.750877380371094,,,,,,C,
Raw,1697800436999,126891000000,,,-1381835528108765679,0.0,29.268380766625366,,,0,34,0.0,16392,472454916023063,1000000000,7.0,-519.8261040402954,299792458,18,-4.152749185114574,340282346638528860000000000000000000000,1575420030,,,,0,,6,52.750877380371094,,,,,,C,
Raw,1697800436999,126891000000,,,-1381835528108765679,0.0,29.268380766625366,,,0,36,0.0,16392,472454905122207,1000000000,7.0,-357.93743481312003,299792458,18,-0.7238512446934551,340282346638528860000000000000000000000,1575420030,,,,0,,6,52.750877380371094,,,,,,C,
Raw,1697800436999,126891000000,,,-1381835528108765679,0.0,29.268380766625366,,,0,9,0.0,16392,472454910378508,1000000000,8.398929595947266,-552.266808632402,299792458,20,-8278.924508439319,340282346638528860000000000000000000000,1176450050,,,,0,,6,9.172757148742676,,,,,,Q,
Raw,1697800436999,126891000000,,,-1381835528108765679,0.0,29.268380766625366,,,0,13,0.0,16392,472454905871874,1000000000,7.0,-1461.8341872953388,299792458,20,-21931.07533603185,340282346638528860000000000000000000000,1176450050,,,,0,,6,9.172757148742676,,,,,,Q,
Raw,1697800436999,126891000000,,,-1381835528108765679,0.0,29.268380766625366,,,0,15,0.0,16392,472454916389461,1000000000,7.0,-1031.7392841496899,299792458,20,-21666.683941767806,340282346638528860000000000000000000000,1176450050,,,,1,,6,9.172757148742676,,,,,,Q,
Raw,1697800436999,126891000000,,,-1381835528108765679,0.0,29.268380766625366,,,0,24,0.0,16392,472454911353708,1000000000,9.788093566894531,-1383.6036341999234,299792458,20,-381250.8351459097,340282346638528860000000000000000000000,1176450050,,,,1,,6,9.172757148742676,,,,,,Q,
Raw,1697800437999,127891000000,,,-1381835528108768957,0.0,29.41214808266526,,,0,4,0.0,16392,472455920651379,1000000000,8.811790466308594,-416.6832860916404,299792458,20,-50725.13189507235,340282346638528860000000000000000000000,1575420030,,,,1,,1,52.795997619628906,,,,,,C,
Raw,1697800437999,127891000000,,,-1381835528108768957,0.0,29.41214808266526,,,0,5,0.0,16393,472455918743103,98,14.15858268737793,-1650.5372973567482,1.3153269370873684,20,-45292.797638856355,340282346638528860000000000000000000000,1575420030,,,,1,,1,52.795997619628906,,,,,,C,
Raw,1697800437999,127891000000,,,-1381835528108768957,0.0,29.41214808266526,,,0,6,0.0,16392,472455926160938,1000000000,14.160614013671875,-445.2567225070168,299792458,20,-5492.8011528385305,340282346638528860000000000000000000000,1575420030,,,,1,,1,52.795997619628906,,,,,,C,
Raw,1697800437999,127891000000,,,-1381835528108768957,0.0,29.41214808266526,,,0,7,0.0,16393,472455930002772,86,15.78038215637207,-1110.7855667595222,1.2408242847436544,20,-37672.179292473695,340282346638528860000000000000000000000,1575420030,,,,0,,1,52.795997619628906,,,,,,C,
Raw,1697800437999,127891000000,,,-1381835528108768957,0.0,29.41214808266526,,,0,9,0.0,12,472455928703303,1000000000,7.0,-601.6988447695644,299792458,20,-75407.66880960048,340282346638528860000000000000000000000,1575420030,,,,1,,1,52.795997619628906,,,,,,C,
Raw,1697800437999,127891000000,,,-1381835528108768957,0.0,29.41214808266526,,,0,11,0.0,16392,472455927632518,1000000000,8.948213577270508,-885.5440865231817,299792458,20,-17778.2052865525,340282346638528860000000000000000000000,1575420030,,,,0,,1,52.795997619628906,,,,,,C,
Raw,1697800437999,127891000000,,,-1381835528108768957,0.0,29.41214808266526,,,0,13,0.0,16392,472455915853320,1000000000,8.084220886230469,-1613.3373867007094,299792458,20,-19074.694758806236,340282346638528860000000000000000000000,1575420030,,,,1,,1,52.795997619628906,,,,,,C,
Raw,1697800437999,127891000000,,,-1381835528108768957,0.0,29.41214808266526,,,0,16,0.0,16392,472455918100969,1000000000,9.932628631591797,-802.3888911198724,299792458,20,-15256.370371541152,340282346638528860000000000000000000000,1575420030,,,,0,,1,52.795997619628906,,,,,,C,
Raw,1697800437999,127891000000,,,-1381835528108768957,0.0,29.41214808266526,,,0,20,0.0,16392,472455927925523,1000000000,7.698190689086914,-1450.1110492199268,299792458,20,-27549.057888341184,340282346638528860000000000000000000000,1575420030,,,,1,,1,52.795997619628906,,,,,,C,
Raw,1697800437999,127891000000,,,-1381835528108768957,0.0,29.41214808266526,,,0,29,0.0,16392,472455913984611,1000000000,8.073875427246094,-947.9401348128386,299792458,20,-15165.537736584956,340282346638528860000000000000000000000,1575420030,,,,1,,1,52.795997619628906,,,,,,C,
Raw,1697800437999,127891000000,,,-1381835528108768957,0.0,29.41214808266526,,,0,30,0.0,16393,472455926755932,107,13.15689468383789,-1482.918821868784,1.3582155814488557,20,-48521.104815199214,340282346638528860000000000000000000000,1575420030,,,,1,,1,52.795997619628906,,,,,,C,
Raw,1697800437999,127891000000,,,-1381835528108768957,0.0,29.41214808266526,,,0,6,0.0,16392,472455926160913,1000000000,14.19151496887207,-445.0138509218352,299792458,20,-7561.573649645354,340282346638528860000000000000000000000,1176450050,,,,0,,1,11.48062515258789,,,,,,Q,
Raw,1697800437999,127891000000,,,-1381835528108768957,0.0,29.41214808266526,,,0,9,0.0,16392,472455928703246,1000000000,7.0,-601.6396776250408,299792458,20,-179653.38305782905,340282346638528860000000000000000000000,1176450050,,,,0,,1,11.48062515258789,,,,,,Q,
Raw,1697800437999,127891000000,,,-1381835528108768957,0.0,29.41214808266526,,,0,30,0.0,81929,472455926755994,113,17.767574310302734,-1483.5856110481964,1.1508784186918293,20,-104632.02861444696,340282346638528860000000000000000000000,1176450050,,,,0,,1,11.48062515258789,,,,,,Q,
Raw,1697800437999,127891000000,,,-1381835528108768957,0.0,29.41214808266526,,,0,10,0.0,16393,310448,123,20.006900787353516,-1622.6874314933511,1.050638053154966,20,-42626.19623652911,340282346638528860000000000000000000000,1598062460,,,,0,,3,61.556697845458984,,,,,,C,
Raw,1697800437999,127891000000,,,-1381835528108768957,0.0,29.41214808266526,,,0,96,0.0,16392,51237920023862,1000000000,7.0,-390.0473009997597,299792458,22,-708.7157053195615,340282346638528860000000000000000000000,1599750020,,,,0,,3,61.556697845458984,,,,,,C,
Raw,1697800437999,127891000000,,,-1381835528108768957,0.0,29.41214808266526,,,0,97,0.0,16392,51237920549057,1000000000,7.0,-171.17443450681503,299792458,20,-2189.8721167689846,340282346638528860000000000000000000000,1600312450,,,,1,,3,61.556697845458984,,,,,,C,
Raw,1697800437999,127891000000,,,-1381835528108768957,0.0,29.41214808266526,,,0,9,0.0,227,51237931461493,78,25.63914680480957,-1000.2194193679165,0.7977490881495224,20,-125444.07718896888,340282346638528860000000000000000000000,1600875010,,,,0,,3,61.556697845458984,,,,,,C,
Raw,1697800437999,127891000000,,,-1381835528108768957,0.0,29.41214808266526,,,0,16,0.0,16392,51237922193290,1000000000,7.0,-342.38111101750064,299792458,20,-5063.958357777324,340282346638528860000000000000000000000,1601437440,,,,1,,3,61.556697845458984,,,,,,C,
Raw,1697800437999,127891000000,,,-1381835528108768957,0.0,29.41214808266526,,,0,101,0.0,227,51237921074352,94,23.353511810302734,-1585.0464938499072,0.8986631813083923,20,-56175.157552311255,340282346638528860000000000000000000000,1602562560,,,,0,,3,61.556697845458984,,,,,,C,
Raw,1697800437999,127891000000,,,-1381835528108768957,0.0,29.41214808266526,,,0,24,0.0,16392,51237925579324,1000000000,9.514657974243164,-1216.1022660325716,299792458,20,-23113.048578991646,340282346638528860000000000000000000000,1603124990,,,,1,,3,61.556697845458984,,,,,,C,
Raw,1697800437999,127891000000,,,-1381835528108768957,0.0,29.41214808266526,,,0,23,0.0,16392,51237928083689,1000000000,7.264759063720703,-513.0261768096034,299792458,20,-9753.308095330158,340282346638528860000000000000000000000,1603687550,,,,1,,3,61.556697845458984,,,,,,C,
Raw,1697800437999,127891000000,,,-1381835528108768957,0.0,29.41214808266526,,,0,7,0.0,227,51237932094960,229,12.328346252441406,-697.4555513177916,1.3964347961321222,20,-85424.71225414949,340282346638528860000000000000000000000,1604812540,,,,1,,3,61.556697845458984,,,,,,C,
Raw,1697800437999,127891000000,,,-1381835528108768957,0.0,29.41214808266526,,,0,8,0.0,16392,51237932963577,1000000000,19.329730987548828,-1229.6111884999527,299792458,20,-37774.2949847467,340282346638528860000000000000000000000,1605374980,,,,0,,3,61.556697845458984,,,,,,C,
Raw,1697800437999,127891000000,,,-1381835528108768957,0.0,29.41214808266526,,,0,5,0.0,16392,472441867437204,1000000000,7.0,-972.373302574737,299792458,20,-15544.177064568474,340282346638528860000000000000000000000,1561097980,,,,0,,5,61.848121643066406,,,,,,C,
Raw,1697800437999,127891000000,,,-1381835528108768957,0.0,29.41214808266526,,,0,9,0.0,16392,472441866359815,1000000000,7.0,-813.1211840192532,299792458,20,-12994.716584424557,340282346638528860000000000000000000000,1561097980,,,,1,,5,61.848121643066406,,,,,,C,
Raw,1697800437999,127891000000,,,-1381835528108768957,0.0,29.41214808266526,,,0,19,0.0,16392,472441926457249,1000000000,7.0,-1063.429356719338,299792458,18,-12.705003851110034,340282346638528860000000000000000000000,1561097980,,,,0,,5,61.848121643066406,,,,,,C,
Raw,1697800437999,127891000000,,,-1381835528108768957,0.0,29.41214808266526,,,0,20,0.0,65583,472441922423452,22,23.804105758666992,-606.8600193257266,0.8786431996007318,20,710431.1877390072,340282346638528860000000000000000000000,1561097980,,,,0,,5,61.848121643066406,,,,,,C,
Raw,1697800437999,127891000000,,,-1381835528108768957,0.0,29.41214808266526,,,0,22,0.0,16392,472441918064276,1000000000,7.0,-1467.3663153082953,299792458,20,-23467.807393933526,340282346638528860000000000000000000000,1561097980,,,,1,,5,61.848121643066406,,,,,,C,
Raw,1697800437999,127891000000,,,-1381835528108768957,0.0,29.41214808266526,,,0,35,0.0,16392,472441915419167,1000000000,7.0,-519.6115549764843,299792458,20,-8284.810674944842,340282346638528860000000000000000000000,1561097980,,,,1,,5,61.848121643066406,,,,,,C,
Raw,1697800437999,127891000000,,,-1381835528108768957,0.0,29.41214808266526,,,0,36,0.0,65583,472441915736756,23,23.35527801513672,-1632.022616334949,0.9012210962973484,20,-44365.664805634035,340282346638528860000000000000000000000,1561097980,,,,0,,5,61.848121643066406,,,,,,C,
Raw,1697800437999,127891000000,,,-1381835528108768957,0.0,29.41214808266526,,,0,37,0.0,16392,472441918745036,1000000000,9.889223098754883,-692.2223946134532,299792458,20,-11046.765981165534,340282346638528860000000000000000000000,1561097980,,,,0,,5,61.848121643066406,,,,,,C,
Raw,1697800437999,127891000000,,,-1381835528108768957,0.0,29.41214808266526,,,0,3,0.0,16392,472455917480547,1000000000,7.0,-1279.5148576704778,299792458,18,-2.398841522655172,340282346638528860000000000000000000000,1575420030,,,,0,,6,52.795997619628906,,,,,,C,
Raw,1697800437999,127891000000,,,-1381835528108768957,0.0,29.41214808266526,,,0,5,0.0,16392,472455921501475,1000000000,16.15959358215332,-863.468334114053,299792458,18,-1.6095027763680863,340282346638528860000000000000000000000,1575420030,,,,0,,6,52.795997619628906,,,,,,C,
Raw,1697800437999,127891000000,,,-1381835528108768957,0.0,29.41214808266526,,,0,9,0.0,83976,472455910380464,1000000000,14.437582969665527,-552.8800883550734,299792458,20,-8837.24862236459,340282346638528860000000000000000000000,1575420030,,,,1,,6,52.795997619628906,,,,,,C,
Raw,1697800437999,127891000000,,,-1381835528108768957,0.0,29.41214808266526,,,0,13,0.0,84010,472455905876928,1000000000,10.742450714111328,-1463.374986989822,299792458,20,-5561.532944706154,340282346638528860000000000000000000000,1575420030,,,,0,,6,52.795997619628906,,,,,,C,
Raw,1697800437999,127891000000,,,-1381835528108768957,0.0,29.41214808266526,,,0,15,0.0,84010,472455916392979,1000000000,15.547904968261719,-1032.7319016134602,299792458,20,-4962.634455842559,340282346638528860000000000000000000000,1575420030,,,,0,,6,52.795997619628906,,,,,,C,
Raw,1697800437999,127891000000,,,-1381835528108768957,0.0,29.41214808266526,,,0,24,0.0,85034,472455911358349,29,29.09189224243164,-1383.791301461577,0.006014850921928883,17,-169504.86003046326,0.0030074254609644413,1575420030,,,,0,,6,52.795997619628906,,,,,,C,
Raw,1697800437999,127891000000,,,-1381835528108768957,0.0,29.41214808266526,,,0,25,0.0,16392,472455905563619,1000000000,7.368741989135742,-1547.9679167390896,299792458,18,-1548.6083853472642,340282346638528860000000000000000000000,1575420030,,,,0,,6,52.795997619628906,,,,,,C,
Raw,1697800437999,127891000000,,,-1381835528108768957,0.0,29.41214808266526,,,0,31,0.0,16392,472455909971354,1000000000,7.0,-959.2647808065858,299792458,18,-961.2433202266552,340282346638528860000000000000000000000,1575420030,,,,0,,6,52.795997619628906,,,,,,C,
Raw,1697800437999,127891000000,,,-1381835528108768957,0.0,29.41214808266526,,,0,34,0.0,16392,472455916024795,1000000000,16.93267250061035,-519.2691285357996,299792458,18,-4.162724624957591,340282346638528860000000000000000000000,1575420030,,,,0,,6,52.795997619628906,,,,,,C,
Raw,1697800437999,127891000000,,,-1381835528108768957,0.0,29.41214808266526,,,0,36,0.0,16392,472455905123397,1000000000,7.0,-357.566106449304,299792458,18,-0.7318838064567502,340282346638528860000000000000000000000,1575420030,,,,0,,6,52.795997619628906,,,,,,C,
Raw,1697800437999,127891000000,,,-1381835528108768957,0.0,29.41214808266526,,,0,9,0.0,16392,472455910380395,1000000000,12.313587188720703,-553.3933360678504,299792458,20,-8831.784233308841,340282346638528860000000000000000000000,1176450050,,,,0,,6,11.48062515258789,,,,,,Q,
Raw,1697800437999,127891000000,,,-1381835528108768957,0.0,29.41214808266526,,,0,13,0.0,16392,472455905876751,1000000000,7.0,-1461.8341872953388,299792458,20,-23392.914408966957,340282346638528860000000000000000000000,1176450050,,,,0,,6,11.48062515258789,,,,,,Q,
Raw,1697800437999,127891000000,,,-1381835528108768957,0.0,29.41214808266526,,,0,15,0.0,16392,472455916392902,1000000000,7.0,-1031.7344444408636,299792458,20,-22698.422279150713,340282346638528860000000000000000000000,1176450050,,,,0,,6,11.48062515258789,,,,,,Q,
Raw,1697800437999,127891000000,,,-1381835528108768957,0.0,29.41214808266526,,,0,24,0.0,16392,472455911358335,1000000000,12.643917083740234,-1385.8665729832119,299792458,20,-382634.78237042343,340282346638528860000000000000000000000,1176450050,,,,1,,6,11.48062515258789,,,,,,Q,
Raw,1697800438999,128891000000,,,-1381835528108772234,0.0,29.559166498342126,,,0,4,0.0,16392,472456920652776,1000000000,9.250415802001953,-418.27449373932086,299792458,20,-51144.371157670874,340282346638528860000000000000000000000,1575420030,,,,0,,1,52.929969787597656,,,,,,C,
Raw,1697800438999,128891000000,,,-1381835528108772234,0.0,29.559166498342126,,,0,5,0.0,16393,472456918748589,98,14.255524635314941,-1650.1892473107373,1.310968642959514,20,-46943.04400287094,340282346638528860000000000000000000000,1575420030,,,,0,,1,52.929969787597656,,,,,,C,
Raw,1697800438999,128891000000,,,-1381835528108772234,0.0,29.559166498342126,,,0,6,0.0,16392,472456926162423,1000000000,13.760248184204102,-444.11063174152423,299792458,20,-5938.96042152608,340282346638528860000000000000000000000,1575420030,,,,1,,1,52.929969787597656,,,,,,C,
Raw,1697800438999,128891000000,,,-1381835528108772234,0.0,29.559166498342126,,,0,7,0.0,16393,472456930006465,77,17.247676849365234,-1109.7643200322727,1.174842246530643,20,-38782.935596155505,340282346638528860000000000000000000000,1575420030,,,,0,,1,52.929969787597656,,,,,,C,
Raw,1697800438999,128891000000,,,-1381835528108772234,0.0,29.559166498342126,,,0,9,0.0,12,472456928705310,1000000000,7.033136367797852,-601.3275504882049,299792458,20,-76008.7318387752,340282346638528860000000000000000000000,1575420030,,,,1,,1,52.929969787597656,,,,,,C,
Raw,1697800438999,128891000000,,,-1381835528108772234,0.0,29.559166498342126,,,0,11,0.0,16392,472456927635415,1000000000,9.331493377685547,-885.1119891393855,299792458,20,-18664.43345765867,340282346638528860000000000000000000000,1575420030,,,,0,,1,52.929969787597656,,,,,,C,
Raw,1697800438999,128891000000,,,-1381835528108772234,0.0,29.559166498342126,,,0,13,0.0,16392,472456915858602,1000000000,7.223991394042969,-1614.6998669826653,299792458,20,-20688.23174340864,340282346638528860000000000000000000000,1575420030,,,,1,,1,52.929969787597656,,,,,,C,
Raw,1697800438999,128891000000,,,-1381835528108772234,0.0,29.559166498342126,,,0,16,0.0,16392,472456918103600,1000000000,9.914703369140625,-802.5995207011833,299792458,20,-16059.343629376272,340282346638528860000000000000000000000,1575420030,,,,0,,1,52.929969787597656,,,,,,C,
Raw,1697800438999,128891000000,,,-1381835528108772234,0.0,29.559166498342126,,,0,20,0.0,16392,472456927930361,1000000000,8.67391586303711,-1449.7580913001766,299792458,20,-28999.74876862385,340282346638528860000000000000000000000,1575420030,,,,1,,1,52.929969787597656,,,,,,C,
Raw,1697800438999,128891000000,,,-1381835528108772234,0.0,29.559166498342126,,,0,29,0.0,16392,472456913987771,1000000000,7.213672637939453,-947.568840531479,299792458,20,-16112.832941368531,340282346638528860000000000000000000000,1575420030,,,,1,,1,52.929969787597656,,,,,,C,
Raw,1697800438999,128891000000,,,-1381835528108772234,0.0,29.559166498342126,,,0,30,0.0,16393,472456926760873,101,13.76786994934082,-1481.8172768739669,1.3307413937227883,20,-50001.93091444009,340282346638528860000000000000000000000,1575420030,,,,1,,1,52.929969787597656,,,,,,C,
Raw,1697800438999,128891000000,,,-1381835528108772234,0.0,29.559166498342126,,,0,6,0.0,16392,472456926162397,1000000000,11.922151565551758,-445.2177662592112,299792458,20,-8006.599213384903,340282346638528860000000000000000000000,1176450050,,,,1,,1,11.260717391967773,,,,,,Q,
Raw,1697800438999,128891000000,,,-1381835528108772234,0.0,29.559166498342126,,,0,9,0.0,16392,472456928705252,1000000000,10.863992691040039,-601.6396776250408,299792458,20,-180255.02278195895,340282346638528860000000000000000000000,1176450050,,,,0,,1,11.260717391967773,,,,,,Q,
Raw,1697800438999,128891000000,,,-1381835528108772234,0.0,29.559166498342126,,,0,30,0.0,16392,472456926760941,1000000000,15.142425537109375,-1482.6822896205158,299792458,20,-106113.36013589511,340282346638528860000000000000000000000,1176450050,,,,0,,1,11.260717391967773,,,,,,Q,
Raw,1697800438999,128891000000,,,-1381835528108772234,0.0,29.559166498342126,,,0,10,0.0,16393,315781,112,21.11139678955078,-1621.3563070713963,1.000971060550611,20,-44247.376049047765,340282346638528860000000000000000000000,1598062460,,,,0,,3,61.34906005859375,,,,,,C,
Raw,1697800438999,128891000000,,,-1381835528108772234,0.0,29.559166498342126,,,0,96,0.0,16392,51238920025161,1000000000,7.0,-389.50167495328606,299792458,20,-1097.9727768950695,340282346638528860000000000000000000000,1599750020,,,,0,,3,61.34906005859375,,,,,,C,
Raw,1697800438999,128891000000,,,-1381835528108772234,0.0,29.559166498342126,,,0,97,0.0,16392,51238920549624,1000000000,7.0,-170.80927506762964,299792458,20,-2360.8165443175903,340282346638528860000000000000000000000,1600312450,,,,1,,3,61.34906005859375,,,,,,C,
Raw,1697800438999,128891000000,,,-1381835528108772234,0.0,29.559166498342126,,,0,9,0.0,227,51238931464767,81,25.208965301513672,-999.1096945835338,0.8170944768603037,20,-126443.67833330222,340282346638528860000000000000000000000,1600875010,,,,0,,3,61.34906005859375,,,,,,C,
Raw,1697800438999,128891000000,,,-1381835528108772234,0.0,29.559166498342126,,,0,16,0.0,16392,51238922194429,1000000000,7.0,-342.1074288916225,299792458,20,-5405.893378861935,340282346638528860000000000000000000000,1601437440,,,,0,,3,61.34906005859375,,,,,,C,
Raw,1697800438999,128891000000,,,-1381835528108772234,0.0,29.559166498342126,,,0,1,0.0,227,51238921079646,92,23.576173782348633,-1584.4289197377138,0.888651260002923,20,-57760.02339461054,340282346638528860000000000000000000000,1602562560,,,,0,,3,61.34906005859375,,,,,,C,
Raw,1697800438999,128891000000,,,-1381835528108772234,0.0,29.559166498342126,,,0,24,0.0,16392,51238925583383,1000000000,8.654468536376953,-1215.6777349541235,299792458,20,-24328.428260199194,340282346638528860000000000000000000000,1603124990,,,,1,,3,61.34906005859375,,,,,,C,
Raw,1697800438999,128891000000,,,-1381835528108772234,0.0,29.559166498342126,,,0,23,0.0,16392,51238928085402,1000000000,7.0,-512.5056354511305,299792458,20,-10265.688808687455,340282346638528860000000000000000000000,1603687550,,,,1,,3,61.34906005859375,,,,,,C,
Raw,1697800438999,128891000000,,,-1381835528108772234,0.0,29.559166498342126,,,0,7,0.0,226,51238932097612,1000000000,11.78350830078125,-695.5403899208618,299792458,20,-86125.2554390602,340282346638528860000000000000000000000,1604812540,,,,1,,3,61.34906005859375,,,,,,C,
Raw,1697800438999,128891000000,,,-1381835528108772234,0.0,29.559166498342126,,,0,8,0.0,16392,51238932967637,1000000000,19.031051635742188,-1229.3923791290763,299792458,20,-39003.543452171325,340282346638528860000000000000000000000,1605374980,,,,0,,3,61.34906005859375,,,,,,C,
Raw,1697800438999,128891000000,,,-1381835528108772234,0.0,29.559166498342126,,,0,5,0.0,16392,472442867440446,1000000000,14.178926467895508,-971.9986000477252,299792458,20,-16516.175294033557,340282346638528860000000000000000000000,1561097980,,,,0,,5,62.08014678955078,,,,,,C,
Raw,1697800438999,128891000000,,,-1381835528108772234,0.0,29.559166498342126,,,0,9,0.0,16392,472442866362824,1000000000,7.0,-813.1211840192532,299792458,20,-13807.465307103635,340282346638528860000000000000000000000,1561097980,,,,1,,5,62.08014678955078,,,,,,C,
Raw,1697800438999,128891000000,,,-1381835528108772234,0.0,29.559166498342126,,,0,19,0.0,16392,472442926460803,1000000000,7.0,-1063.0546541923263,299792458,18,-12.66119369224841,340282346638528860000000000000000000000,1561097980,,,,0,,5,62.08014678955078,,,,,,C,
Raw,1697800438999,128891000000,,,-1381835528108772234,0.0,29.559166498342126,,,0,20,0.0,65583,472442922425465,22,23.64682388305664,-605.777356011823,0.8857163078386834,20,709824.7487552583,340282346638528860000000000000000000000,1561097980,,,,0,,5,62.08014678955078,,,,,,C,
Raw,1697800438999,128891000000,,,-1381835528108772234,0.0,29.559166498342126,,,0,22,0.0,16392,472442918069173,1000000000,7.0,-1466.9915446163704,299792458,20,-24935.085318199726,340282346638528860000000000000000000000,1561097980,,,,1,,5,62.08014678955078,,,,,,C,
Raw,1697800438999,128891000000,,,-1381835528108772234,0.0,29.559166498342126,,,0,35,0.0,16392,472442915420895,1000000000,7.0,-518.2237855117885,299792458,20,-8802.985649126584,340282346638528860000000000000000000000,1561097980,,,,1,,5,62.08014678955078,,,,,,C,
Raw,1697800438999,128891000000,,,-1381835528108772234,0.0,29.559166498342126,,,0,36,0.0,65583,472442915742191,23,23.176237106323242,-1631.6796104925033,0.909273276352756,20,-45997.32872716259,340282346638528860000000000000000000000,1561097980,,,,0,,5,62.08014678955078,,,,,,C,
Raw,1697800438999,128891000000,,,-1381835528108772234,0.0,29.559166498342126,,,0,37,0.0,16392,472442918747344,1000000000,7.0,-690.2071671241724,299792458,20,-11737.044858939511,340282346638528860000000000000000000000,1561097980,,,,0,,5,62.08014678955078,,,,,,C,
Raw,1697800438999,128891000000,,,-1381835528108772234,0.0,29.559166498342126,,,0,3,0.0,16392,472456917484817,1000000000,7.0,-1279.700538893614,299792458,18,-2.3489867731594183,340282346638528860000000000000000000000,1575420030,,,,0,,6,52.929969787597656,,,,,,C,
Raw,1697800438999,128891000000,,,-1381835528108772234,0.0,29.559166498342126,,,0,5,0.0,16392,472456921504357,1000000000,13.029059410095215,-863.468334114053,299792458,18,-1.5757405740890515,340282346638528860000000000000000000000,1575420030,,,,0,,6,52.929969787597656,,,,,,C,
Raw,1697800438999,128891000000,,,-1381835528108772234,0.0,29.559166498342126,,,0,9,0.0,83976,472456910382308,1000000000,13.858922004699707,-552.8170017280497,299792458,20,-9390.037333875582,340282346638528860000000000000000000000,1575420030,,,,1,,6,52.929969787597656,,,,,,C,
Raw,1697800438999,128891000000,,,-1381835528108772234,0.0,29.559166498342126,,,0,13,0.0,84010,472456905881807,1000000000,10.741888046264648,-1463.7073591058324,299792458,20,-7024.843381658773,340282346638528860000000000000000000000,1575420030,,,,1,,6,52.929969787597656,,,,,,C,
Raw,1697800438999,128891000000,,,-1381835528108772234,0.0,29.559166498342126,,,0,15,0.0,16392,472456916396422,1000000000,12.251720428466797,-1031.8548918422152,299792458,18,-8.068173535675834,340282346638528860000000000000000000000,1575420030,,,,0,,6,52.929969787597656,,,,,,C,
Raw,1697800438999,128891000000,,,-1381835528108772234,0.0,29.559166498342126,,,0,24,0.0,85034,472456911362959,29,29.164287567138672,-1383.0507030689043,0.005964925978332758,17,-170887.91073353216,0.002982462989166379,1575420030,,,,0,,6,52.929969787597656,,,,,,C,
Raw,1697800438999,128891000000,,,-1381835528108772234,0.0,29.559166498342126,,,0,25,0.0,16392,472456905568778,1000000000,7.0,-1547.9679167390896,299792458,18,-1548.5478587432947,340282346638528860000000000000000000000,1575420030,,,,0,,6,52.929969787597656,,,,,,C,
Raw,1697800438999,128891000000,,,-1381835528108772234,0.0,29.559166498342126,,,0,31,0.0,16392,472456909974557,1000000000,7.0,-959.0791677483626,299792458,18,-961.325476740887,340282346638528860000000000000000000000,1575420030,,,,0,,6,52.929969787597656,,,,,,C,
Raw,1697800438999,128891000000,,,-1381835528108772234,0.0,29.559166498342126,,,0,34,0.0,84010,472456916026528,1000000000,12.813823699951172,-519.1094181445337,299792458,20,-417.1731254801953,340282346638528860000000000000000000000,1575420030,,,,0,,6,52.929969787597656,,,,,,C,
Raw,1697800438999,128891000000,,,-1381835528108772234,0.0,29.559166498342126,,,0,36,0.0,16392,472456905124585,1000000000,7.0,-357.75175358998376,299792458,18,-0.718077852042661,340282346638528860000000000000000000000,1575420030,,,,0,,6,52.929969787597656,,,,,,C,
Raw,1697800438999,128891000000,,,-1381835528108772234,0.0,29.559166498342126,,,0,9,0.0,16392,472456910382266,1000000000,22.842905044555664,-551.9174293705867,299792458,20,-9387.90266986908,340282346638528860000000000000000000000,1176450050,,,,0,,6,11.260717391967773,,,,,,Q,
Raw,1697800438999,128891000000,,,-1381835528108772234,0.0,29.559166498342126,,,0,13,0.0,16392,472456905881641,1000000000,7.0,-1461.8341872953388,299792458,20,-24855.73581773941,340282346638528860000000000000000000000,1176450050,,,,0,,6,11.260717391967773,,,,,,Q,
Raw,1697800438999,128891000000,,,-1381835528108772234,0.0,29.559166498342126,,,0,24,0.0,16392,472456911362928,1000000000,7.5924072265625,-1383.5939547822709,299792458,20,-384017.27984227997,340282346638528860000000000000000000000,1176450050,,,,1,,6,11.260717391967773,,,,,,Q,
Raw,1697800439999,129891000000,,,-1381835528108775519,0.0,28.92566333082507,,,0,4,0.0,16392,472457920654166,1000000000,8.390216827392578,-418.4280011234996,299792458,20,-51564.627032688295,340282346638528860000000000000000000000,1575420030,,,,0,,1,52.76594161987305,,,,,,C,
Raw,1697800439999,129891000000,,,-1381835528108775519,0.0,28.92566333082507,,,0,5,0.0,16393,472457918754126,100,14.004552841186523,-1649.8830505213364,1.3222553945869917,20,-48593.23652318794,340282346638528860000000000000000000000,1575420030,,,,1,,1,52.76594161987305,,,,,,C,
Raw,1697800439999,129891000000,,,-1381835528108775519,0.0,28.92566333082507,,,0,6,0.0,16392,472457926163903,1000000000,13.0135498046875,-442.5767167032586,299792458,20,-6384.488572308912,340282346638528860000000000000000000000,1575420030,,,,1,,1,52.76594161987305,,,,,,C,
Raw,1697800439999,129891000000,,,-1381835528108775519,0.0,28.92566333082507,,,0,7,0.0,16393,472457930010175,88,15.485265731811523,-1108.9468863950297,1.2540964725981816,20,-39893.05902651633,340282346638528860000000000000000000000,1575420030,,,,0,,1,52.76594161987305,,,,,,C,
Raw,1697800439999,129891000000,,,-1381835528108775519,0.0,28.92566333082507,,,0,9,0.0,12,472457928707314,1000000000,7.0,-601.1419374299817,299792458,20,-76609.73668683883,340282346638528860000000000000000000000,1575420030,,,,1,,1,52.76594161987305,,,,,,C,
Raw,1697800439999,129891000000,,,-1381835528108775519,0.0,28.92566333082507,,,0,11,0.0,16392,472457927638375,1000000000,10.14272689819336,-885.6083660361837,299792458,20,-19550.16060312942,340282346638528860000000000000000000000,1575420030,,,,0,,1,52.76594161987305,,,,,,C,
Raw,1697800439999,129891000000,,,-1381835528108775519,0.0,28.92566333082507,,,0,13,0.0,16392,472457915863925,1000000000,7.0,-1614.4315698849177,299792458,20,-22301.648535159824,340282346638528860000000000000000000000,1575420030,,,,1,,1,52.76594161987305,,,,,,C,
Raw,1697800439999,129891000000,,,-1381835528108775519,0.0,28.92566333082507,,,0,16,0.0,16392,472457918106187,1000000000,9.859172821044922,-802.0238680105131,299792458,20,-16860.91957009244,340282346638528860000000000000000000000,1575420030,,,,1,,1,52.76594161987305,,,,,,C,
Raw,1697800439999,129891000000,,,-1381835528108775519,0.0,28.92566333082507,,,0,20,0.0,16392,472457927935197,1000000000,7.991487503051758,-1449.0120944918053,299792458,20,-30451.257357492734,340282346638528860000000000000000000000,1575420030,,,,1,,1,52.76594161987305,,,,,,C,
Raw,1697800439999,129891000000,,,-1381835528108775519,0.0,28.92566333082507,,,0,29,0.0,16392,472457913990927,1000000000,7.0,-947.3832274732558,299792458,22,-1718.5982275234107,340282346638528860000000000000000000000,1575420030,,,,0,,1,52.76594161987305,,,,,,C,
Raw,1697800439999,129891000000,,,-1381835528108775519,0.0,28.92566333082507,,,0,30,0.0,16393,472457926765826,107,13.118764877319336,-1482.2397630050236,1.359931952657809,20,-51483.777952704164,340282346638528860000000000000000000000,1575420030,,,,1,,1,52.76594161987305,,,,,,C,
Raw,1697800439999,129891000000,,,-1381835528108775519,0.0,28.92566333082507,,,0,6,0.0,16392,472457926163852,1000000000,9.218547821044922,-445.0138509218352,299792458,20,-8451.43217480733,340282346638528860000000000000000000000,1176450050,,,,0,,1,9.172757148742676,,,,,,Q,
Raw,1697800439999,129891000000,,,-1381835528108775519,0.0,28.92566333082507,,,0,9,0.0,16392,472457928707280,1000000000,14.388937950134277,-601.6396776250408,299792458,20,-180858.30537937483,340282346638528860000000000000000000000,1176450050,,,,0,,1,9.172757148742676,,,,,,Q,
Raw,1697800439999,129891000000,,,-1381835528108775519,0.0,28.92566333082507,,,0,30,0.0,16392,472457926765877,1000000000,14.682657241821289,-1480.3205117133111,299792458,20,-107594.04862843765,340282346638528860000000000000000000000,1176450050,,,,0,,1,9.172757148742676,,,,,,Q,
Raw,1697800439999,129891000000,,,-1381835528108775519,0.0,28.92566333082507,,,0,10,0.0,16393,321089,111,21.219100952148438,-1620.6056750489379,0.9961286224651582,20,-45867.19984029077,340282346638528860000000000000000000000,1598062460,,,,0,,3,64.028076171875,,,,,,C,
Raw,1697800439999,129891000000,,,-1381835528108775519,0.0,28.92566333082507,,,0,96,0.0,16392,51239920026460,1000000000,7.0,-389.3190270687803,299792458,20,-1487.2937084460377,340282346638528860000000000000000000000,1599750020,,,,0,,3,64.028076171875,,,,,,C,
Raw,1697800439999,129891000000,,,-1381835528108775519,0.0,28.92566333082507,,,0,97,0.0,16392,51239920550188,1000000000,7.0,-170.99185478722234,299792458,20,-2531.401200564165,340282346638528860000000000000000000000,1600312450,,,,1,,3,64.028076171875,,,,,,C,
Raw,1697800439999,129891000000,,,-1381835528108775519,0.0,28.92566333082507,,,0,9,0.0,227,51239931468114,81,25.158349990844727,-998.1228711373724,0.8193711450156487,20,-127442.56193369174,340282346638528860000000000000000000000,1600875010,,,,0,,3,64.028076171875,,,,,,C,
Raw,1697800439999,129891000000,,,-1381835528108775519,0.0,28.92566333082507,,,0,16,0.0,16392,51239922195574,1000000000,7.0,-341.8337467657443,299792458,20,-5747.387057620932,340282346638528860000000000000000000000,1601437440,,,,0,,3,64.028076171875,,,,,,C,
Raw,1697800439999,129891000000,,,-1381835528108775519,0.0,28.92566333082507,,,0,1,0.0,227,51239921084868,94,23.378442764282227,-1584.2910902835356,0.8975439853288649,20,-59344.34628384748,340282346638528860000000000000000000000,1602562560,,,,0,,3,64.028076171875,,,,,,C,
Raw,1697800439999,129891000000,,,-1381835528108775519,0.0,28.92566333082507,,,0,24,0.0,16392,51239925587440,1000000000,8.850906372070312,-1215.4641061166385,299792458,20,-25543.537646940324,340282346638528860000000000000000000000,1603124990,,,,1,,3,64.028076171875,,,,,,C,
Raw,1697800439999,129891000000,,,-1381835528108775519,0.0,28.92566333082507,,,0,23,0.0,16392,51239928087104,1000000000,7.0,-512.569949046589,299792458,20,-10777.898026375224,340282346638528860000000000000000000000,1603687550,,,,1,,3,64.028076171875,,,,,,C,
Raw,1697800439999,129891000000,,,-1381835528108775519,0.0,28.92566333082507,,,0,7,0.0,227,51239932099513,254,11.010488510131836,-694.4130785889133,1.4556981969684788,20,-86820.67535021684,340282346638528860000000000000000000000,1604812540,,,,1,,3,64.028076171875,,,,,,C,
Raw,1697800439999,129891000000,,,-1381835528108775519,0.0,28.92566333082507,,,0,8,0.0,16393,971675,147,17.77595329284668,-1228.7066401038373,1.1516197121212004,20,-40232.01945750633,340282346638528860000000000000000000000,1605374980,,,,0,,3,64.028076171875,,,,,,C,
Raw,1697800439999,129891000000,,,-1381835528108775519,0.0,28.92566333082507,,,0,5,0.0,16392,472443867443682,1000000000,9.127426147460938,-971.9986000477252,299792458,20,-17488.173891743532,340282346638528860000000000000000000000,1561097980,,,,0,,5,61.833412170410156,,,,,,C,
Raw,1697800439999,129891000000,,,-1381835528108775519,0.0,28.92566333082507,,,0,9,0.0,16392,472443866365533,1000000000,7.862857818603516,-812.7464814922414,299792458,20,-14620.209570765524,340282346638528860000000000000000000000,1561097980,,,,1,,5,61.833412170410156,,,,,,C,
Raw,1697800439999,129891000000,,,-1381835528108775519,0.0,28.92566333082507,,,0,19,0.0,16392,472443926464347,1000000000,7.0,-1062.6799516653145,299792458,18,-12.683895981204714,340282346638528860000000000000000000000,1561097980,,,,0,,5,61.833412170410156,,,,,,C,
Raw,1697800439999,129891000000,,,-1381835528108775519,0.0,28.92566333082507,,,0,20,0.0,65583,472443922427505,23,23.181243896484375,-605.8413308304735,0.011987358331680298,17,709218.9074244278,0.10201342232097839,1561097980,,,,0,,5,61.833412170410156,,,,,,C,
Raw,1697800439999,129891000000,,,-1381835528108775519,0.0,28.92566333082507,,,0,22,0.0,16392,472443918074063,1000000000,7.0,-1467.3663153082953,299792458,20,-26401.87227215492,340282346638528860000000000000000000000,1561097980,,,,1,,5,61.833412170410156,,,,,,C,
Raw,1697800439999,129891000000,,,-1381835528108775519,0.0,28.92566333082507,,,0,35,0.0,16392,472443915422617,1000000000,7.0,-518.2233424398537,299792458,20,-9320.621069217275,340282346638528860000000000000000000000,1561097980,,,,0,,5,61.833412170410156,,,,,,C,
Raw,1697800439999,129891000000,,,-1381835528108775519,0.0,28.92566333082507,,,0,36,0.0,65583,472443915747657,23,23.170177459716797,-1631.0836375586514,0.012002638541162014,17,-47628.41236472124,0.10202106242571925,1561097980,,,,0,,5,61.833412170410156,,,,,,C,
Raw,1697800439999,129891000000,,,-1381835528108775519,0.0,28.92566333082507,,,0,37,0.0,16392,472443918749619,1000000000,7.0,-689.0615194306147,299792458,20,-12427.213846061606,340282346638528860000000000000000000000,1561097980,,,,1,,5,61.833412170410156,,,,,,C,
Raw,1697800439999,129891000000,,,-1381835528108775519,0.0,28.92566333082507,,,0,3,0.0,16392,472457917489084,1000000000,7.0,-1279.1434952242053,299792458,18,-2.3784705424581265,340282346638528860000000000000000000000,1575420030,,,,0,,6,52.76594161987305,,,,,,C,
Raw,1697800439999,129891000000,,,-1381835528108775519,0.0,28.92566333082507,,,0,5,0.0,16392,472457921507235,1000000000,18.301776885986328,-863.0969716677805,299792458,18,-1.5956388175150273,340282346638528860000000000000000000000,1575420030,,,,0,,6,52.76594161987305,,,,,,C,
Raw,1697800439999,129891000000,,,-1381835528108775519,0.0,28.92566333082507,,,0,9,0.0,83976,472457910384152,1000000000,13.999899864196777,-552.696349831959,299792458,20,-9942.63280098586,340282346638528860000000000000000000000,1575420030,,,,1,,6,52.76594161987305,,,,,,C,
Raw,1697800439999,129891000000,,,-1381835528108775519,0.0,28.92566333082507,,,0,13,0.0,84010,472457905886690,1000000000,10.96450424194336,-1463.1140517026834,299792458,20,-8486.625682911777,340282346638528860000000000000000000000,1575420030,,,,1,,6,52.76594161987305,,,,,,C,
Raw,1697800439999,129891000000,,,-1381835528108775519,0.0,28.92566333082507,,,0,15,0.0,16392,472457916399861,1000000000,7.0,-1031.2978481728064,299792458,18,-8.090170091915983,340282346638528860000000000000000000000,1575420030,,,,0,,6,52.76594161987305,,,,,,C,
Raw,1697800439999,129891000000,,,-1381835528108775519,0.0,28.92566333082507,,,0,24,0.0,85034,472457911367573,29,29.09828758239746,-1382.4314951697306,0.006010424345731736,17,-172270.3422287019,0.0030052121728658676,1575420030,,,,0,,6,52.76594161987305,,,,,,C,
Raw,1697800439999,129891000000,,,-1381835528108775519,0.0,28.92566333082507,,,0,25,0.0,16392,472457905573936,1000000000,7.0,-1547.7822355159533,299792458,18,-1548.5839951962196,340282346638528860000000000000000000000,1575420030,,,,0,,6,52.76594161987305,,,,,,C,
Raw,1697800439999,129891000000,,,-1381835528108775519,0.0,28.92566333082507,,,0,31,0.0,16392,472457909977756,1000000000,7.0,-958.8934865252263,299792458,18,-961.3476116517875,340282346638528860000000000000000000000,1575420030,,,,0,,6,52.76594161987305,,,,,,C,
Raw,1697800439999,129891000000,,,-1381835528108775519,0.0,28.92566333082507,,,0,34,0.0,84010,472457916028257,1000000000,12.379674911499023,-518.9990932327694,299792458,20,-938.7049413297908,340282346638528860000000000000000000000,1575420030,,,,0,,6,52.76594161987305,,,,,,C,
Raw,1697800439999,129891000000,,,-1381835528108775519,0.0,28.92566333082507,,,0,36,0.0,16392,472457905125772,1000000000,7.0,-357.38045930862427,299792458,18,-0.7261118652991962,340282346638528860000000000000000000000,1575420030,,,,0,,6,52.76594161987305,,,,,,C,
Raw,1697800439999,129891000000,,,-1381835528108775519,0.0,28.92566333082507,,,0,9,0.0,84011,472457910384115,24,24.577194213867188,-551.422551412179,0.013545114547014236,17,-9939.325221281259,0.006772557273507118,1176450050,,,,0,,6,9.172757148742676,,,,,,Q,
Raw,1697800439999,129891000000,,,-1381835528108775519,0.0,28.92566333082507,,,0,13,0.0,16392,472457905886517,1000000000,7.0,-1461.838958839252,299792458,20,-26317.574792786392,340282346638528860000000000000000000000,1176450050,,,,0,,6,9.172757148742676,,,,,,Q,
Raw,1697800439999,129891000000,,,-1381835528108775519,0.0,28.92566333082507,,,0,24,0.0,16392,472457911367539,1000000000,7.0,-1380.2386051025132,299792458,20,-385401.9485793625,340282346638528860000000000000000000000,1176450050,,,,1,,6,9.172757148742676,,,,,,Q,
Raw,1697800440999,130891000000,,,-1381835528108778798,0.0,28.66784985716809,,,0,4,0.0,16392,472458920655582,1000000000,7.540874481201172,-418.08860802144545,299792458,20,-51981.92885552918,340282346638528860000000000000000000000,1575420030,,,,0,,1,52.840885162353516,,,,,,C,
Raw,1697800440999,130891000000,,,-1381835528108778798,0.0,28.66784985716809,,,0,5,0.0,16393,472458918759661,98,14.213310241699219,-1649.7786218745505,1.3128688730452565,20,-50242.9975927747,340282346638528860000000000000000000000,1575420030,,,,1,,1,52.840885162353516,,,,,,C,
Raw,1697800440999,130891000000,,,-1381835528108778798,0.0,28.66784985716809,,,0,6,0.0,16392,472458926165371,1000000000,12.15334701538086,-443.16143532736396,299792458,20,-6830.03589221384,340282346638528860000000000000000000000,1575420030,,,,1,,1,52.840885162353516,,,,,,C,
Raw,1697800440999,130891000000,,,-1381835528108778798,0.0,28.66784985716809,,,0,7,0.0,16393,472458930013927,93,14.796605110168457,-1109.8793824054937,1.2850655765983907,20,-41003.35075193145,340282346638528860000000000000000000000,1575420030,,,,1,,1,52.840885162353516,,,,,,C,
Raw,1697800440999,130891000000,,,-1381835528108778798,0.0,28.66784985716809,,,0,9,0.0,12,472458928709333,1000000000,7.0,-600.9562562068454,299792458,20,-77210.28285993269,340282346638528860000000000000000000000,1575420030,,,,1,,1,52.840885162353516,,,,,,C,
Raw,1697800440999,130891000000,,,-1381835528108778798,0.0,28.66784985716809,,,0,11,0.0,16393,472458927641301,143,9.524578094482422,-885.0031297732517,1.5003367624570592,20,-20435.29586801374,340282346638528860000000000000000000000,1575420030,,,,0,,1,52.840885162353516,,,,,,C,
Raw,1697800440999,130891000000,,,-1381835528108778798,0.0,28.66784985716809,,,0,13,0.0,16392,472458915869277,1000000000,7.0,-1613.874662545335,299792458,20,-23915.210005422527,340282346638528860000000000000000000000,1575420030,,,,1,,1,52.840885162353516,,,,,,C,
Raw,1697800440999,130891000000,,,-1381835528108778798,0.0,28.66784985716809,,,0,16,0.0,16392,472458918109072,1000000000,9.360198974609375,-799.3935203459087,299792458,20,-17663.24987970233,340282346638528860000000000000000000000,1575420030,,,,1,,1,52.840885162353516,,,,,,C,
Raw,1697800440999,130891000000,,,-1381835528108778798,0.0,28.66784985716809,,,0,20,0.0,16392,472458927940035,1000000000,8.397754669189453,-1449.2010476307678,299792458,20,-31899.75492451188,340282346638528860000000000000000000000,1575420030,,,,1,,1,52.840885162353516,,,,,,C,
Raw,1697800440999,130891000000,,,-1381835528108778798,0.0,28.66784985716809,,,0,29,0.0,16392,472458913994100,1000000000,9.945293426513672,-946.8262519687601,299792458,20,-1718.4809138744713,340282346638528860000000000000000000000,1575420030,,,,0,,1,52.840885162353516,,,,,,C,
Raw,1697800440999,130891000000,,,-1381835528108778798,0.0,28.66784985716809,,,0,30,0.0,16393,472458926770700,111,12.671524047851562,-1480.2029954032205,1.3800447291787368,20,-52966.51556414413,340282346638528860000000000000000000000,1575420030,,,,1,,1,52.840885162353516,,,,,,C,
Raw,1697800440999,130891000000,,,-1381835528108778798,0.0,28.66784985716809,,,0,6,0.0,16392,472458926165329,1000000000,8.627178192138672,-444.24662074305024,299792458,20,-8896.370218972372,340282346638528860000000000000000000000,1176450050,,,,0,,1,10.724854469299316,,,,,,Q,
Raw,1697800440999,130891000000,,,-1381835528108778798,0.0,28.66784985716809,,,0,9,0.0,16392,472458928709329,1000000000,13.041801452636719,-603.1740698176977,299792458,20,-181463.1946725501,340282346638528860000000000000000000000,1176450050,,,,0,,1,10.724854469299316,,,,,,Q,
Raw,1697800440999,130891000000,,,-1381835528108778798,0.0,28.66784985716809,,,0,30,0.0,16392,472458926770811,1000000000,14.902576446533203,-1480.214310778786,299792458,20,-109074.3064250928,340282346638528860000000000000000000000,1176450050,,,,0,,1,10.724854469299316,,,,,,Q,
Raw,1697800440999,130891000000,,,-1381835528108778798,0.0,28.66784985716809,,,0,10,0.0,16393,326545,118,20.528369903564453,-1621.0386585766037,1.0271909872497198,20,-47486.56331112701,340282346638528860000000000000000000000,1598062460,,,,0,,3,61.40491485595703,,,,,,C,
Raw,1697800440999,130891000000,,,-1381835528108778798,0.0,28.66784985716809,,,0,96,0.0,16392,51240920027774,1000000000,7.0,-389.3190270687803,299792458,20,-1876.2548277831488,340282346638528860000000000000000000000,1599750020,,,,1,,3,61.40491485595703,,,,,,C,
Raw,1697800440999,130891000000,,,-1381835528108778798,0.0,28.66784985716809,,,0,97,0.0,16392,51240920550745,1000000000,7.0,-170.53538844701234,299792458,20,-2701.642588172699,340282346638528860000000000000000000000,1600312450,,,,1,,3,61.40491485595703,,,,,,C,
Raw,1697800440999,130891000000,,,-1381835528108778798,0.0,28.66784985716809,,,0,9,0.0,227,51240931471401,81,25.193233489990234,-998.4136082678306,0.009272497147321701,17,-128440.97554195957,0.0046362485736608505,1600875010,,,,0,,3,61.40491485595703,,,,,,C,
Raw,1697800440999,130891000000,,,-1381835528108778798,0.0,28.66784985716809,,,0,16,0.0,16392,51240922196735,1000000000,7.0,-341.56006463986614,299792458,20,-6088.701940918721,340282346638528860000000000000000000000,1601437440,,,,0,,3,61.40491485595703,,,,,,C,
Raw,1697800440999,130891000000,,,-1381835528108778798,0.0,28.66784985716809,,,0,1,0.0,227,51240921090104,98,22.86310577392578,-1583.968806574656,0.9207191238222054,20,-60928.24246980786,340282346638528860000000000000000000000,1602562560,,,,0,,3,61.40491485595703,,,,,,C,
Raw,1697800440999,130891000000,,,-1381835528108778798,0.0,28.66784985716809,,,0,24,0.0,16392,51240925591498,1000000000,7.990692138671875,-1214.8577110501847,299792458,20,-26757.951061138938,340282346638528860000000000000000000000,1603124990,,,,0,,3,61.40491485595703,,,,,,C,
Raw,1697800440999,130891000000,,,-1381835528108778798,0.0,28.66784985716809,,,0,23,0.0,16392,51240928088807,1000000000,7.0,-511.8933441196982,299792458,20,-11289.205975358636,340282346638528860000000000000000000000,1603687550,,,,1,,3,61.40491485595703,,,,,,C,
Raw,1697800440999,130891000000,,,-1381835528108778798,0.0,28.66784985716809,,,0,7,0.0,227,51240932101870,238,11.81562614440918,-694.4323010943922,1.419492509911974,20,-87515.32246211925,340282346638528860000000000000000000000,1604812540,,,,1,,3,61.40491485595703,,,,,,C,
Raw,1697800440999,130891000000,,,-1381835528108778798,0.0,28.66784985716809,,,0,8,0.0,16393,975823,143,18.12315559387207,-1228.2991502536506,1.1360071512072416,20,-41460.40441522046,340282346638528860000000000000000000000,1605374980,,,,0,,3,61.40491485595703,,,,,,C,
Raw,1697800440999,130891000000,,,-1381835528108778798,0.0,28.66784985716809,,,0,5,0.0,16392,472444867446927,1000000000,7.0,-971.9986000477252,299792458,20,-18459.57365538643,340282346638528860000000000000000000000,1561097980,,,,0,,5,61.80392074584961,,,,,,C,
Raw,1697800440999,130891000000,,,-1381835528108778798,0.0,28.66784985716809,,,0,9,0.0,16392,472444866368266,1000000000,7.0,-812.7464814922414,299792458,20,-15433.360948997362,340282346638528860000000000000000000000,1561097980,,,,0,,5,61.80392074584961,,,,,,C,
Raw,1697800440999,130891000000,,,-1381835528108778798,0.0,28.66784985716809,,,0,19,0.0,16392,472444926467892,1000000000,7.0,-1062.6799516653145,299792458,18,-12.708826888684436,340282346638528860000000000000000000000,1561097980,,,,0,,5,61.80392074584961,,,,,,C,
Raw,1697800440999,130891000000,,,-1381835528108778798,0.0,28.66784985716809,,,0,20,0.0,65583,472444922429514,22,23.668827056884766,-605.6363909716447,0.8847275837630324,20,708613.4494121507,340282346638528860000000000000000000000,1561097980,,,,0,,5,61.80392074584961,,,,,,C,
Raw,1697800440999,130891000000,,,-1381835528108778798,0.0,28.66784985716809,,,0,22,0.0,16392,472444918078959,1000000000,7.0,-1466.6169102542717,299792458,20,-27868.325852422193,340282346638528860000000000000000000000,1561097980,,,,1,,5,61.80392074584961,,,,,,C,
Raw,1697800440999,130891000000,,,-1381835528108778798,0.0,28.66784985716809,,,0,35,0.0,16392,472444915424334,1000000000,7.0,-517.4741418805693,299792458,20,-9837.715088666786,340282346638528860000000000000000000000,1561097980,,,,0,,5,61.80392074584961,,,,,,C,
Raw,1697800440999,130891000000,,,-1381835528108778798,0.0,28.66784985716809,,,0,36,0.0,65583,472444915753094,22,23.962501525878906,-1630.4056082676807,0.873917986526874,20,-49259.146193762346,340282346638528860000000000000000000000,1561097980,,,,0,,5,61.80392074584961,,,,,,C,
Raw,1697800440999,130891000000,,,-1381835528108778798,0.0,28.66784985716809,,,0,37,0.0,16392,472444918751837,1000000000,7.0,-689.8662062291182,299792458,20,-13117.073019246633,340282346638528860000000000000000000000,1561097980,,,,1,,5,61.80392074584961,,,,,,C,
Raw,1697800440999,130891000000,,,-1381835528108778798,0.0,28.66784985716809,,,0,3,0.0,16392,472458917493344,1000000000,7.0,-1278.7722691077588,299792458,18,-2.40811216273628,340282346638528860000000000000000000000,1575420030,,,,0,,6,52.840885162353516,,,,,,C,
Raw,1697800440999,130891000000,,,-1381835528108778798,0.0,28.66784985716809,,,0,5,0.0,16392,472458921510121,1000000000,15.671642303466797,-862.725677386421,299792458,18,-1.6155197554360434,340282346638528860000000000000000000000,1575420030,,,,0,,6,52.840885162353516,,,,,,C,
Raw,1697800440999,130891000000,,,-1381835528108778798,0.0,28.66784985716809,,,0,9,0.0,83976,472458910386052,1000000000,14.13004207611084,-552.7661847853742,299792458,20,-10495.037640692914,340282346638528860000000000000000000000,1575420030,,,,1,,6,52.840885162353516,,,,,,C,
Raw,1697800440999,130891000000,,,-1381835528108778798,0.0,28.66784985716809,,,0,13,0.0,84010,472458905891585,1000000000,11.598780632019043,-1462.3774616523124,299792458,20,-9949.109695624184,340282346638528860000000000000000000000,1575420030,,,,0,,6,52.840885162353516,,,,,,C,
Raw,1697800440999,130891000000,,,-1381835528108778798,0.0,28.66784985716809,,,0,15,0.0,16392,472458916403300,1000000000,7.0,-1030.926553891447,299792458,18,-8.112881929589511,340282346638528860000000000000000000000,1575420030,,,,0,,6,52.840885162353516,,,,,,C,
Raw,1697800440999,130891000000,,,-1381835528108778798,0.0,28.66784985716809,,,0,24,0.0,85034,472458911372184,30,28.839740753173828,-1382.0487736788054,0.006192021071910858,17,-173652.3910023807,0.003096010535955429,1575420030,,,,0,,6,52.840885162353516,,,,,,C,
Raw,1697800440999,130891000000,,,-1381835528108778798,0.0,28.66784985716809,,,0,25,0.0,16392,472458905579093,1000000000,10.391145706176758,-1547.4110093995068,299792458,18,-1548.6199391928724,340282346638528860000000000000000000000,1575420030,,,,0,,6,52.840885162353516,,,,,,C,
Raw,1697800440999,130891000000,,,-1381835528108778798,0.0,28.66784985716809,,,0,31,0.0,16392,472458909980974,1000000000,15.072728157043457,-958.5221922438668,299792458,18,-961.2494359844343,340282346638528860000000000000000000000,1575420030,,,,0,,6,52.840885162353516,,,,,,C,
Raw,1697800440999,130891000000,,,-1381835528108778798,0.0,28.66784985716809,,,0,34,0.0,85034,472458916030093,231,11.850828170776367,-518.7499163931311,1.4164575736662943,20,-1456.8420882174903,340282346638528860000000000000000000000,1575420030,,,,0,,6,52.840885162353516,,,,,,C,
Raw,1697800440999,130891000000,,,-1381835528108778798,0.0,28.66784985716809,,,0,36,0.0,16392,472458905126954,1000000000,7.0,-357.00916502726477,299792458,18,-0.7341284866987927,340282346638528860000000000000000000000,1575420030,,,,0,,6,52.840885162353516,,,,,,C,
Raw,1697800440999,130891000000,,,-1381835528108778798,0.0,28.66784985716809,,,0,9,0.0,84011,472458910385954,27,24.34160614013672,-551.0355804215287,0.013917523436248302,17,-10490.360801702787,0.006958761718124151,1176450050,,,,0,,6,10.724854469299316,,,,,,Q,
Raw,1697800440999,130891000000,,,-1381835528108778798,0.0,28.66784985716809,,,0,13,0.0,16392,472458905891393,1000000000,7.0,-1461.838958839252,299792458,20,-27779.413744196565,340282346638528860000000000000000000000,1176450050,,,,0,,6,10.724854469299316,,,,,,Q,
Raw,1697800440999,130891000000,,,-1381835528108778798,0.0,28.66784985716809,,,0,24,0.0,16392,472458911372132,1000000000,10.258220672607422,-1383.0842175625157,299792458,20,-386786.02607433964,340282346638528860000000000000000000000,1176450050,,,,1,,6,10.724854469299316,,,,,,Q,
Raw,1697800441999,131891000000,,,-1381835528108782080,0.0,28.281665664577755,,,0,4,0.0,16392,472459920656977,1000000000,7.0,-417.71714332780334,299792458,20,-52399.133949733754,340282346638528860000000000000000000000,1575420030,,,,0,,1,48.976600646972656,,,,,,C,
Raw,1697800441999,131891000000,,,-1381835528108782080,0.0,28.281665664577755,,,0,5,0.0,16393,472459918765159,96,14.41578483581543,-1650.3433000142204,1.3037647299811965,20,-51892.069281199634,340282346638528860000000000000000000000,1575420030,,,,1,,1,48.976600646972656,,,,,,C,
Raw,1697800441999,131891000000,,,-1381835528108782080,0.0,28.281665664577755,,,0,6,0.0,16392,472459926166847,1000000000,11.686614990234375,-442.19915124989893,299792458,20,-7273.067648753365,340282346638528860000000000000000000000,1575420030,,,,1,,1,48.976600646972656,,,,,,C,
Raw,1697800441999,131891000000,,,-1381835528108782080,0.0,28.281665664577755,,,0,7,0.0,16393,472459930017625,95,14.554084777832031,-1110.5548966937758,1.2959722289548816,20,-42112.48014865492,340282346638528860000000000000000000000,1575420030,,,,1,,1,48.976600646972656,,,,,,C,
Raw,1697800441999,131891000000,,,-1381835528108782080,0.0,28.281665664577755,,,0,9,0.0,12,472459928711339,1000000000,7.0,-600.5849619254859,299792458,20,-77810.28809336282,340282346638528860000000000000000000000,1575420030,,,,1,,1,48.976600646972656,,,,,,C,
Raw,1697800441999,131891000000,,,-1381835528108782080,0.0,28.281665664577755,,,0,11,0.0,16393,472459927644260,145,9.311239242553711,-884.8435557118119,1.5003372949954423,20,-21319.7421999172,340282346638528860000000000000000000000,1575420030,,,,0,,1,48.976600646972656,,,,,,C,
Raw,1697800441999,131891000000,,,-1381835528108782080,0.0,28.281665664577755,,,0,13,0.0,16392,472459915874837,1000000000,7.0,-1613.6889813221987,299792458,20,-25528.60467016744,340282346638528860000000000000000000000,1575420030,,,,1,,1,48.976600646972656,,,,,,C,
Raw,1697800441999,131891000000,,,-1381835528108782080,0.0,28.281665664577755,,,0,16,0.0,16392,472459918111754,1000000000,10.287786483764648,-802.7764768154498,299792458,20,-18464.425873754433,340282346638528860000000000000000000000,1575420030,,,,1,,1,48.976600646972656,,,,,,C,
Raw,1697800441999,131891000000,,,-1381835528108782080,0.0,28.281665664577755,,,0,20,0.0,16392,472459927944977,1000000000,8.32984733581543,-1449.0155027374576,299792458,20,-33348.043842243605,340282346638528860000000000000000000000,1575420030,,,,1,,1,48.976600646972656,,,,,,C,
Raw,1697800441999,131891000000,,,-1381835528108782080,0.0,28.281665664577755,,,0,29,0.0,16392,472459913997267,1000000000,9.085100173950195,-946.6406389105368,299792458,20,-2664.9128590091204,340282346638528860000000000000000000000,1575420030,,,,0,,1,48.976600646972656,,,,,,C,
Raw,1697800441999,131891000000,,,-1381835528108782080,0.0,28.281665664577755,,,0,30,0.0,16393,472459926775702,113,12.483526229858398,-1480.223172217482,1.388499574819118,20,-54446.88505789932,340282346638528860000000000000000000000,1575420030,,,,1,,1,48.976600646972656,,,,,,C,
Raw,1697800441999,131891000000,,,-1381835528108782080,0.0,28.281665664577755,,,0,6,0.0,16392,472459926166802,1000000000,10.518352508544922,-443.7125145668813,299792458,20,-9341.410516238908,340282346638528860000000000000000000000,1176450050,,,,0,,1,20.081050872802734,,,,,,Q,
Raw,1697800441999,131891000000,,,-1381835528108782080,0.0,28.281665664577755,,,0,9,0.0,16392,472459928711352,1000000000,16.391475677490234,-597.4953872416932,299792458,20,-182064.6971680087,340282346638528860000000000000000000000,1176450050,,,,0,,1,20.081050872802734,,,,,,Q,
Raw,1697800441999,131891000000,,,-1381835528108782080,0.0,28.281665664577755,,,0,30,0.0,16392,472459926775732,1000000000,15.553107261657715,-1482.392725069898,299792458,20,-110554.32769300143,340282346638528860000000000000000000000,1176450050,,,,1,,1,20.081050872802734,,,,,,Q,
Raw,1697800441999,131891000000,,,-1381835528108782080,0.0,28.281665664577755,,,0,10,0.0,16393,331992,118,20.51531982421875,-1620.6726129935487,1.0277787764901425,20,-49107.49074192631,340282346638528860000000000000000000000,1598062460,,,,0,,3,61.51556396484375,,,,,,C,
Raw,1697800441999,131891000000,,,-1381835528108782080,0.0,28.281665664577755,,,0,96,0.0,16392,51241920029071,1000000000,7.0,-388.8623903162877,299792458,20,-2264.4468012347766,340282346638528860000000000000000000000,1599750020,,,,1,,3,61.51556396484375,,,,,,C,
Raw,1697800441999,131891000000,,,-1381835528108782080,0.0,28.281665664577755,,,0,97,0.0,16392,51241920551301,1000000000,7.0,-170.17021196659869,299792458,20,-2871.285166828201,340282346638528860000000000000000000000,1600312450,,,,1,,3,61.51556396484375,,,,,,C,
Raw,1697800441999,131891000000,,,-1381835528108782080,0.0,28.281665664577755,,,0,9,0.0,227,51241931474742,81,25.21771812438965,-998.1009220353717,0.8167027948794829,20,-129439.06789694398,340282346638528860000000000000000000000,1600875010,,,,0,,3,61.51556396484375,,,,,,C,
Raw,1697800441999,131891000000,,,-1381835528108782080,0.0,28.281665664577755,,,0,16,0.0,16392,51241922197879,1000000000,7.0,-341.1951437778764,299792458,22,-615.751617576834,340282346638528860000000000000000000000,1601437440,,,,0,,3,61.51556396484375,,,,,,C,
Raw,1697800441999,131891000000,,,-1381835528108782080,0.0,28.281665664577755,,,0,1,0.0,227,51241921095420,91,23.686458587646484,-1583.8605606927395,0.8836947255688763,20,-62512.046135310455,340282346638528860000000000000000000000,1602562560,,,,0,,3,61.51556396484375,,,,,,C,
Raw,1697800441999,131891000000,,,-1381835528108782080,0.0,28.281665664577755,,,0,24,0.0,16392,51241925595555,1000000000,7.666891098022461,-1214.6154529492205,299792458,20,-27971.875878599556,340282346638528860000000000000000000000,1603124990,,,,1,,3,61.51556396484375,,,,,,C,
Raw,1697800441999,131891000000,,,-1381835528108782080,0.0,28.281665664577755,,,0,23,0.0,16392,51241928090510,1000000000,7.0,-511.5289004120998,299792458,20,-11800.11691364655,340282346638528860000000000000000000000,1603687550,,,,1,,3,61.51556396484375,,,,,,C,
Raw,1697800441999,131891000000,,,-1381835528108782080,0.0,28.281665664577755,,,0,7,0.0,227,51241932104044,224,12.563058853149414,-694.4387767611315,1.3858816161274596,20,-88209.37126431179,340282346638528860000000000000000000000,1604812540,,,,1,,3,61.51556396484375,,,,,,C,
Raw,1697800441999,131891000000,,,-1381835528108782080,0.0,28.281665664577755,,,0,8,0.0,16393,979942,168,16.163976669311523,-1228.7921189047966,1.224109901914919,20,-42689.09117812377,340282346638528860000000000000000000000,1605374980,,,,0,,3,61.51556396484375,,,,,,C,
Raw,1697800441999,131891000000,,,-1381835528108782080,0.0,28.281665664577755,,,0,5,0.0,16392,472445867450165,1000000000,7.0,-971.2491949937016,299792458,20,-19429.92353894379,340282346638528860000000000000000000000,1561097980,,,,0,,5,61.93585968017578,,,,,,C,
Raw,1697800441999,131891000000,,,-1381835528108782080,0.0,28.281665664577755,,,0,9,0.0,16392,472445866370982,1000000000,7.0,-812.3717789652296,299792458,20,-16245.135371727385,340282346638528860000000000000000000000,1561097980,,,,1,,5,61.93585968017578,,,,,,C,
Raw,1697800441999,131891000000,,,-1381835528108782080,0.0,28.281665664577755,,,0,19,0.0,16392,472445926471436,1000000000,7.0,-1062.6799516653145,299792458,18,-12.667275376205563,340282346638528860000000000000000000000,1561097980,,,,0,,5,61.93585968017578,,,,,,C,
Raw,1697800441999,131891000000,,,-1381835528108782080,0.0,28.281665664577755,,,0,20,0.0,65583,472445922431522,22,23.860027313232422,-605.7024427723859,0.8761298181340682,20,708008.1727143012,340282346638528860000000000000000000000,1561097980,,,,0,,5,61.93585968017578,,,,,,C,
Raw,1697800441999,131891000000,,,-1381835528108782080,0.0,28.281665664577755,,,0,22,0.0,16392,472445918083851,1000000000,7.0,-1466.6169102542717,299792458,20,-29334.942752923038,340282346638528860000000000000000000000,1561097980,,,,1,,5,61.93585968017578,,,,,,C,
Raw,1697800441999,131891000000,,,-1381835528108782080,0.0,28.281665664577755,,,0,35,0.0,16392,472445915426055,1000000000,7.0,-517.0994393535575,299792458,20,-10354.365109550154,340282346638528860000000000000000000000,1561097980,,,,0,,5,61.93585968017578,,,,,,C,
Raw,1697800441999,131891000000,,,-1381835528108782080,0.0,28.281665664577755,,,0,36,0.0,65583,472445915758527,22,23.847869873046875,-1630.5328039954238,0.8790738234508217,20,-50889.712062012964,340282346638528860000000000000000000000,1561097980,,,,0,,5,61.93585968017578,,,,,,C,
Raw,1697800441999,131891000000,,,-1381835528108782080,0.0,28.281665664577755,,,0,37,0.0,16392,472445918754103,1000000000,7.0,-687.6521416884834,299792458,20,-13806.09290850418,340282346638528860000000000000000000000,1561097980,,,,1,,5,61.93585968017578,,,,,,C,
Raw,1697800441999,131891000000,,,-1381835528108782080,0.0,28.281665664577755,,,0,3,0.0,16392,472459917497608,1000000000,17.182844161987305,-1278.4009066614863,299792458,18,-2.3577580829361002,340282346638528860000000000000000000000,1575420030,,,,0,,6,48.976600646972656,,,,,,C,
Raw,1697800441999,131891000000,,,-1381835528108782080,0.0,28.281665664577755,,,0,5,0.0,16392,472459921512998,1000000000,17.616294860839844,-862.1687700468383,299792458,18,-1.581256891728923,340282346638528860000000000000000000000,1575420030,,,,0,,6,48.976600646972656,,,,,,C,
Raw,1697800441999,131891000000,,,-1381835528108782080,0.0,28.281665664577755,,,0,9,0.0,83976,472459910387856,1000000000,13.889041900634766,-552.339370182339,299792458,20,-11046.717656323888,340282346638528860000000000000000000000,1575420030,,,,1,,6,48.976600646972656,,,,,,C,
Raw,1697800441999,131891000000,,,-1381835528108782080,0.0,28.281665664577755,,,0,13,0.0,84010,472459905896465,1000000000,10.738574981689453,-1462.5326049944042,299792458,20,-11410.827164692428,340282346638528860000000000000000000000,1575420030,,,,1,,6,48.976600646972656,,,,,,C,
Raw,1697800441999,131891000000,,,-1381835528108782080,0.0,28.281665664577755,,,0,15,0.0,16392,472459916406739,1000000000,7.0,-1030.3695783869512,299792458,18,-8.070369526861818,340282346638528860000000000000000000000,1575420030,,,,0,,6,48.976600646972656,,,,,,C,
Raw,1697800441999,131891000000,,,-1381835528108782080,0.0,28.281665664577755,,,0,24,0.0,85034,472459911376791,29,29.011215209960938,-1381.8429137696512,0.006070978008210659,17,-175034.23391615035,0.0030354890041053295,1575420030,,,,0,,6,48.976600646972656,,,,,,C,
Raw,1697800441999,131891000000,,,-1381835528108782080,0.0,28.281665664577755,,,0,25,0.0,16392,472459905584246,1000000000,14.492219924926758,-1546.6684208367878,299792458,18,-1548.5587279412825,340282346638528860000000000000000000000,1575420030,,,,0,,6,48.976600646972656,,,,,,C,
Raw,1697800441999,131891000000,,,-1381835528108782080,0.0,28.281665664577755,,,0,31,0.0,16392,472459909984178,1000000000,10.806174278259277,-957.5939906229246,299792458,18,-961.330077461471,340282346638528860000000000000000000000,1575420030,,,,0,,6,48.976600646972656,,,,,,C,
Raw,1697800441999,131891000000,,,-1381835528108782080,0.0,28.281665664577755,,,0,34,0.0,85034,472459916031779,113,12.43707275390625,-518.3893240031198,1.390095059815092,20,-1975.2764648460843,340282346638528860000000000000000000000,1575420030,,,,0,,6,48.976600646972656,,,,,,C,
Raw,1697800441999,131891000000,,,-1381835528108782080,0.0,28.281665664577755,,,0,36,0.0,16392,472459905128136,1000000000,15.265957832336426,-356.452189522769,299792458,18,-0.719639396785632,340282346638528860000000000000000000000,1575420030,,,,0,,6,48.976600646972656,,,,,,C,
Raw,1697800441999,131891000000,,,-1381835528108782080,0.0,28.281665664577755,,,0,9,0.0,84011,472459910387785,20,25.32413673400879,-550.899550039032,0.012428979389369488,17,-11041.26035174182,0.006214489694684744,1176450050,,,,0,,6,20.081050872802734,,,,,,Q,
Raw,1697800441999,131891000000,,,-1381835528108782080,0.0,28.281665664577755,,,0,13,0.0,16392,472459905896291,1000000000,7.0,-1461.838958839252,299792458,20,-29241.471688591137,340282346638528860000000000000000000000,1176450050,,,,0,,6,20.081050872802734,,,,,,Q,
Raw,1697800441999,131891000000,,,-1381835528108782080,0.0,28.281665664577755,,,0,24,0.0,16392,472459911376756,1000000000,7.0,-1384.7302638827414,299792458,20,-388169.0421586779,340282346638528860000000000000000000000,1176450050,,,,1,,6,20.081050872802734,,,,,,Q,
Raw,1697800442999,132891000000,,,-1381835528108785357,0.0,28.25066251676776,,,0,4,0.0,16392,472460920658377,1000000000,7.0,-415.7789762727207,299792458,20,-52815.41125357898,340282346638528860000000000000000000000,1575420030,,,,0,,1,52.795997619628906,,,,,,C,
Raw,1697800442999,132891000000,,,-1381835528108785357,0.0,28.25066251676776,,,0,5,0.0,16393,472460918770682,99,14.05328369140625,-1648.4374090454648,1.3200670612359549,20,-53541.8698688627,340282346638528860000000000000000000000,1575420030,,,,1,,1,52.795997619628906,,,,,,C,
Raw,1697800442999,132891000000,,,-1381835528108785357,0.0,28.25066251676776,,,0,6,0.0,16392,472460926168324,1000000000,11.326152801513672,-442.95240762150956,299792458,20,-7716.246711409276,340282346638528860000000000000000000000,1575420030,,,,1,,1,52.795997619628906,,,,,,C,
Raw,1697800442999,132891000000,,,-1381835528108785357,0.0,28.25066251676776,,,0,7,0.0,16393,472460930021365,98,14.227066040039062,-1110.0707213164128,1.3106785426752827,20,-43222.80383203268,340282346638528860000000000000000000000,1575420030,,,,1,,1,52.795997619628906,,,,,,C,
Raw,1697800442999,132891000000,,,-1381835528108785357,0.0,28.25066251676776,,,0,9,0.0,12,472460928713343,1000000000,7.0,-599.8423733627669,299792458,20,-78409.60455742016,340282346638528860000000000000000000000,1575420030,,,,1,,1,52.795997619628906,,,,,,C,
Raw,1697800442999,132891000000,,,-1381835528108785357,0.0,28.25066251676776,,,0,11,0.0,16392,472460927647039,1000000000,8.451032638549805,-882.8398480928358,299792458,20,-22204.144526779608,340282346638528860000000000000000000000,1575420030,,,,1,,1,52.795997619628906,,,,,,C,
Raw,1697800442999,132891000000,,,-1381835528108785357,0.0,28.25066251676776,,,0,13,0.0,16392,472460915880224,1000000000,7.0,-1613.3176188759262,299792458,20,-27141.47677345392,340282346638528860000000000000000000000,1575420030,,,,0,,1,52.795997619628906,,,,,,C,
Raw,1697800442999,132891000000,,,-1381835528108785357,0.0,28.25066251676776,,,0,16,0.0,16392,472460918114433,1000000000,9.945352554321289,-799.8588140423581,299792458,20,-19263.851261461714,340282346638528860000000000000000000000,1575420030,,,,1,,1,52.795997619628906,,,,,,C,
Raw,1697800442999,132891000000,,,-1381835528108785357,0.0,28.25066251676776,,,0,20,0.0,16392,472460927949620,1000000000,9.709136962890625,-1447.6621565538499,299792458,20,-34799.965275961324,340282346638528860000000000000000000000,1575420030,,,,1,,1,52.795997619628906,,,,,,C,
Raw,1697800442999,132891000000,,,-1381835528108785357,0.0,28.25066251676776,,,0,29,0.0,16392,472460914000411,1000000000,8.224889755249023,-945.8980503478178,299792458,20,-3610.439700283305,340282346638528860000000000000000000000,1575420030,,,,0,,1,52.795997619628906,,,,,,C,
Raw,1697800442999,132891000000,,,-1381835528108785357,0.0,28.25066251676776,,,0,30,0.0,16393,472460926780649,111,12.624553680419922,-1480.9263614604606,1.3821587734253216,20,-55926.71729158408,340282346638528860000000000000000000000,1575420030,,,,1,,1,52.795997619628906,,,,,,C,
Raw,1697800442999,132891000000,,,-1381835528108785357,0.0,28.25066251676776,,,0,6,0.0,16392,472460926168263,1000000000,9.466175079345703,-442.08098737313435,299792458,20,-9782.390230909126,340282346638528860000000000000000000000,1176450050,,,,0,,1,20.187955856323242,,,,,,Q,
Raw,1697800442999,132891000000,,,-1381835528108785357,0.0,28.25066251676776,,,0,9,0.0,16392,472460928713339,1000000000,16.695571899414062,-598.130207076887,299792458,20,-182660.83048801907,340282346638528860000000000000000000000,1176450050,,,,0,,1,20.187955856323242,,,,,,Q,
Raw,1697800442999,132891000000,,,-1381835528108785357,0.0,28.25066251676776,,,0,30,0.0,16392,472460926780681,1000000000,14.1283597946167,-1482.2542139665893,299792458,20,-112034.21810011627,340282346638528860000000000000000000000,1176450050,,,,0,,1,20.187955856323242,,,,,,Q,
Raw,1697800442999,132891000000,,,-1381835528108785357,0.0,28.25066251676776,,,0,10,0.0,16393,337508,128,20.479562759399414,-1621.0633342751262,299.7941272834664,20,-50729.37620833459,340282346638528860000000000000000000000,1598062460,,,,0,,3,61.37702941894531,,,,,,C,
Raw,1697800442999,132891000000,,,-1381835528108785357,0.0,28.25066251676776,,,0,96,0.0,16392,51242920030369,1000000000,7.0,-388.1317646958082,299792458,20,-2652.153133240907,340282346638528860000000000000000000000,1599750020,,,,1,,3,61.37702941894531,,,,,,C,
Raw,1697800442999,132891000000,,,-1381835528108785357,0.0,28.25066251676776,,,0,97,0.0,16392,51242920551865,1000000000,7.0,-169.7137456263887,299792458,20,-3040.633770863439,340282346638528860000000000000000000000,1600312450,,,,1,,3,61.37702941894531,,,,,,C,
Raw,1697800442999,132891000000,,,-1381835528108785357,0.0,28.25066251676776,,,0,9,0.0,227,51242931478038,80,25.269603729248047,-997.2489287872145,0.8143700770593094,20,-130436.87004878178,340282346638528860000000000000000000000,1600875010,,,,0,,3,61.37702941894531,,,,,,C,
Raw,1697800442999,132891000000,,,-1381835528108785357,0.0,28.25066251676776,,,0,16,0.0,16392,51242922199025,1000000000,7.0,-340.46530205389695,299792458,20,-955.8630840825733,340282346638528860000000000000000000000,1601437440,,,,0,,3,61.37702941894531,,,,,,C,
Raw,1697800442999,132891000000,,,-1381835528108785357,0.0,28.25066251676776,,,0,1,0.0,227,51242921100755,101,22.485958099365234,-1582.8795312641869,0.9376808041626248,20,-64095.78454995293,340282346638528860000000000000000000000,1602562560,,,,0,,3,61.37702941894531,,,,,,C,
Raw,1697800442999,132891000000,,,-1381835528108785357,0.0,28.25066251676776,,,0,24,0.0,16392,51242925599613,1000000000,8.827371597290039,-1213.9774293631135,299792458,20,-29185.252610282183,340282346638528860000000000000000000000,1603124990,,,,1,,3,61.37702941894531,,,,,,C,
Raw,1697800442999,132891000000,,,-1381835528108785357,0.0,28.25066251676776,,,0,23,0.0,16392,51242928092213,1000000000,7.0,-510.9823200568435,299792458,20,-12310.794923389733,340282346638528860000000000000000000000,1603687550,,,,1,,3,61.37702941894531,,,,,,C,
Raw,1697800442999,132891000000,,,-1381835528108785357,0.0,28.25066251676776,,,0,7,0.0,227,51242932106586,203,13.824535369873047,-693.4927840978844,1.3291549618793281,20,-88903.21092735574,340282346638528860000000000000000000000,1604812540,,,,1,,3,61.37702941894531,,,,,,C,
Raw,1697800442999,132891000000,,,-1381835528108785357,0.0,28.25066251676776,,,0,8,0.0,16393,984002,166,16.300270080566406,-1227.8000467603306,1.2179817164706028,20,-43918.07481797008,340282346638528860000000000000000000000,1605374980,,,,0,,3,61.37702941894531,,,,,,C,
Raw,1697800442999,132891000000,,,-1381835528108785357,0.0,28.25066251676776,,,0,5,0.0,16392,472446867453401,1000000000,7.0,-970.4997899396781,299792458,20,-20400.123157205453,340282346638528860000000000000000000000,1561097980,,,,0,,5,62.02272033691406,,,,,,C,
Raw,1697800442999,132891000000,,,-1381835528108785357,0.0,28.25066251676776,,,0,9,0.0,16392,472446866373700,1000000000,7.0,-811.6223739112061,299792458,20,-17056.23095556847,340282346638528860000000000000000000000,1561097980,,,,1,,5,62.02272033691406,,,,,,C,
Raw,1697800442999,132891000000,,,-1381835528108785357,0.0,28.25066251676776,,,0,20,0.0,65583,472446922433534,20,24.911117553710938,-605.0811877548881,0.828863974532124,20,707403.0356962978,340282346638528860000000000000000000000,1561097980,,,,0,,5,62.02272033691406,,,,,,C,
Raw,1697800442999,132891000000,,,-1381835528108785357,0.0,28.25066251676776,,,0,22,0.0,16392,472446918088722,1000000000,17.785293579101562,-1465.8675052002482,299792458,22,-2931.8775801538463,340282346638528860000000000000000000000,1561097980,,,,0,,5,62.02272033691406,,,,,,C,
Raw,1697800442999,132891000000,,,-1381835528108785357,0.0,28.25066251676776,,,0,35,0.0,16392,472446915427781,1000000000,7.0,-516.7247368265457,299792458,20,-10870.790262908924,340282346638528860000000000000000000000,1561097980,,,,1,,5,62.02272033691406,,,,,,C,
Raw,1697800442999,132891000000,,,-1381835528108785357,0.0,28.25066251676776,,,0,36,0.0,65583,472446915763971,24,22.88265609741211,-1630.1315853172373,0.9224793628804724,20,-52520.15747988562,340282346638528860000000000000000000000,1561097980,,,,0,,5,62.02272033691406,,,,,,C,
Raw,1697800442999,132891000000,,,-1381835528108785357,0.0,28.25066251676776,,,0,37,0.0,16392,472446918756767,1000000000,8.791568756103516,-690.1006935299952,299792458,20,-14493.836050863349,340282346638528860000000000000000000000,1561097980,,,,1,,5,62.02272033691406,,,,,,C,
Raw,1697800442999,132891000000,,,-1381835528108785357,0.0,28.25066251676776,,,0,3,0.0,16392,472460917501876,1000000000,12.058310508728027,-1278.0296805450398,299792458,18,-2.387388088508728,340282346638528860000000000000000000000,1575420030,,,,0,,6,52.795997619628906,,,,,,C,
Raw,1697800442999,132891000000,,,-1381835528108785357,0.0,28.25066251676776,,,0,5,0.0,84010,472460921515996,1000000000,18.853116989135742,-862.1689063766644,299792458,20,-691.6557604973999,340282346638528860000000000000000000000,1575420030,,,,0,,6,52.795997619628906,,,,,,C,
Raw,1697800442999,132891000000,,,-1381835528108785357,0.0,28.25066251676776,,,0,9,0.0,83976,472460910389703,1000000000,13.435455322265625,-551.6145044970119,299792458,20,-11597.673726467767,340282346638528860000000000000000000000,1575420030,,,,1,,6,52.795997619628906,,,,,,C,
Raw,1697800442999,132891000000,,,-1381835528108785357,0.0,28.25066251676776,,,0,13,0.0,16392,472460905901342,1000000000,7.0,-1461.6396446335066,299792458,18,-1464.0217498534635,340282346638528860000000000000000000000,1575420030,,,,0,,6,52.795997619628906,,,,,,C,
Raw,1697800442999,132891000000,,,-1381835528108785357,0.0,28.25066251676776,,,0,15,0.0,16392,472460916410182,1000000000,12.251720428466797,-1029.9982841055917,299792458,18,-8.093065878542683,340282346638528860000000000000000000000,1575420030,,,,0,,6,52.795997619628906,,,,,,C,
Raw,1697800442999,132891000000,,,-1381835528108785357,0.0,28.25066251676776,,,0,24,0.0,85034,472460911381400,30,28.66950035095215,-1381.6792949755618,0.006314579863101244,17,-176415.9132111259,0.003157289931550622,1575420030,,,,0,,6,52.795997619628906,,,,,,C,
Raw,1697800442999,132891000000,,,-1381835528108785357,0.0,28.25066251676776,,,0,25,0.0,16392,472460905589403,1000000000,10.090649604797363,-1546.2970583905153,299792458,18,-1548.5946514925322,340282346638528860000000000000000000000,1575420030,,,,0,,6,52.795997619628906,,,,,,C,
Raw,1697800442999,132891000000,,,-1381835528108785357,0.0,28.25066251676776,,,0,31,0.0,16392,472460909987380,1000000000,19.522197723388672,-957.2226963415651,299792458,18,-961.3518095051443,340282346638528860000000000000000000000,1575420030,,,,0,,6,52.795997619628906,,,,,,C,
Raw,1697800442999,132891000000,,,-1381835528108785357,0.0,28.25066251676776,,,0,34,0.0,85034,472460916033480,105,13.341636657714844,-517.9071254082351,1.3494183136280968,20,-2492.7208944873514,340282346638528860000000000000000000000,1575420030,,,,0,,6,52.795997619628906,,,,,,C,
Raw,1697800442999,132891000000,,,-1381835528108785357,0.0,28.25066251676776,,,0,36,0.0,16392,472460905129322,1000000000,7.0,-355.89521401827324,299792458,18,-0.7274590567007657,340282346638528860000000000000000000000,1575420030,,,,0,,6,52.795997619628906,,,,,,C,
Raw,1697800442999,132891000000,,,-1381835528108785357,0.0,28.25066251676776,,,0,9,0.0,84011,472460910389623,25,24.57665252685547,-550.7978157006892,0.013545957393944263,17,-11592.058167442508,0.006772978696972132,1176450050,,,,0,,6,20.187955856323242,,,,,,Q,
Raw,1697800442999,132891000000,,,-1381835528108785357,0.0,28.25066251676776,,,0,24,0.0,16392,472460911381405,1000000000,7.0,-1383.5114752374857,299792458,20,-389552.44104304904,340282346638528860000000000000000000000,1176450050,,,,1,,6,20.187955856323242,,,,,,Q,
Raw,1697800443999,133891000000,,,-1381835528108788634,0.0,28.30037698362335,,,0,4,0.0,16392,472461920659765,1000000000,7.483308792114258,-416.6036013082901,299792458,20,-53231.755374983164,340282346638528860000000000000000000000,1575420030,,,,0,,1,52.750877380371094,,,,,,C,
Raw,1697800443999,133891000000,,,-1381835528108788634,0.0,28.30037698362335,,,0,5,0.0,16393,472461918776191,98,14.150976181030273,-1650.5910113082282,1.3156749509207692,20,-55189.61909009593,340282346638528860000000000000000000000,1575420030,,,,1,,1,52.750877380371094,,,,,,C,
Raw,1697800443999,133891000000,,,-1381835528108788634,0.0,28.30037698362335,,,0,6,0.0,16392,472461926169800,1000000000,11.167558670043945,-442.8977734437035,299792458,20,-8159.601236793951,340282346638528860000000000000000000000,1575420030,,,,1,,1,52.750877380371094,,,,,,C,
Raw,1697800443999,133891000000,,,-1381835528108788634,0.0,28.30037698362335,,,0,7,0.0,16393,472461930025042,97,14.360876083374023,-1110.0986689307615,1.3046619240222403,20,-44330.91284557342,340282346638528860000000000000000000000,1575420030,,,,1,,1,52.750877380371094,,,,,,C,
Raw,1697800443999,133891000000,,,-1381835528108788634,0.0,28.30037698362335,,,0,9,0.0,12,472461928715342,1000000000,7.0,-599.4710790814074,299792458,20,-79008.78998586332,340282346638528860000000000000000000000,1575420030,,,,1,,1,52.750877380371094,,,,,,C,
Raw,1697800443999,133891000000,,,-1381835528108788634,0.0,28.30037698362335,,,0,11,0.0,16392,472461927649986,1000000000,10.462364196777344,-885.0423245982529,299792458,20,-23088.21134172229,340282346638528860000000000000000000000,1575420030,,,,1,,1,52.750877380371094,,,,,,C,
Raw,1697800443999,133891000000,,,-1381835528108788634,0.0,28.30037698362335,,,0,13,0.0,16392,472461915885607,1000000000,7.0,-1612.9463927594797,299792458,22,-2927.7275199074656,340282346638528860000000000000000000000,1575420030,,,,0,,1,52.750877380371094,,,,,,C,
Raw,1697800443999,133891000000,,,-1381835528108788634,0.0,28.30037698362335,,,0,16,0.0,16392,472461918116778,1000000000,9.085136413574219,-799.3998596828219,299792458,20,-20063.68604004001,340282346638528860000000000000000000000,1575420030,,,,1,,1,52.750877380371094,,,,,,C,
Raw,1697800443999,133891000000,,,-1381835528108788634,0.0,28.30037698362335,,,0,20,0.0,16392,472461927954386,1000000000,11.406307220458984,-1447.4374850004515,299792458,20,-36247.65057267132,340282346638528860000000000000000000000,1575420030,,,,1,,1,52.750877380371094,,,,,,C,
Raw,1697800443999,133891000000,,,-1381835528108788634,0.0,28.30037698362335,,,0,29,0.0,16392,472461914003681,1000000000,7.463743209838867,-945.7123691246816,299792458,20,-4557.11541226621,340282346638528860000000000000000000000,1575420030,,,,1,,1,52.750877380371094,,,,,,C,
Raw,1697800443999,133891000000,,,-1381835528108788634,0.0,28.30037698362335,,,0,30,0.0,16393,472461926785606,102,13.685771942138672,-1479.9727343269524,1.3344378757749595,20,-57406.196488259695,340282346638528860000000000000000000000,1575420030,,,,1,,1,52.750877380371094,,,,,,C,
Raw,1697800443999,133891000000,,,-1381835528108788634,0.0,28.30037698362335,,,0,6,0.0,16392,472461926169756,1000000000,11.594955444335938,-440.4008926788424,299792458,20,-10222.230713120798,340282346638528860000000000000000000000,1176450050,,,,1,,1,8.485379219055176,,,,,,Q,
Raw,1697800443999,133891000000,,,-1381835528108788634,0.0,28.30037698362335,,,0,9,0.0,16392,472461928715323,1000000000,17.70429229736328,-598.4875957159852,299792458,20,-183258.84151175406,340282346638528860000000000000000000000,1176450050,,,,0,,1,8.485379219055176,,,,,,Q,
Raw,1697800443999,133891000000,,,-1381835528108788634,0.0,28.30037698362335,,,0,30,0.0,16392,472461926785614,1000000000,13.895730972290039,-1478.2757006517686,299792458,20,-113514.00038641063,340282346638528860000000000000000000000,1176450050,,,,0,,1,8.485379219055176,,,,,,Q,
Raw,1697800443999,133891000000,,,-1381835528108788634,0.0,28.30037698362335,,,0,10,0.0,16393,342826,115,20.804302215576172,-1619.4609134992497,1.0147855721810979,20,-52350.82806166345,340282346638528860000000000000000000000,1598062460,,,,0,,3,61.556697845458984,,,,,,C,
Raw,1697800443999,133891000000,,,-1381835528108788634,0.0,28.30037698362335,,,0,96,0.0,16392,51243920031659,1000000000,7.0,-387.6751620257721,299792458,20,-3039.208970259467,340282346638528860000000000000000000000,1599750020,,,,1,,3,61.556697845458984,,,,,,C,
Raw,1697800443999,133891000000,,,-1381835528108788634,0.0,28.30037698362335,,,0,97,0.0,16392,51243920552430,1000000000,7.0,-169.2572792861787,299792458,20,-3209.611712223356,340282346638528860000000000000000000000,1600312450,,,,0,,3,61.556697845458984,,,,,,C,
Raw,1697800443999,133891000000,,,-1381835528108788634,0.0,28.30037698362335,,,0,9,0.0,227,51243931481391,78,25.690288543701172,-997.6363105152122,0.008756770752370358,17,-131434.506359297,0.004378385376185179,1600875010,,,,0,,3,61.556697845458984,,,,,,C,
Raw,1697800443999,133891000000,,,-1381835528108788634,0.0,28.30037698362335,,,0,16,0.0,16392,51243922200170,1000000000,7.0,-340.1916199280188,299792458,20,-1295.0548654699437,340282346638528860000000000000000000000,1601437440,,,,0,,3,61.556697845458984,,,,,,C,
Raw,1697800443999,133891000000,,,-1381835528108788634,0.0,28.30037698362335,,,0,1,0.0,227,51243921105990,105,21.899009704589844,-1583.7592676319537,0.9640762022589877,20,-65679.51452805562,340282346638528860000000000000000000000,1602562560,,,,0,,3,61.556697845458984,,,,,,C,
Raw,1697800443999,133891000000,,,-1381835528108788634,0.0,28.30037698362335,,,0,24,0.0,16392,51243925603671,1000000000,8.561599731445312,-1213.6130197379716,299792458,20,-30396.800920882706,340282346638528860000000000000000000000,1603124990,,,,1,,3,61.556697845458984,,,,,,C,
Raw,1697800443999,133891000000,,,-1381835528108788634,0.0,28.30037698362335,,,0,23,0.0,16392,51243928093917,1000000000,7.0,-510.5267739429596,299792458,20,-12821.030389185687,340282346638528860000000000000000000000,1603687550,,,,1,,3,61.556697845458984,,,,,,C,
Raw,1697800443999,133891000000,,,-1381835528108788634,0.0,28.30037698362335,,,0,7,0.0,227,51243932108905,188,14.772634506225586,-692.937785375867,1.2865203383266124,20,-89596.80013186418,340282346638528860000000000000000000000,1604812540,,,,1,,3,61.556697845458984,,,,,,C,
Raw,1697800443999,133891000000,,,-1381835528108788634,0.0,28.30037698362335,,,0,8,0.0,16393,988237,176,15.556652069091797,-1227.7202938120672,1.2514220648379073,20,-45144.840705399954,340282346638528860000000000000000000000,1605374980,,,,0,,3,61.556697845458984,,,,,,C,
Raw,1697800443999,133891000000,,,-1381835528108788634,0.0,28.30037698362335,,,0,5,0.0,16392,472447867456634,1000000000,7.0,-970.1250874126663,299792458,20,-21369.79857792856,340282346638528860000000000000000000000,1561097980,,,,0,,5,62.037113189697266,,,,,,C,
Raw,1697800443999,133891000000,,,-1381835528108788634,0.0,28.30037698362335,,,0,9,0.0,16392,472447866376410,1000000000,9.168636322021484,-811.2476713841943,299792458,20,-17867.049291023708,340282346638528860000000000000000000000,1561097980,,,,1,,5,62.037113189697266,,,,,,C,
Raw,1697800443999,133891000000,,,-1381835528108788634,0.0,28.30037698362335,,,0,20,0.0,65583,472447922435541,21,24.195539474487305,-604.6743795538318,0.861042939171595,20,706797.9576655043,340282346638528860000000000000000000000,1561097980,,,,0,,5,62.037113189697266,,,,,,C,
Raw,1697800443999,133891000000,,,-1381835528108788634,0.0,28.30037698362335,,,0,22,0.0,16392,472447918093646,1000000000,12.733795166015625,-1465.8675052002482,299792458,20,-4401.347823386758,340282346638528860000000000000000000000,1561097980,,,,0,,5,62.037113189697266,,,,,,C,
Raw,1697800443999,133891000000,,,-1381835528108788634,0.0,28.30037698362335,,,0,35,0.0,16392,472447915429507,1000000000,7.0,-516.3502387942731,299792458,20,-11386.985027977302,340282346638528860000000000000000000000,1561097980,,,,1,,5,62.037113189697266,,,,,,C,
Raw,1697800443999,133891000000,,,-1381835528108788634,0.0,28.30037698362335,,,0,36,0.0,65583,472447915769430,24,22.97237777709961,-1630.0546952953218,0.9184456508971595,20,-54150.559828673024,340282346638528860000000000000000000000,1561097980,,,,0,,5,62.037113189697266,,,,,,C,
Raw,1697800443999,133891000000,,,-1381835528108788634,0.0,28.30037698362335,,,0,37,0.0,16392,472447918759065,1000000000,7.0,-688.3425159278095,299792458,20,-15182.741784472988,340282346638528860000000000000000000000,1561097980,,,,1,,5,62.037113189697266,,,,,,C,
Raw,1697800443999,133891000000,,,-1381835528108788634,0.0,28.30037698362335,,,0,3,0.0,16392,472461917506141,1000000000,11.855884552001953,-1277.8439993219035,299792458,18,-2.4171858718298647,340282346638528860000000000000000000000,1575420030,,,,0,,6,52.750877380371094,,,,,,C,
Raw,1697800443999,133891000000,,,-1381835528108788634,0.0,28.30037698362335,,,0,5,0.0,84010,472461921518866,1000000000,18.34503173828125,-853.293016719168,299792458,20,-1554.5475905082062,340282346638528860000000000000000000000,1575420030,,,,0,,6,52.750877380371094,,,,,,C,
Raw,1697800443999,133891000000,,,-1381835528108788634,0.0,28.30037698362335,,,0,9,0.0,83976,472461910391542,1000000000,13.376680374145508,-550.6639107021342,299792458,20,-12148.325152635753,340282346638528860000000000000000000000,1575420030,,,,1,,6,52.750877380371094,,,,,,C,
Raw,1697800443999,133891000000,,,-1381835528108788634,0.0,28.30037698362335,,,0,13,0.0,16392,472461905906221,1000000000,7.0,-1461.268282187234,299792458,18,-1464.055669763299,340282346638528860000000000000000000000,1575420030,,,,0,,6,52.750877380371094,,,,,,C,
Raw,1697800443999,133891000000,,,-1381835528108788634,0.0,28.30037698362335,,,0,15,0.0,16392,472461916413621,1000000000,7.0,-1029.8126710473684,299792458,18,-8.05206098761334,340282346638528860000000000000000000000,1575420030,,,,0,,6,52.750877380371094,,,,,,C,
Raw,1697800443999,133891000000,,,-1381835528108788634,0.0,28.30037698362335,,,0,24,0.0,85034,472461911386010,31,28.476041793823242,-1381.6082497917814,0.006456799805164336,17,-177797.5214609177,0.0032283999025821686,1575420030,,,,0,,6,52.750877380371094,,,,,,C,
Raw,1697800443999,133891000000,,,-1381835528108788634,0.0,28.30037698362335,,,0,25,0.0,16392,472461905594557,1000000000,15.121846199035645,-1545.9256959442428,299792458,18,-1548.6305576203608,340282346638528860000000000000000000000,1575420030,,,,0,,6,52.750877380371094,,,,,,C,
Raw,1697800443999,133891000000,,,-1381835528108788634,0.0,28.30037698362335,,,0,31,0.0,16392,472461909990575,1000000000,7.0,-956.8514020602056,299792458,18,-961.2538007884673,340282346638528860000000000000000000000,1575420030,,,,0,,6,52.750877380371094,,,,,,C,
Raw,1697800443999,133891000000,,,-1381835528108788634,0.0,28.30037698362335,,,0,34,0.0,85034,472461916035211,111,12.696894645690918,-517.3873338638057,1.378411833361345,20,-3009.898408985022,340282346638528860000000000000000000000,1575420030,,,,0,,6,52.750877380371094,,,,,,C,
Raw,1697800443999,133891000000,,,-1381835528108788634,0.0,28.30037698362335,,,0,36,0.0,16392,472461905130504,1000000000,9.419020652770996,-355.52391973691374,299792458,18,-0.7354379001397814,340282346638528860000000000000000000000,1575420030,,,,0,,6,52.750877380371094,,,,,,C,
Raw,1697800443999,133891000000,,,-1381835528108788634,0.0,28.30037698362335,,,0,9,0.0,84011,472461910391461,28,24.438888549804688,-550.7495959530661,0.013762516900897024,17,-12142.807763395575,0.006881258450448513,1176450050,,,,0,,6,8.485379219055176,,,,,,Q,
Raw,1697800443999,133891000000,,,-1381835528108788634,0.0,28.30037698362335,,,0,24,0.0,16392,472461911385971,1000000000,10.871318817138672,-1384.4874604624729,299792458,20,-390936.2320989419,340282346638528860000000000000000000000,1176450050,,,,1,,6,8.485379219055176,,,,,,Q,
Raw,1697800444999,134891000000,,,-1381835528108791912,0.0,28.331233800138534,,,0,4,0.0,16392,472462920661155,1000000000,8.07217025756836,-416.04665988625084,299792458,20,-53647.16045223727,340282346638528860000000000000000000000,1575420030,,,,0,,1,48.929901123046875,,,,,,C,
Raw,1697800444999,134891000000,,,-1381835528108791912,0.0,28.331233800138534,,,0,5,0.0,16393,472462918781696,99,14.052923202514648,-1648.0601844166704,1.3200851675409826,20,-56839.33101663943,340282346638528860000000000000000000000,1575420030,,,,1,,1,48.929901123046875,,,,,,C,
Raw,1697800444999,134891000000,,,-1381835528108791912,0.0,28.331233800138534,,,0,6,0.0,16392,472462926171274,1000000000,10.525089263916016,-440.6855152732644,299792458,20,-8601.71490324491,340282346638528860000000000000000000000,1575420030,,,,1,,1,48.929901123046875,,,,,,C,
Raw,1697800444999,134891000000,,,-1381835528108791912,0.0,28.331233800138534,,,0,7,0.0,16393,472462930028731,96,14.428092956542969,-1108.68302001663,1.3016399018323526,20,-45440.56772570761,340282346638528860000000000000000000000,1575420030,,,,1,,1,48.929901123046875,,,,,,C,
Raw,1697800444999,134891000000,,,-1381835528108791912,0.0,28.331233800138534,,,0,9,0.0,12,472462928717343,1000000000,7.0,-599.0997848000479,299792458,20,-79607.8093823942,340282346638528860000000000000000000000,1575420030,,,,1,,1,48.929901123046875,,,,,,C,
Raw,1697800444999,134891000000,,,-1381835528108791912,0.0,28.331233800138534,,,0,11,0.0,16392,472462927652937,1000000000,10.37186050415039,-882.5012729697382,299792458,20,-23972.443451764375,340282346638528860000000000000000000000,1575420030,,,,1,,1,48.929901123046875,,,,,,C,
Raw,1697800444999,134891000000,,,-1381835528108791912,0.0,28.331233800138534,,,0,13,0.0,16392,472462915890991,1000000000,7.0,-1612.7607115363435,299792458,20,-2927.7347206091617,340282346638528860000000000000000000000,1575420030,,,,0,,1,48.929901123046875,,,,,,C,
Raw,1697800444999,134891000000,,,-1381835528108791912,0.0,28.331233800138534,,,0,16,0.0,16392,472462918119773,1000000000,9.394378662109375,-798.3011094494395,299792458,20,-20863.195726532824,340282346638528860000000000000000000000,1575420030,,,,0,,1,48.929901123046875,,,,,,C,
Raw,1697800444999,134891000000,,,-1381835528108791912,0.0,28.331233800138534,,,0,20,0.0,16392,472462927959297,1000000000,12.725339889526367,-1447.1326515093115,299792458,20,-37695.80967581153,340282346638528860000000000000000000000,1575420030,,,,0,,1,48.929901123046875,,,,,,C,
Raw,1697800444999,134891000000,,,-1381835528108791912,0.0,28.331233800138534,,,0,29,0.0,16392,472462914006757,1000000000,7.0,-945.3410748433221,299792458,20,-5502.494627536066,340282346638528860000000000000000000000,1575420030,,,,0,,1,48.929901123046875,,,,,,C,
Raw,1697800444999,134891000000,,,-1381835528108791912,0.0,28.331233800138534,,,0,30,0.0,16393,472462926790545,97,14.263306617736816,-1479.101177748751,1.308467709577557,20,-58886.383116795674,340282346638528860000000000000000000000,1575420030,,,,0,,1,48.929901123046875,,,,,,C,
Raw,1697800444999,134891000000,,,-1381835528108791912,0.0,28.331233800138534,,,0,6,0.0,16392,472462926171233,1000000000,13.507179260253906,-440.0270081307872,299792458,20,-10660.829567188015,340282346638528860000000000000000000000,1176450050,,,,0,,1,20.081050872802734,,,,,,Q,
Raw,1697800444999,134891000000,,,-1381835528108791912,0.0,28.331233800138534,,,0,9,0.0,16392,472462928717323,1000000000,18.20941162109375,-598.3668074900684,299792458,20,-183857.08244930877,340282346638528860000000000000000000000,1176450050,,,,0,,1,20.081050872802734,,,,,,Q,
Raw,1697800444999,134891000000,,,-1381835528108791912,0.0,28.331233800138534,,,0,30,0.0,16392,472462926790527,1000000000,12.445350646972656,-1477.7328352842733,299792458,20,-114993.80731132891,340282346638528860000000000000000000000,1176450050,,,,1,,1,20.081050872802734,,,,,,Q,
Raw,1697800444999,134891000000,,,-1381835528108791912,0.0,28.331233800138534,,,0,10,0.0,16393,348279,119,20.436241149902344,-1619.6998996843877,1.0313377970721582,20,-53970.29258250587,340282346638528860000000000000000000000,1598062460,,,,0,,3,61.47423553466797,,,,,,C,
Raw,1697800444999,134891000000,,,-1381835528108791912,0.0,28.331233800138534,,,0,96,0.0,16392,51244920032951,1000000000,7.0,-387.1272183722549,299792458,20,-3426.2688008562554,340282346638528860000000000000000000000,1599750020,,,,1,,3,61.47423553466797,,,,,,C,
Raw,1697800444999,134891000000,,,-1381835528108791912,0.0,28.331233800138534,,,0,97,0.0,16392,51244920552995,1000000000,7.0,-169.074699566586,299792458,20,-3378.5403272692947,340282346638528860000000000000000000000,1600312450,,,,0,,3,61.47423553466797,,,,,,C,
Raw,1697800444999,134891000000,,,-1381835528108791912,0.0,28.331233800138534,,,0,9,0.0,227,51244931484686,79,25.530315399169922,-997.4399268735683,0.8026473096306121,20,-132432.00054083712,340282346638528860000000000000000000000,1600875010,,,,0,,3,61.47423553466797,,,,,,C,
Raw,1697800444999,134891000000,,,-1381835528108791912,0.0,28.331233800138534,,,0,16,0.0,16392,51244922201309,1000000000,7.0,-339.7354603299175,299792458,20,-1634.3957103369141,340282346638528860000000000000000000000,1601437440,,,,1,,3,61.47423553466797,,,,,,C,
Raw,1697800444999,134891000000,,,-1381835528108791912,0.0,28.331233800138534,,,0,1,0.0,227,51244921111257,110,21.41383934020996,-1584.3682529651032,0.9858947657885033,20,-67263.13378373126,340282346638528860000000000000000000000,1602562560,,,,0,,3,61.47423553466797,,,,,,C,
Raw,1697800444999,134891000000,,,-1381835528108791912,0.0,28.331233800138534,,,0,24,0.0,16392,51244925607722,1000000000,7.701389312744141,-1213.3395421068326,299792458,20,-31608.706259439747,340282346638528860000000000000000000000,1603124990,,,,1,,3,61.47423553466797,,,,,,C,
Raw,1697800444999,134891000000,,,-1381835528108791912,0.0,28.331233800138534,,,0,23,0.0,16392,51244928095621,1000000000,7.233924865722656,-510.3446032128452,299792458,20,-13331.281089047017,340282346638528860000000000000000000000,1603687550,,,,1,,3,61.47423553466797,,,,,,C,
Raw,1697800444999,134891000000,,,-1381835528108791912,0.0,28.331233800138534,,,0,7,0.0,227,51244932111268,177,15.467280387878418,-692.6634216008583,1.2552833675196693,20,-90289.8477835615,340282346638528860000000000000000000000,1604812540,,,,1,,3,61.47423553466797,,,,,,C,
Raw,1697800444999,134891000000,,,-1381835528108791912,0.0,28.331233800138534,,,0,8,0.0,16393,992151,188,14.755110740661621,-1227.0293742534368,1.2874673247064825,20,-46370.472438637946,340282346638528860000000000000000000000,1605374980,,,,0,,3,61.47423553466797,,,,,,C,
Raw,1697800444999,134891000000,,,-1381835528108791912,0.0,28.331233800138534,,,0,5,0.0,16392,472448867459700,1000000000,7.951143264770508,-969.7503848856545,299792458,20,-22339.548536519036,340282346638528860000000000000000000000,1561097980,,,,0,,5,61.906715393066406,,,,,,C,
Raw,1697800444999,134891000000,,,-1381835528108791912,0.0,28.331233800138534,,,0,9,0.0,16392,472448866379110,1000000000,7.0,-810.8729688571825,299792458,20,-18681.316347745847,340282346638528860000000000000000000000,1561097980,,,,1,,5,61.906715393066406,,,,,,C,
Raw,1697800444999,134891000000,,,-1381835528108791912,0.0,28.331233800138534,,,0,20,0.0,65583,472448922437561,21,24.300447463989258,-605.1035332570318,0.010538123548030853,17,706192.8541322473,0.10128880492915367,1561097980,,,,0,,5,61.906715393066406,,,,,,C,
Raw,1697800444999,134891000000,,,-1381835528108791912,0.0,28.331233800138534,,,0,22,0.0,16392,472448918098538,1000000000,7.682292938232422,-1465.867232540596,299792458,20,-5860.830992928718,340282346638528860000000000000000000000,1561097980,,,,0,,5,61.906715393066406,,,,,,C,
Raw,1697800444999,134891000000,,,-1381835528108791912,0.0,28.331233800138534,,,0,35,0.0,16392,472448915431231,1000000000,7.0,-516.3502387942731,299792458,20,-11903.335249781296,340282346638528860000000000000000000000,1561097980,,,,0,,5,61.906715393066406,,,,,,C,
Raw,1697800444999,134891000000,,,-1381835528108791912,0.0,28.331233800138534,,,0,36,0.0,65583,472448915774871,24,22.76495361328125,-1630.002753631581,0.927774325457023,20,-55781.02567315941,340282346638528860000000000000000000000,1561097980,,,,0,,5,61.906715393066406,,,,,,C,
Raw,1697800444999,134891000000,,,-1381835528108791912,0.0,28.331233800138534,,,0,37,0.0,16392,472448918761054,1000000000,7.0,-687.7169665207898,299792458,20,-15869.28089696192,340282346638528860000000000000000000000,1561097980,,,,1,,5,61.906715393066406,,,,,,C,
Raw,1697800444999,134891000000,,,-1381835528108791912,0.0,28.331233800138534,,,0,3,0.0,16392,472462917510406,1000000000,13.33439826965332,-1277.8439993219035,299792458,18,-2.3672212972716045,340282346638528860000000000000000000000,1575420030,,,,0,,6,48.929901123046875,,,,,,C,
Raw,1697800444999,134891000000,,,-1381835528108791912,0.0,28.331233800138534,,,0,5,0.0,84010,472462921521639,1000000000,17.805328369140625,-859.7334421984574,299792458,20,-2419.0290365817173,340282346638528860000000000000000000000,1575420030,,,,0,,6,48.929901123046875,,,,,,C,
Raw,1697800444999,134891000000,,,-1381835528108791912,0.0,28.331233800138534,,,0,9,0.0,83976,472462910393379,1000000000,13.258878707885742,-550.6421320124161,299792458,20,-12699.377049943218,340282346638528860000000000000000000000,1575420030,,,,1,,6,48.929901123046875,,,,,,C,
Raw,1697800444999,134891000000,,,-1381835528108791912,0.0,28.331233800138534,,,0,13,0.0,16392,472462905911105,1000000000,15.540580749511719,-1461.268282187234,299792458,18,-1463.9985331772477,340282346638528860000000000000000000000,1575420030,,,,0,,6,48.929901123046875,,,,,,C,
Raw,1697800444999,134891000000,,,-1381835528108791912,0.0,28.331233800138534,,,0,15,0.0,16392,472462916417057,1000000000,7.0,-1029.6269898242322,299792458,18,-8.075485205702558,340282346638528860000000000000000000000,1575420030,,,,0,,6,48.929901123046875,,,,,,C,
Raw,1697800444999,134891000000,,,-1381835528108791912,0.0,28.331233800138534,,,0,24,0.0,85034,472462911390612,30,28.68958854675293,-1381.623755238572,0.006299992091953754,17,-179179.14521615626,0.003149996045976877,1575420030,,,,0,,6,48.929901123046875,,,,,,C,
Raw,1697800444999,134891000000,,,-1381835528108791912,0.0,28.331233800138534,,,0,25,0.0,16392,472462905599711,1000000000,12.785083770751953,-1545.7400147211065,299792458,18,-1548.5699328117516,340282346638528860000000000000000000000,1575420030,,,,0,,6,48.929901123046875,,,,,,C,
Raw,1697800444999,134891000000,,,-1381835528108791912,0.0,28.331233800138534,,,0,31,0.0,16392,472462909993767,1000000000,7.0,-956.8514020602056,299792458,18,-961.3361105845584,340282346638528860000000000000000000000,1575420030,,,,0,,6,48.929901123046875,,,,,,C,
Raw,1697800444999,134891000000,,,-1381835528108791912,0.0,28.331233800138534,,,0,34,0.0,85034,472462916036924,110,12.718759536743164,-517.1273188029932,1.377428900640611,20,-3526.875337548884,340282346638528860000000000000000000000,1575420030,,,,0,,6,48.929901123046875,,,,,,C,
Raw,1697800444999,134891000000,,,-1381835528108791912,0.0,28.331233800138534,,,0,36,0.0,16392,472462905131688,1000000000,7.0,-355.52391973691374,299792458,18,-0.7215366725645485,340282346638528860000000000000000000000,1575420030,,,,0,,6,48.929901123046875,,,,,,C,
Raw,1697800444999,134891000000,,,-1381835528108791912,0.0,28.331233800138534,,,0,9,0.0,84011,472462910393295,21,25.434555053710938,-550.8285766346307,0.01227197702974081,17,-12693.636340030205,0.006135988514870405,1176450050,,,,0,,6,20.081050872802734,,,,,,Q,
Raw,1697800444999,134891000000,,,-1381835528108791912,0.0,28.331233800138534,,,0,24,0.0,16392,472462911390539,1000000000,10.01544189453125,-1378.0244723969654,299792458,20,-392314.74210425955,340282346638528860000000000000000000000,1176450050,,,,1,,6,20.081050872802734,,,,,,Q,
Raw,1697800445999,135891000000,,,-1381835528108795188,0.0,28.66786258162851,,,0,4,0.0,16392,472463920662549,1000000000,9.196111679077148,-416.2323070269306,299792458,20,-54063.73546575679,340282346638528860000000000000000000000,1575420030,,,,0,,1,52.88554382324219,,,,,,C,
Raw,1697800445999,135891000000,,,-1381835528108795188,0.0,28.66786258162851,,,0,5,0.0,16392,472463918787133,1000000000,13.867147445678711,-1649.4875576958457,299792458,20,-58487.520755732476,340282346638528860000000000000000000000,1575420030,,,,1,,1,52.88554382324219,,,,,,C,
Raw,1697800445999,135891000000,,,-1381835528108795188,0.0,28.66786258162851,,,0,6,0.0,16392,472463926172747,1000000000,9.795661926269531,-444.8715566658525,299792458,20,-9044.332021880036,340282346638528860000000000000000000000,1575420030,,,,1,,1,52.88554382324219,,,,,,C,
Raw,1697800445999,135891000000,,,-1381835528108795188,0.0,28.66786258162851,,,0,7,0.0,16393,472463930032433,94,14.64876651763916,-1109.6982000666185,1.2917171141387662,20,-46549.63488860093,340282346638528860000000000000000000000,1575420030,,,,1,,1,52.88554382324219,,,,,,C,
Raw,1697800445999,135891000000,,,-1381835528108795188,0.0,28.66786258162851,,,0,9,0.0,12,472463928719340,1000000000,7.0,-599.0997848000479,299792458,20,-80206.92061252236,340282346638528860000000000000000000000,1575420030,,,,0,,1,52.88554382324219,,,,,,C,
Raw,1697800445999,135891000000,,,-1381835528108795188,0.0,28.66786258162851,,,0,11,0.0,16392,472463927655884,1000000000,10.678096771240234,-883.4919136510302,299792458,20,-24855.657104695976,340282346638528860000000000000000000000,1575420030,,,,1,,1,52.88554382324219,,,,,,C,
Raw,1697800445999,135891000000,,,-1381835528108795188,0.0,28.66786258162851,,,0,13,0.0,16392,472463915896375,1000000000,7.0,-1612.7607115363435,299792458,20,-4540.349657500121,340282346638528860000000000000000000000,1575420030,,,,0,,1,52.88554382324219,,,,,,C,
Raw,1697800445999,135891000000,,,-1381835528108795188,0.0,28.66786258162851,,,0,16,0.0,16392,472463918122450,1000000000,9.089290618896484,-797.5136683739365,299792458,20,-21662.653225848513,340282346638528860000000000000000000000,1575420030,,,,0,,1,52.88554382324219,,,,,,C,
Raw,1697800445999,135891000000,,,-1381835528108795188,0.0,28.66786258162851,,,0,20,0.0,16392,472463927964102,1000000000,13.348148345947266,-1447.1625077412255,299792458,20,-39142.885431810784,340282346638528860000000000000000000000,1575420030,,,,0,,1,52.88554382324219,,,,,,C,
Raw,1697800445999,135891000000,,,-1381835528108795188,0.0,28.66786258162851,,,0,29,0.0,16392,472463914009918,1000000000,7.0,-945.3410748433221,299792458,20,-6447.715575225899,340282346638528860000000000000000000000,1575420030,,,,0,,1,52.88554382324219,,,,,,C,
Raw,1697800445999,135891000000,,,-1381835528108795188,0.0,28.66786258162851,,,0,30,0.0,16393,472463926795446,92,14.913299560546875,-1479.7292492575534,1.2792390741481396,20,-60364.31856651101,340282346638528860000000000000000000000,1575420030,,,,1,,1,52.88554382324219,,,,,,C,
Raw,1697800445999,135891000000,,,-1381835528108795188,0.0,28.66786258162851,,,0,6,0.0,16392,472463926172696,1000000000,9.251375198364258,-441.11996434656066,299792458,20,-11100.064713940423,340282346638528860000000000000000000000,1176450050,,,,1,,1,20.187955856323242,,,,,,Q,
Raw,1697800445999,135891000000,,,-1381835528108795188,0.0,28.66786258162851,,,0,9,0.0,16392,472463928719322,1000000000,16.951501846313477,-599.8979959318121,299792458,20,-184456.1098083873,340282346638528860000000000000000000000,1176450050,,,,0,,1,20.187955856323242,,,,,,Q,
Raw,1697800445999,135891000000,,,-1381835528108795188,0.0,28.66786258162851,,,0,30,0.0,16392,472463926795475,1000000000,12.951854705810547,-1477.1977407168652,299792458,20,-116473.45704694354,340282346638528860000000000000000000000,1176450050,,,,1,,1,20.187955856323242,,,,,,Q,
Raw,1697800445999,135891000000,,,-1381835528108795188,0.0,28.66786258162851,,,0,10,0.0,16393,353707,111,21.248291015625,-1621.1714438272165,0.9948218398401596,20,-55589.64638422104,340282346638528860000000000000000000000,1598062460,,,,0,,3,63.93495178222656,,,,,,C,
Raw,1697800445999,135891000000,,,-1381835528108795188,0.0,28.66786258162851,,,0,96,0.0,16392,51245920034243,1000000000,7.0,-387.21855935573603,299792458,20,-3813.5256778701787,340282346638528860000000000000000000000,1599750020,,,,1,,3,63.93495178222656,,,,,,C,
Raw,1697800445999,135891000000,,,-1381835528108795188,0.0,28.66786258162851,,,0,97,0.0,16392,51245920553561,1000000000,7.0,-168.8921198469933,299792458,20,-3547.392306626615,340282346638528860000000000000000000000,1600312450,,,,0,,3,63.93495178222656,,,,,,C,
Raw,1697800445999,135891000000,,,-1381835528108795188,0.0,28.66786258162851,,,0,9,0.0,227,51245931487961,79,25.468360900878906,-997.3328779021394,0.008983391337096693,17,-133429.33341873926,0.0044916956685483456,1600875010,,,,0,,3,63.93495178222656,,,,,,C,
Raw,1697800445999,135891000000,,,-1381835528108795188,0.0,28.66786258162851,,,0,16,0.0,16392,51245922202448,1000000000,7.0,-339.7354603299175,299792458,20,-1974.567317812726,340282346638528860000000000000000000000,1601437440,,,,1,,3,63.93495178222656,,,,,,C,
Raw,1697800445999,135891000000,,,-1381835528108795188,0.0,28.66786258162851,,,0,1,0.0,227,51245921116566,109,21.58755111694336,-1583.2739334510688,299.79266173783594,20,-68846.91502599599,340282346638528860000000000000000000000,1602562560,,,,0,,3,63.93495178222656,,,,,,C,
Raw,1697800445999,135891000000,,,-1381835528108795188,0.0,28.66786258162851,,,0,24,0.0,16392,51245925611773,1000000000,8.58741569519043,-1213.1572691293486,299792458,20,-32820.772622927114,340282346638528860000000000000000000000,1603124990,,,,1,,3,63.93495178222656,,,,,,C,
Raw,1697800445999,135891000000,,,-1381835528108795188,0.0,28.66786258162851,,,0,23,0.0,16392,51245928097325,1000000000,7.044641494750977,-510.07129599398877,299792458,20,-13842.494221837005,340282346638528860000000000000000000000,1603687550,,,,1,,3,63.93495178222656,,,,,,C,
Raw,1697800445999,135891000000,,,-1381835528108795188,0.0,28.66786258162851,,,0,7,0.0,227,51245932113834,151,17.484004974365234,-694.185544109167,1.1645940778849404,20,-90982.62784556748,340282346638528860000000000000000000000,1604812540,,,,0,,3,63.93495178222656,,,,,,C,
Raw,1697800445999,135891000000,,,-1381835528108795188,0.0,28.66786258162851,,,0,8,0.0,16393,996239,196,14.247798919677734,-1226.5976176942058,1.3102812690414387,20,-47598.245488520995,340282346638528860000000000000000000000,1605374980,,,,0,,3,63.93495178222656,,,,,,C,
Raw,1697800445999,135891000000,,,-1381835528108795188,0.0,28.66786258162851,,,0,5,0.0,16392,472449867462928,1000000000,7.0,-969.7503848856545,299792458,20,-23309.298869217117,340282346638528860000000000000000000000,1561097980,,,,1,,5,61.93585968017578,,,,,,C,
Raw,1697800445999,135891000000,,,-1381835528108795188,0.0,28.66786258162851,,,0,9,0.0,16392,472449866381829,1000000000,7.0,-811.2476713841943,299792458,20,-19494.131469135726,340282346638528860000000000000000000000,1561097980,,,,1,,5,61.93585968017578,,,,,,C,
Raw,1697800445999,135891000000,,,-1381835528108795188,0.0,28.66786258162851,,,0,20,0.0,65583,472449922439579,20,25.26080322265625,-605.04679892899,0.00943507719784975,17,705587.8073333183,0.10073728175406312,1561097980,,,,0,,5,61.93585968017578,,,,,,C,
Raw,1697800445999,135891000000,,,-1381835528108795188,0.0,28.66786258162851,,,0,22,0.0,16392,472449918103433,1000000000,7.0,-1465.4927345083233,299792458,20,-7326.242106984369,340282346638528860000000000000000000000,1561097980,,,,1,,5,61.93585968017578,,,,,,C,
Raw,1697800445999,135891000000,,,-1381835528108795188,0.0,28.66786258162851,,,0,35,0.0,16392,472449915432956,1000000000,7.0,-516.3502387942731,299792458,20,-12419.391302701075,340282346638528860000000000000000000000,1561097980,,,,1,,5,61.93585968017578,,,,,,C,
Raw,1697800445999,135891000000,,,-1381835528108795188,0.0,28.66786258162851,,,0,36,0.0,65583,472449915780305,23,23.350109100341797,-1630.2406491781103,0.9014614042427533,20,-57411.449739320626,340282346638528860000000000000000000000,1561097980,,,,0,,5,61.93585968017578,,,,,,C,
Raw,1697800445999,135891000000,,,-1381835528108795188,0.0,28.66786258162851,,,0,37,0.0,16392,472449918763660,1000000000,7.0,-687.9678134007977,299792458,20,-16556.786594863377,340282346638528860000000000000000000000,1561097980,,,,1,,5,61.93585968017578,,,,,,C,
Raw,1697800445999,135891000000,,,-1381835528108795188,0.0,28.66786258162851,,,0,3,0.0,16392,472463917514670,1000000000,7.0,-1277.6583180987673,299792458,18,-2.3970176286229474,340282346638528860000000000000000000000,1575420030,,,,0,,6,52.88554382324219,,,,,,C,
Raw,1697800445999,135891000000,,,-1381835528108795188,0.0,28.66786258162851,,,0,5,0.0,16392,472463921524500,1000000000,9.23353385925293,-861.4261814841193,299792458,18,-1.60749640900756,340282346638528860000000000000000000000,1575420030,,,,0,,6,52.88554382324219,,,,,,C,
Raw,1697800445999,135891000000,,,-1381835528108795188,0.0,28.66786258162851,,,0,9,0.0,83976,472463910395219,1000000000,12.43045425415039,-550.8127487897693,299792458,20,-13249.982609527173,340282346638528860000000000000000000000,1575420030,,,,1,,6,52.88554382324219,,,,,,C,
Raw,1697800445999,135891000000,,,-1381835528108795188,0.0,28.66786258162851,,,0,13,0.0,84010,472463905916008,1000000000,7.0,-1461.2639196327991,299792458,20,-2633.100630220337,340282346638528860000000000000000000000,1575420030,,,,0,,6,52.88554382324219,,,,,,C,
Raw,1697800445999,135891000000,,,-1381835528108795188,0.0,28.66786258162851,,,0,15,0.0,16392,472463916420498,1000000000,7.0,-1029.6269898242322,299792458,18,-8.099640676743538,340282346638528860000000000000000000000,1575420030,,,,0,,6,52.88554382324219,,,,,,C,
Raw,1697800445999,135891000000,,,-1381835528108795188,0.0,28.66786258162851,,,0,24,0.0,85034,472463911395232,31,28.451404571533203,-1381.5446926247387,0.006475141271948814,17,-180560.689908781,0.003237570635974407,1575420030,,,,0,,6,52.88554382324219,,,,,,C,
Raw,1697800445999,135891000000,,,-1381835528108795188,0.0,28.66786258162851,,,0,25,0.0,16392,472463905604866,1000000000,14.492219924926758,-1545.7400147211065,299792458,18,-1548.606196506527,340282346638528860000000000000000000000,1575420030,,,,0,,6,52.88554382324219,,,,,,C,
Raw,1697800445999,135891000000,,,-1381835528108795188,0.0,28.66786258162851,,,0,31,0.0,16392,472463909996967,1000000000,7.0,-956.8514020602056,299792458,18,-961.3585587107175,340282346638528860000000000000000000000,1575420030,,,,0,,6,52.88554382324219,,,,,,C,
Raw,1697800445999,135891000000,,,-1381835528108795188,0.0,28.66786258162851,,,0,34,0.0,85034,472463916038674,118,11.858556747436523,-517.0590857250345,1.4161116899864261,20,-4043.790599051787,340282346638528860000000000000000000000,1575420030,,,,1,,6,52.88554382324219,,,,,,C,
Raw,1697800445999,135891000000,,,-1381835528108795188,0.0,28.66786258162851,,,0,36,0.0,16392,472463905132875,1000000000,7.0,-355.52391973691374,299792458,18,-0.7298774091090298,340282346638528860000000000000000000000,1575420030,,,,0,,6,52.88554382324219,,,,,,C,
Raw,1697800445999,135891000000,,,-1381835528108795188,0.0,28.66786258162851,,,0,9,0.0,84011,472463910395135,27,24.935665130615234,-550.6634335477429,0.8291921513107519,20,-13244.449077756593,340282346638528860000000000000000000000,1176450050,,,,0,,6,20.187955856323242,,,,,,Q,
Raw,1697800445999,135891000000,,,-1381835528108795188,0.0,28.66786258162851,,,0,13,0.0,16392,472463905915824,1000000000,9.667484283447266,-1461.838958839252,299792458,22,-35083.99666057435,340282346638528860000000000000000000000,1176450050,,,,0,,6,20.187955856323242,,,,,,Q,
Raw,1697800445999,135891000000,,,-1381835528108795188,0.0,28.66786258162851,,,0,24,0.0,16392,472463911395148,1000000000,11.46847152709961,-1380.3454876861688,299792458,20,-393695.85609927704,340282346638528860000000000000000000000,1176450050,,,,1,,6,20.187955856323242,,,,,,Q,
Raw,1697800446999,136891000000,,,-1381835528108798460,0.0,28.845880964000255,,,0,4,0.0,16392,472464920663938,1000000000,9.368694305419922,-416.2323070269306,299792458,20,-54480.05186354616,340282346638528860000000000000000000000,1575420030,,,,0,,1,52.88554382324219,,,,,,C,
Raw,1697800446999,136891000000,,,-1381835528108798460,0.0,28.845880964000255,,,0,5,0.0,16392,472464918792642,1000000000,13.77006721496582,-1649.4645179552363,299792458,20,-60136.52413486028,340282346638528860000000000000000000000,1575420030,,,,1,,1,52.88554382324219,,,,,,C,
Raw,1697800446999,136891000000,,,-1381835528108798460,0.0,28.845880964000255,,,0,6,0.0,16392,472464926174225,1000000000,9.902505874633789,-443.30229812017274,299792458,20,-9486.882671981502,340282346638528860000000000000000000000,1575420030,,,,1,,1,52.88554382324219,,,,,,C,
Raw,1697800446999,136891000000,,,-1381835528108798460,0.0,28.845880964000255,,,0,7,0.0,16393,472464930036139,92,14.929311752319336,-1109.7367132424893,1.2791019455144736,20,-47658.81871268961,340282346638528860000000000000000000000,1575420030,,,,1,,1,52.88554382324219,,,,,,C,
Raw,1697800446999,136891000000,,,-1381835528108798460,0.0,28.845880964000255,,,0,9,0.0,12,472464928721340,1000000000,7.0,-599.0997848000479,299792458,20,-80805.83299369863,340282346638528860000000000000000000000,1575420030,,,,0,,1,52.88554382324219,,,,,,C,
Raw,1697800446999,136891000000,,,-1381835528108798460,0.0,28.845880964000255,,,0,11,0.0,16392,472464927658832,1000000000,9.817893981933594,-884.8383070135073,299792458,20,-25738.335251206692,340282346638528860000000000000000000000,1575420030,,,,1,,1,52.88554382324219,,,,,,C,
Raw,1697800446999,136891000000,,,-1381835528108798460,0.0,28.845880964000255,,,0,13,0.0,16392,472464915901759,1000000000,7.0,-1612.5750303132072,299792458,20,-6153.0305394870375,340282346638528860000000000000000000000,1575420030,,,,0,,1,52.88554382324219,,,,,,C,
Raw,1697800446999,136891000000,,,-1381835528108798460,0.0,28.845880964000255,,,0,16,0.0,16392,472464918125118,1000000000,8.290863037109375,-798.5715196594915,299792458,20,-22462.58402864068,340282346638528860000000000000000000000,1575420030,,,,1,,1,52.88554382324219,,,,,,C,
Raw,1697800446999,136891000000,,,-1381835528108798460,0.0,28.845880964000255,,,0,20,0.0,16393,472464927968897,105,13.383705139160156,-1447.3029274620994,1.3482343476677165,20,-40590.6560726266,340282346638528860000000000000000000000,1575420030,,,,0,,1,52.88554382324219,,,,,,C,
Raw,1697800446999,136891000000,,,-1381835528108798460,0.0,28.845880964000255,,,0,29,0.0,16392,472464914013079,1000000000,7.0,-945.1554617850989,299792458,20,-7392.6482176459585,340282346638528860000000000000000000000,1575420030,,,,1,,1,52.88554382324219,,,,,,C,
Raw,1697800446999,136891000000,,,-1381835528108798460,0.0,28.845880964000255,,,0,30,0.0,16393,472464926800380,90,15.278960227966309,-1479.5278901044167,1.262796685298608,20,-61844.507006822045,340282346638528860000000000000000000000,1575420030,,,,1,,1,52.88554382324219,,,,,,C,
Raw,1697800446999,136891000000,,,-1381835528108798460,0.0,28.845880964000255,,,0,6,0.0,16392,472464926174170,1000000000,7.0,-445.7006805856829,299792458,20,-11543.433863580773,340282346638528860000000000000000000000,1176450050,,,,1,,1,9.077828407287598,,,,,,Q,
Raw,1697800446999,136891000000,,,-1381835528108798460,0.0,28.845880964000255,,,0,9,0.0,16392,472464928721322,1000000000,16.86041259765625,-601.1268729841986,299792458,20,-185055.03531143002,340282346638528860000000000000000000000,1176450050,,,,0,,1,9.077828407287598,,,,,,Q,
Raw,1697800446999,136891000000,,,-1381835528108798460,0.0,28.845880964000255,,,0,30,0.0,16392,472464926800417,1000000000,14.348406791687012,-1477.588870987921,299792458,20,-117950.40647601863,340282346638528860000000000000000000000,1176450050,,,,1,,1,9.077828407287598,,,,,,Q,
Raw,1697800446999,136891000000,,,-1381835528108798460,0.0,28.845880964000255,,,0,10,0.0,16393,359071,106,21.835163116455078,-1621.0926451877358,0.9684318336949262,20,-57211.7938816083,340282346638528860000000000000000000000,1598062460,,,,0,,3,61.51556396484375,,,,,,C,
Raw,1697800446999,136891000000,,,-1381835528108798460,0.0,28.845880964000255,,,0,96,0.0,16392,51246920035535,1000000000,7.0,-387.21855935573603,299792458,20,-4200.744222324792,340282346638528860000000000000000000000,1599750020,,,,0,,3,61.51556396484375,,,,,,C,
Raw,1697800446999,136891000000,,,-1381835528108798460,0.0,28.845880964000255,,,0,97,0.0,16392,51246920554120,1000000000,7.0,-168.8921198469933,299792458,20,-3716.4268645881375,340282346638528860000000000000000000000,1600312450,,,,0,,3,61.51556396484375,,,,,,C,
Raw,1697800446999,136891000000,,,-1381835528108798460,0.0,28.845880964000255,,,0,9,0.0,227,51246931491348,77,25.733253479003906,-997.1538221686205,0.008713561110198498,17,-134426.48724090788,0.004356780555099249,1600875010,,,,0,,3,61.51556396484375,,,,,,C,
Raw,1697800446999,136891000000,,,-1381835528108798460,0.0,28.845880964000255,,,0,16,0.0,16392,51246922203586,1000000000,7.0,-339.7354603299175,299792458,20,-2314.103046972642,340282346638528860000000000000000000000,1601437440,,,,1,,3,61.51556396484375,,,,,,C,
Raw,1697800446999,136891000000,,,-1381835528108798460,0.0,28.845880964000255,,,0,1,0.0,227,51246921121979,122,20.09886932373047,-1581.6810557630188,1.045029358903431,20,-70430.58538131414,340282346638528860000000000000000000000,1602562560,,,,0,,3,61.51556396484375,,,,,,C,
Raw,1697800446999,136891000000,,,-1381835528108798460,0.0,28.845880964000255,,,0,24,0.0,16392,51246925615824,1000000000,7.727231979370117,-1213.0662008055197,299792458,20,-34032.402014010666,340282346638528860000000000000000000000,1603124990,,,,1,,3,61.51556396484375,,,,,,C,
Raw,1697800446999,136891000000,,,-1381835528108798460,0.0,28.845880964000255,,,0,23,0.0,16392,51246928099030,1000000000,8.091110229492188,-509.88912526387435,299792458,20,-14353.130657758355,340282346638528860000000000000000000000,1603687550,,,,1,,3,61.51556396484375,,,,,,C,
Raw,1697800446999,136891000000,,,-1381835528108798460,0.0,28.845880964000255,,,0,7,0.0,227,51246932116194,163,16.528003692626953,-694.1878617162106,1.2075848364814004,20,-91675.57270622764,340282346638528860000000000000000000000,1604812540,,,,0,,3,61.51556396484375,,,,,,C,
Raw,1697800446999,136891000000,,,-1381835528108798460,0.0,28.845880964000255,,,0,8,0.0,16393,585,192,14.463489532470703,-1228.1615934591246,1.3005828131417623,20,-48830.88147802459,340282346638528860000000000000000000000,1605374980,,,,0,,3,61.51556396484375,,,,,,C,
Raw,1697800446999,136891000000,,,-1381835528108798460,0.0,28.845880964000255,,,0,5,0.0,16392,472450867466165,1000000000,7.0,-969.7503848856545,299792458,20,-24279.049201995032,340282346638528860000000000000000000000,1561097980,,,,1,,5,61.833412170410156,,,,,,C,
Raw,1697800446999,136891000000,,,-1381835528108798460,0.0,28.845880964000255,,,0,9,0.0,16392,472450866384537,1000000000,11.008794784545898,-811.2476713841943,299792458,20,-20304.296522875713,340282346638528860000000000000000000000,1561097980,,,,1,,5,61.833412170410156,,,,,,C,
Raw,1697800446999,136891000000,,,-1381835528108798460,0.0,28.845880964000255,,,0,20,0.0,65583,472450922441592,20,24.827476501464844,-605.028700771843,0.8326265579111061,20,704982.8042201272,340282346638528860000000000000000000000,1561097980,,,,0,,5,61.833412170410156,,,,,,C,
Raw,1697800446999,136891000000,,,-1381835528108798460,0.0,28.845880964000255,,,0,22,0.0,16392,472450918108538,1000000000,11.382749557495117,-1464.9835426078726,299792458,20,-8791.906142467622,340282346638528860000000000000000000000,1561097980,,,,1,,5,61.833412170410156,,,,,,C,
Raw,1697800446999,136891000000,,,-1381835528108798460,0.0,28.845880964000255,,,0,35,0.0,16392,472450915434871,1000000000,7.0,-515.9755362672613,299792458,20,-12935.286272914047,340282346638528860000000000000000000000,1561097980,,,,0,,5,61.833412170410156,,,,,,C,
Raw,1697800446999,136891000000,,,-1381835528108798460,0.0,28.845880964000255,,,0,36,0.0,65583,472450915785740,22,23.86012077331543,-1630.7180762290818,0.8785277719061799,20,-59041.858593029894,340282346638528860000000000000000000000,1561097980,,,,0,,5,61.833412170410156,,,,,,C,
Raw,1697800446999,136891000000,,,-1381835528108798460,0.0,28.845880964000255,,,0,37,0.0,16392,472450918765956,1000000000,7.0,-688.7441435954743,299792458,20,-17243.959364843293,340282346638528860000000000000000000000,1561097980,,,,0,,5,61.833412170410156,,,,,,C,
Raw,1697800446999,136891000000,,,-1381835528108798460,0.0,28.845880964000255,,,0,3,0.0,16392,472464917518936,1000000000,17.98519515991211,-1277.6583180987673,299792458,18,-2.3470603138544917,340282346638528860000000000000000000000,1575420030,,,,0,,6,52.88554382324219,,,,,,C,
Raw,1697800446999,136891000000,,,-1381835528108798460,0.0,28.845880964000255,,,0,5,0.0,16392,472464921527375,1000000000,7.0,-861.24043209607,299792458,18,-1.5736388459991364,340282346638528860000000000000000000000,1575420030,,,,0,,6,52.88554382324219,,,,,,C,
Raw,1697800446999,136891000000,,,-1381835528108798460,0.0,28.845880964000255,,,0,9,0.0,83976,472464910397059,1000000000,12.519693374633789,-550.8132941090737,299792458,20,-13800.535856385199,340282346638528860000000000000000000000,1575420030,,,,1,,6,52.88554382324219,,,,,,C,
Raw,1697800446999,136891000000,,,-1381835528108798460,0.0,28.845880964000255,,,0,13,0.0,16392,472464905920868,1000000000,7.0,-1461.0827372939239,299792458,18,-1463.9755035043488,340282346638528860000000000000000000000,1575420030,,,,0,,6,52.88554382324219,,,,,,C,
Raw,1697800446999,136891000000,,,-1381835528108798460,0.0,28.845880964000255,,,0,15,0.0,16392,472464916423934,1000000000,16.996580123901367,-1029.441376766009,299792458,18,-8.058648853373189,340282346638528860000000000000000000000,1575420030,,,,0,,6,52.88554382324219,,,,,,C,
Raw,1697800446999,136891000000,,,-1381835528108798460,0.0,28.845880964000255,,,0,24,0.0,85034,472464911399834,31,28.231401443481445,-1381.4775972574134,0.006641243118792772,17,-181942.16750603842,0.003320621559396386,1575420030,,,,0,,6,52.88554382324219,,,,,,C,
Raw,1697800446999,136891000000,,,-1381835528108798460,0.0,28.845880964000255,,,0,25,0.0,84010,472464905610035,1000000000,18.853116989135742,-1545.7401510509326,299792458,20,-2785.070853881021,340282346638528860000000000000000000000,1575420030,,,,0,,6,52.88554382324219,,,,,,C,
Raw,1697800446999,136891000000,,,-1381835528108798460,0.0,28.845880964000255,,,0,31,0.0,16392,472464910000158,1000000000,7.0,-956.4801077788461,299792458,18,-961.3204232776393,340282346638528860000000000000000000000,1575420030,,,,0,,6,52.88554382324219,,,,,,C,
Raw,1697800446999,136891000000,,,-1381835528108798460,0.0,28.845880964000255,,,0,34,0.0,85034,472464916040403,122,11.448991775512695,-517.022413001816,1.4345296631029187,20,-4560.923181445871,340282346638528860000000000000000000000,1575420030,,,,1,,6,52.88554382324219,,,,,,C,
Raw,1697800446999,136891000000,,,-1381835528108798460,0.0,28.845880964000255,,,0,36,0.0,16392,472464905134060,1000000000,7.0,-355.7095668775935,299792458,18,-0.7161513351310451,340282346638528860000000000000000000000,1575420030,,,,0,,6,52.88554382324219,,,,,,C,
Raw,1697800446999,136891000000,,,-1381835528108798460,0.0,28.845880964000255,,,0,9,0.0,84011,472464910396972,25,25.000547409057617,-550.798312559391,0.01290074922144413,17,-13795.247390315984,0.006450374610722065,1176450050,,,,0,,6,9.077828407287598,,,,,,Q,
Raw,1697800446999,136891000000,,,-1381835528108798460,0.0,28.845880964000255,,,0,24,0.0,16392,472464911399833,1000000000,7.0,-1378.8160033672511,299792458,20,-395078.12177074375,340282346638528860000000000000000000000,1176450050,,,,1,,6,9.077828407287598,,,,,,Q,
Raw,1697800446999,136891000000,,,-1381835528108798460,0.0,28.845880964000255,,,0,25,0.0,16392,472464905609823,1000000000,7.0,-1546.3672682509523,299792458,22,-74224.84704895972,340282346638528860000000000000000000000,1176450050,,,,0,,6,9.077828407287598,,,,,,Q,
Raw,1697800447999,137891000000,,,-1381835528108801733,0.0,29.048308042570046,,,0,4,0.0,16392,472465920665326,1000000000,9.583641052246094,-416.04665988625084,299792458,20,-54895.64323259063,340282346638528860000000000000000000000,1575420030,,,,0,,1,52.929969787597656,,,,,,C,
Raw,1697800447999,137891000000,,,-1381835528108801733,0.0,29.048308042570046,,,0,5,0.0,16392,472465918798140,1000000000,13.412591934204102,-1648.0942668731932,299792458,20,-61785.7742808032,340282346638528860000000000000000000000,1575420030,,,,1,,1,52.929969787597656,,,,,,C,
Raw,1697800447999,137891000000,,,-1381835528108801733,0.0,29.048308042570046,,,0,6,0.0,16392,472465926175695,1000000000,10.182615280151367,-443.40464773711074,299792458,20,-9929.146268048697,340282346638528860000000000000000000000,1575420030,,,,1,,1,52.929969787597656,,,,,,C,
Raw,1697800447999,137891000000,,,-1381835528108801733,0.0,29.048308042570046,,,0,7,0.0,16393,472465930039801,92,15.037507057189941,-1109.1470185797316,1.2742372073842256,20,-48767.85874359115,340282346638528860000000000000000000000,1575420030,,,,1,,1,52.929969787597656,,,,,,C,
Raw,1697800447999,137891000000,,,-1381835528108801733,0.0,29.048308042570046,,,0,9,0.0,12,472465928723335,1000000000,7.0,-598.9140354119986,299792458,20,-81404.31586550626,340282346638528860000000000000000000000,1575420030,,,,0,,1,52.929969787597656,,,,,,C,
Raw,1697800447999,137891000000,,,-1381835528108801733,0.0,29.048308042570046,,,0,11,0.0,16392,472465927661775,1000000000,9.267824172973633,-882.5492610685224,299792458,20,-26622.34638900906,340282346638528860000000000000000000000,1575420030,,,,1,,1,52.929969787597656,,,,,,C,
Raw,1697800447999,137891000000,,,-1381835528108801733,0.0,29.048308042570046,,,0,13,0.0,16392,472465915907132,1000000000,7.0,-1612.7607115363435,299792458,20,-7765.831121023,340282346638528860000000000000000000000,1575420030,,,,0,,1,52.929969787597656,,,,,,C,
Raw,1697800447999,137891000000,,,-1381835528108801733,0.0,29.048308042570046,,,0,16,0.0,16392,472465918127724,1000000000,7.430641174316406,-798.3045858600049,299792458,20,-23261.425291412994,340282346638528860000000000000000000000,1575420030,,,,1,,1,52.929969787597656,,,,,,C,
Raw,1697800447999,137891000000,,,-1381835528108801733,0.0,29.048308042570046,,,0,20,0.0,16393,472465927973666,100,13.96268081665039,-1448.2213815004761,1.3223790766264827,20,-42037.63731876456,340282346638528860000000000000000000000,1575420030,,,,1,,1,52.929969787597656,,,,,,C,
Raw,1697800447999,137891000000,,,-1381835528108801733,0.0,29.048308042570046,,,0,29,0.0,16392,472465914016232,1000000000,7.0,-944.9697805619626,299792458,20,-8337.360642573161,340282346638528860000000000000000000000,1575420030,,,,1,,1,52.929969787597656,,,,,,C,
Raw,1697800447999,137891000000,,,-1381835528108801733,0.0,29.048308042570046,,,0,30,0.0,16393,472465926805304,86,15.777339935302734,-1478.930629136311,1.2403858725197106,20,-63324.43382580102,340282346638528860000000000000000000000,1575420030,,,,1,,1,52.929969787597656,,,,,,C,
Raw,1697800447999,137891000000,,,-1381835528108801733,0.0,29.048308042570046,,,0,6,0.0,16392,472465926175640,1000000000,8.736980438232422,-445.1012042579032,299792458,20,-11983.86476109802,340282346638528860000000000000000000000,1176450050,,,,1,,1,9.077828407287598,,,,,,Q,
Raw,1697800447999,137891000000,,,-1381835528108801733,0.0,29.048308042570046,,,0,9,0.0,16392,472465928723321,1000000000,19.024524688720703,-599.3682182276216,299792458,20,-185654.00197204069,340282346638528860000000000000000000000,1176450050,,,,0,,1,9.077828407287598,,,,,,Q,
Raw,1697800447999,137891000000,,,-1381835528108801733,0.0,29.048308042570046,,,0,30,0.0,16392,472465926805320,1000000000,13.519063949584961,-1480.5890814707109,299792458,20,-119433.17388317353,340282346638528860000000000000000000000,1176450050,,,,1,,1,9.077828407287598,,,,,,Q,
Raw,1697800447999,137891000000,,,-1381835528108801733,0.0,29.048308042570046,,,0,10,0.0,16393,364427,106,21.855243682861328,-1619.480681324033,0.9675298468084339,20,-58833.00125530647,340282346638528860000000000000000000000,1598062460,,,,0,,3,61.556697845458984,,,,,,C,
Raw,1697800447999,137891000000,,,-1381835528108801733,0.0,29.048308042570046,,,0,96,0.0,16392,51247920036832,1000000000,7.0,-387.21855935573603,299792458,20,-4587.464001544194,340282346638528860000000000000000000000,1599750020,,,,1,,3,61.556697845458984,,,,,,C,
Raw,1697800447999,137891000000,,,-1381835528108801733,0.0,29.048308042570046,,,0,97,0.0,16392,51247920554678,1000000000,7.0,-169.074699566586,299792458,20,-3885.541715934167,340282346638528860000000000000000000000,1600312450,,,,1,,3,61.556697845458984,,,,,,C,
Raw,1697800447999,137891000000,,,-1381835528108801733,0.0,29.048308042570046,,,0,9,0.0,227,51247931494710,72,26.670787811279297,-996.9918107352064,0.7513633973603606,20,-135423.54141076218,340282346638528860000000000000000000000,1600875010,,,,0,,3,61.556697845458984,,,,,,C,
Raw,1697800447999,137891000000,,,-1381835528108801733,0.0,29.048308042570046,,,0,16,0.0,16392,51247922204715,1000000000,7.0,-339.35124879753585,299792458,20,-2652.6801187265623,340282346638528860000000000000000000000,1601437440,,,,1,,3,61.556697845458984,,,,,,C,
Raw,1697800447999,137891000000,,,-1381835528108801733,0.0,29.048308042570046,,,0,1,0.0,227,51247921127152,114,20.885099411010742,-1583.502831229076,1.0096744684813364,20,-72012.10299256026,340282346638528860000000000000000000000,1602562560,,,,0,,3,61.556697845458984,,,,,,C,
Raw,1697800447999,137891000000,,,-1381835528108801733,0.0,29.048308042570046,,,0,24,0.0,16392,51247925619867,1000000000,7.015649795532227,-1212.7016548505517,299792458,20,-35246.41481285499,340282346638528860000000000000000000000,1603124990,,,,1,,3,61.556697845458984,,,,,,C,
Raw,1697800447999,137891000000,,,-1381835528108801733,0.0,29.048308042570046,,,0,23,0.0,16392,51247928100726,1000000000,8.1083984375,-509.88912526387435,299792458,20,-14862.793335710823,340282346638528860000000000000000000000,1603687550,,,,1,,3,61.556697845458984,,,,,,C,
Raw,1697800447999,137891000000,,,-1381835528108801733,0.0,29.048308042570046,,,0,7,0.0,227,51247932118132,173,15.809724807739258,-693.7353148585007,1.2398852864395318,20,-92370.13007915443,340282346638528860000000000000000000000,1604812540,,,,0,,3,61.556697845458984,,,,,,C,
Raw,1697800447999,137891000000,,,-1381835528108801733,0.0,29.048308042570046,,,0,8,0.0,16393,4629,192,14.516969680786133,-1226.968434821174,1.2981784023417546,20,-50058.80972422172,340282346638528860000000000000000000000,1605374980,,,,0,,3,61.556697845458984,,,,,,C,
Raw,1697800447999,137891000000,,,-1381835528108801733,0.0,29.048308042570046,,,0,5,0.0,16392,472451867469566,1000000000,7.0,-969.7503848856545,299792458,20,-25248.4251872139,340282346638528860000000000000000000000,1561097980,,,,0,,5,62.08014678955078,,,,,,C,
Raw,1697800447999,137891000000,,,-1381835528108801733,0.0,29.048308042570046,,,0,9,0.0,16392,472451866387243,1000000000,7.0,-810.8729688571825,299792458,20,-21116.214151496384,340282346638528860000000000000000000000,1561097980,,,,1,,5,62.08014678955078,,,,,,C,
Raw,1697800447999,137891000000,,,-1381835528108801733,0.0,29.048308042570046,,,0,19,0.0,16392,472451926492685,1000000000,17.75069236755371,-1060.8063708653426,299792458,18,-12.672706756101746,340282346638528860000000000000000000000,1561097980,,,,0,,5,62.08014678955078,,,,,,C,
Raw,1697800447999,137891000000,,,-1381835528108801733,0.0,29.048308042570046,,,0,20,0.0,65583,472451922443604,22,24.138193130493164,-605.2010898369354,0.86362335390724,20,704377.7815671735,340282346638528860000000000000000000000,1561097980,,,,0,,5,62.08014678955078,,,,,,C,
Raw,1697800447999,137891000000,,,-1381835528108801733,0.0,29.048308042570046,,,0,22,0.0,16392,472451918113214,1000000000,7.0,-1464.259631231328,299792458,20,-10258.108756078564,340282346638528860000000000000000000000,1561097980,,,,1,,5,62.08014678955078,,,,,,C,
Raw,1697800447999,137891000000,,,-1381835528108801733,0.0,29.048308042570046,,,0,35,0.0,16392,472451915436603,1000000000,7.0,-515.9755362672613,299792458,20,-13451.26178388296,340282346638528860000000000000000000000,1561097980,,,,1,,5,62.08014678955078,,,,,,C,
Raw,1697800447999,137891000000,,,-1381835528108801733,0.0,29.048308042570046,,,0,36,0.0,65583,472451915791184,22,23.777698516845703,-1630.4363591394358,0.011191818863153458,17,-60672.29495216933,0.10161565258671497,1561097980,,,,0,,5,62.08014678955078,,,,,,C,
Raw,1697800447999,137891000000,,,-1381835528108801733,0.0,29.048308042570046,,,0,37,0.0,16392,472451918768250,1000000000,7.0,-687.5931108737859,299792458,20,-17930.9087206497,340282346638528860000000000000000000000,1561097980,,,,0,,5,62.08014678955078,,,,,,C,
Raw,1697800447999,137891000000,,,-1381835528108801733,0.0,29.048308042570046,,,0,3,0.0,84010,472465917523144,1000000000,18.615612030029297,-1277.6584544285934,299792458,20,-1024.3424115079342,340282346638528860000000000000000000000,1575420030,,,,0,,6,52.929969787597656,,,,,,C,
Raw,1697800447999,137891000000,,,-1381835528108801733,0.0,29.048308042570046,,,0,5,0.0,16392,472465921530245,1000000000,14.603702545166016,-860.8691378147105,299792458,18,-1.5934848808675883,340282346638528860000000000000000000000,1575420030,,,,0,,6,52.929969787597656,,,,,,C,
Raw,1697800447999,137891000000,,,-1381835528108801733,0.0,29.048308042570046,,,0,9,0.0,83976,472465910398894,1000000000,12.265399932861328,-550.0863493938987,299792458,20,-14350.70207022417,340282346638528860000000000000000000000,1575420030,,,,0,,6,52.929969787597656,,,,,,C,
Raw,1697800447999,137891000000,,,-1381835528108801733,0.0,29.048308042570046,,,0,13,0.0,16392,472465905925743,1000000000,7.0,-1460.7113748476513,299792458,18,-1464.009422084077,340282346638528860000000000000000000000,1575420030,,,,0,,6,52.929969787597656,,,,,,C,
Raw,1697800447999,137891000000,,,-1381835528108801733,0.0,29.048308042570046,,,0,15,0.0,16392,472465916427366,1000000000,11.958274841308594,-1029.2556955428727,299792458,18,-8.08206290776952,340282346638528860000000000000000000000,1575420030,,,,0,,6,52.929969787597656,,,,,,C,
Raw,1697800447999,137891000000,,,-1381835528108801733,0.0,29.048308042570046,,,0,24,0.0,85034,472465911404446,31,28.2940731048584,-1381.4710960486846,0.006593497470021248,17,-183323.6386020871,0.003296748735010624,1575420030,,,,0,,6,52.929969787597656,,,,,,C,
Raw,1697800447999,137891000000,,,-1381835528108801733,0.0,29.048308042570046,,,0,25,0.0,84010,472465905615189,1000000000,18.22454071044922,-1551.0004373906631,299792458,20,-4329.928271194967,340282346638528860000000000000000000000,1575420030,,,,0,,6,52.929969787597656,,,,,,C,
Raw,1697800447999,137891000000,,,-1381835528108801733,0.0,29.048308042570046,,,0,31,0.0,16392,472465910003352,1000000000,14.319437980651855,-955.737382886301,299792458,18,-961.3414011337865,340282346638528860000000000000000000000,1575420030,,,,0,,6,52.929969787597656,,,,,,C,
Raw,1697800447999,137891000000,,,-1381835528108801733,0.0,29.048308042570046,,,0,34,0.0,16392,472465916042035,1000000000,7.0,-516.8556816245064,299792458,18,-4.145022292905969,340282346638528860000000000000000000000,1575420030,,,,0,,6,52.929969787597656,,,,,,C,
Raw,1697800447999,137891000000,,,-1381835528108801733,0.0,29.048308042570046,,,0,36,0.0,16392,472465905135239,1000000000,7.0,-355.52391973691374,299792458,18,-0.7243169180997625,340282346638528860000000000000000000000,1575420030,,,,0,,6,52.929969787597656,,,,,,C,
Raw,1697800447999,137891000000,,,-1381835528108801733,0.0,29.048308042570046,,,0,9,0.0,84011,472465910398807,25,24.893814086914062,-550.8656510196288,0.013060254976153374,17,-14346.113041335613,0.006530127488076687,1176450050,,,,0,,6,9.077828407287598,,,,,,Q,
Raw,1697800447999,137891000000,,,-1381835528108801733,0.0,29.048308042570046,,,0,24,0.0,16392,472465911404444,1000000000,8.244136810302734,-1382.2830071745775,299792458,20,-396460.44267127314,340282346638528860000000000000000000000,1176450050,,,,1,,6,9.077828407287598,,,,,,Q,
Raw,1697800447999,137891000000,,,-1381835528108801733,0.0,29.048308042570046,,,0,25,0.0,16392,472465905614981,1000000000,7.0,-1546.3672682509523,299792458,20,-75771.21424813909,340282346638528860000000000000000000000,1176450050,,,,0,,6,9.077828407287598,,,,,,Q,
Raw,1697800448999,138891000000,,,-1381835528108805008,0.0,29.253626754769964,,,0,4,0.0,16392,472466920666557,1000000000,10.766914367675781,-415.4897184642116,299792458,20,-55310.86660396044,340282346638528860000000000000000000000,1575420030,,,,1,,1,52.76594161987305,,,,,,C,
Raw,1697800448999,138891000000,,,-1381835528108805008,0.0,29.253626754769964,,,0,5,0.0,16392,472466918803638,1000000000,13.418188095092773,-1649.2941056726222,299792458,20,-63434.02732490263,340282346638528860000000000000000000000,1575420030,,,,1,,1,52.76594161987305,,,,,,C,
Raw,1697800448999,138891000000,,,-1381835528108805008,0.0,29.253626754769964,,,0,6,0.0,16392,472466926177165,1000000000,9.95798110961914,-441.72823394812326,299792458,20,-10371.231641215343,340282346638528860000000000000000000000,1575420030,,,,1,,1,52.76594161987305,,,,,,C,
Raw,1697800448999,138891000000,,,-1381835528108805008,0.0,29.253626754769964,,,0,7,0.0,16393,472466930043477,91,15.141866683959961,-1108.9945336692485,1.2695447454209328,20,-49876.13006774394,340282346638528860000000000000000000000,1575420030,,,,1,,1,52.76594161987305,,,,,,C,
Raw,1697800448999,138891000000,,,-1381835528108805008,0.0,29.253626754769964,,,0,9,0.0,12,472466928725333,1000000000,7.0,-598.3571280724159,299792458,20,-82002.66271346758,340282346638528860000000000000000000000,1575420030,,,,0,,1,52.76594161987305,,,,,,C,
Raw,1697800448999,138891000000,,,-1381835528108805008,0.0,29.253626754769964,,,0,11,0.0,16392,472466927664714,1000000000,8.810466766357422,-882.2999138166015,299792458,20,-27505.911429213753,340282346638528860000000000000000000000,1575420030,,,,1,,1,52.76594161987305,,,,,,C,
Raw,1697800448999,138891000000,,,-1381835528108805008,0.0,29.253626754769964,,,0,13,0.0,16392,472466915912507,1000000000,7.0,-1612.7605752065174,299792458,20,-9378.300288449018,340282346638528860000000000000000000000,1575420030,,,,1,,1,52.76594161987305,,,,,,C,
Raw,1697800448999,138891000000,,,-1381835528108805008,0.0,29.253626754769964,,,0,16,0.0,16392,472466918130132,1000000000,7.0,-798.366070611572,299792458,20,-24058.822226189157,340282346638528860000000000000000000000,1575420030,,,,1,,1,52.76594161987305,,,,,,C,
Raw,1697800448999,138891000000,,,-1381835528108805008,0.0,29.253626754769964,,,0,20,0.0,16393,472466927978461,93,14.82669448852539,-1446.9041627207826,1.2833462764283299,20,-43485.62661705174,340282346638528860000000000000000000000,1575420030,,,,0,,1,52.76594161987305,,,,,,C,
Raw,1697800448999,138891000000,,,-1381835528108805008,0.0,29.253626754769964,,,0,29,0.0,16392,472466914019386,1000000000,7.0,-944.59841811569,299792458,20,-9281.659491469409,340282346638528860000000000000000000000,1575420030,,,,1,,1,52.76594161987305,,,,,,C,
Raw,1697800448999,138891000000,,,-1381835528108805008,0.0,29.253626754769964,,,0,30,0.0,16393,472466926810248,85,15.915548324584961,-1478.9443984487461,1.2341716821265125,20,-64803.49510013308,340282346638528860000000000000000000000,1575420030,,,,0,,1,52.76594161987305,,,,,,C,
Raw,1697800448999,138891000000,,,-1381835528108805008,0.0,29.253626754769964,,,0,6,0.0,16392,472466926177156,1000000000,8.710882186889648,-444.20599445487505,299792458,20,-12427.214432448924,340282346638528860000000000000000000000,1176450050,,,,1,,1,8.485379219055176,,,,,,Q,
Raw,1697800448999,138891000000,,,-1381835528108805008,0.0,29.253626754769964,,,0,9,0.0,16392,472466928725322,1000000000,18.236806869506836,-598.3343609914587,299792458,20,-186252.88262958935,340282346638528860000000000000000000000,1176450050,,,,0,,1,8.485379219055176,,,,,,Q,
Raw,1697800448999,138891000000,,,-1381835528108805008,0.0,29.253626754769964,,,0,30,0.0,16392,472466926810267,1000000000,11.429861068725586,-1480.8988228355902,299792458,20,-120912.53466448936,340282346638528860000000000000000000000,1176450050,,,,1,,1,8.485379219055176,,,,,,Q,
Raw,1697800448999,138891000000,,,-1381835528108805008,0.0,29.253626754769964,,,0,10,0.0,16393,369920,101,22.382030487060547,-1619.9174820868293,0.9438418072848038,20,-60453.13159714577,340282346638528860000000000000000000000,1598062460,,,,0,,3,61.47423553466797,,,,,,C,
Raw,1697800448999,138891000000,,,-1381835528108805008,0.0,29.253626754769964,,,0,96,0.0,16392,51248920038125,1000000000,7.0,-386.5792747187377,299792458,20,-4974.171271563708,340282346638528860000000000000000000000,1599750020,,,,1,,3,61.47423553466797,,,,,,C,
Raw,1697800448999,138891000000,,,-1381835528108805008,0.0,29.253626754769964,,,0,97,0.0,16392,51248920555235,1000000000,7.0,-169.074699566586,299792458,20,-4054.473977261106,340282346638528860000000000000000000000,1600312450,,,,0,,3,61.47423553466797,,,,,,C,
Raw,1697800448999,138891000000,,,-1381835528108805008,0.0,29.253626754769964,,,0,9,0.0,227,51248931498004,75,26.091354370117188,-996.8761655942653,0.00836162455379963,17,-136420.41757635644,0.004180812276899815,1600875010,,,,0,,3,61.47423553466797,,,,,,C,
Raw,1697800448999,138891000000,,,-1381835528108805008,0.0,29.253626754769964,,,0,16,0.0,16392,51248922205854,1000000000,7.0,-338.6942072006891,299792458,20,-2991.3377129406363,340282346638528860000000000000000000000,1601437440,,,,1,,3,61.47423553466797,,,,,,C,
Raw,1697800448999,138891000000,,,-1381835528108805008,0.0,29.253626754769964,,,0,1,0.0,227,51248921132403,125,19.81525421142578,-1584.862448584684,1.0577851176608801,20,-73595.21232309459,340282346638528860000000000000000000000,1602562560,,,,0,,3,61.47423553466797,,,,,,C,
Raw,1697800448999,138891000000,,,-1381835528108805008,0.0,29.253626754769964,,,0,24,0.0,16392,51248925623810,1000000000,7.735424041748047,-1212.4283135492387,299792458,20,-36458.11286183304,340282346638528860000000000000000000000,1603124990,,,,1,,3,61.47423553466797,,,,,,C,
Raw,1697800448999,138891000000,,,-1381835528108805008,0.0,29.253626754769964,,,0,23,0.0,16392,51248928102414,1000000000,8.364675521850586,-509.7069204513034,299792458,20,-15371.981937229142,340282346638528860000000000000000000000,1603687550,,,,1,,3,61.47423553466797,,,,,,C,
Raw,1697800448999,138891000000,,,-1381835528108805008,0.0,29.253626754769964,,,0,7,0.0,227,51248932120565,187,14.834541320800781,-692.7619199002093,1.2837386240821296,20,-93064.00268257294,340282346638528860000000000000000000000,1604812540,,,,0,,3,61.47423553466797,,,,,,C,
Raw,1697800448999,138891000000,,,-1381835528108805008,0.0,29.253626754769964,,,0,8,0.0,16393,8790,185,14.966739654541016,-1227.4416356475367,1.2779536596257657,20,-51285.67005717041,340282346638528860000000000000000000000,1605374980,,,,0,,3,61.47423553466797,,,,,,C,
Raw,1697800448999,138891000000,,,-1381835528108805008,0.0,29.253626754769964,,,0,5,0.0,16392,472452867472798,1000000000,7.0,-969.3756823586427,299792458,20,-26217.800446610367,340282346638528860000000000000000000000,1561097980,,,,0,,5,61.906715393066406,,,,,,C,
Raw,1697800448999,138891000000,,,-1381835528108805008,0.0,29.253626754769964,,,0,9,0.0,16392,472452866389852,1000000000,7.237010955810547,-810.4982663301707,299792458,20,-21926.983572577497,340282346638528860000000000000000000000,1561097980,,,,0,,5,61.906715393066406,,,,,,C,
Raw,1697800448999,138891000000,,,-1381835528108805008,0.0,29.253626754769964,,,0,19,0.0,16392,472452926496216,1000000000,7.0,-1060.8063708653426,299792458,18,-12.697593709669885,340282346638528860000000000000000000000,1561097980,,,,0,,5,61.906715393066406,,,,,,C,
Raw,1697800448999,138891000000,,,-1381835528108805008,0.0,29.253626754769964,,,0,20,0.0,65583,472452922445620,21,24.425188064575195,-605.2113145738922,0.8507177521622267,20,703772.8258188557,340282346638528860000000000000000000000,1561097980,,,,0,,5,61.906715393066406,,,,,,C,
Raw,1697800448999,138891000000,,,-1381835528108805008,0.0,29.253626754769964,,,0,22,0.0,16392,472452918118099,1000000000,7.0,-1466.6230450964458,299792458,20,-11723.172721257975,340282346638528860000000000000000000000,1561097980,,,,1,,5,61.906715393066406,,,,,,C,
Raw,1697800448999,138891000000,,,-1381835528108805008,0.0,29.253626754769964,,,0,35,0.0,16392,472452915438111,1000000000,7.0,-515.9755362672613,299792458,20,-13966.868183881346,340282346638528860000000000000000000000,1561097980,,,,1,,5,61.906715393066406,,,,,,C,
Raw,1697800448999,138891000000,,,-1381835528108805008,0.0,29.253626754769964,,,0,36,0.0,65583,472452915796635,23,23.556503295898438,-1630.6578184459495,0.8921830545600993,20,-62302.724718532736,340282346638528860000000000000000000000,1561097980,,,,0,,5,61.906715393066406,,,,,,C,
Raw,1697800448999,138891000000,,,-1381835528108805008,0.0,29.253626754769964,,,0,37,0.0,16392,472452918770546,1000000000,7.0,-686.8437058197624,299792458,20,-18618.03195981797,340282346638528860000000000000000000000,1561097980,,,,0,,5,61.906715393066406,,,,,,C,
Raw,1697800448999,138891000000,,,-1381835528108805008,0.0,29.253626754769964,,,0,3,0.0,84010,472466917527407,1000000000,17.938608169555664,-1277.6584544285934,299792458,20,-2300.904840230956,340282346638528860000000000000000000000,1575420030,,,,0,,6,52.76594161987305,,,,,,C,
Raw,1697800448999,138891000000,,,-1381835528108805008,0.0,29.253626754769964,,,0,5,0.0,16392,472466921533113,1000000000,18.01038360595703,-860.8691378147105,299792458,18,-1.6136812229207016,340282346638528860000000000000000000000,1575420030,,,,0,,6,52.76594161987305,,,,,,C,
Raw,1697800448999,138891000000,,,-1381835528108805008,0.0,29.253626754769964,,,0,9,0.0,83976,472466910400735,1000000000,12.252689361572266,-550.0296702687012,299792458,20,-14901.052009941921,340282346638528860000000000000000000000,1575420030,,,,1,,6,52.76594161987305,,,,,,C,
Raw,1697800448999,138891000000,,,-1381835528108805008,0.0,29.253626754769964,,,0,13,0.0,16392,472466905930618,1000000000,7.0,-1460.525693624515,299792458,18,-1464.043507105627,340282346638528860000000000000000000000,1575420030,,,,0,,6,52.76594161987305,,,,,,C,
Raw,1697800448999,138891000000,,,-1381835528108805008,0.0,29.253626754769964,,,0,15,0.0,16392,472466916430794,1000000000,7.650539398193359,-1028.8844012615132,299792458,18,-8.104727321207546,340282346638528860000000000000000000000,1575420030,,,,0,,6,52.76594161987305,,,,,,C,
Raw,1697800448999,138891000000,,,-1381835528108805008,0.0,29.253626754769964,,,0,24,0.0,85034,472466911409064,32,28.07372283935547,-1381.4247092543228,0.006762905046343803,17,-184705.06331134142,0.0033814525231719017,1575420030,,,,0,,6,52.76594161987305,,,,,,C,
Raw,1697800448999,138891000000,,,-1381835528108805008,0.0,29.253626754769964,,,0,25,0.0,84010,472466905620346,1000000000,17.364334106445312,-1545.2829008142226,299792458,20,-5874.407208244039,340282346638528860000000000000000000000,1575420030,,,,0,,6,52.76594161987305,,,,,,C,
Raw,1697800448999,138891000000,,,-1381835528108805008,0.0,29.253626754769964,,,0,31,0.0,16392,472466910006545,1000000000,19.59255599975586,-955.9230641094373,299792458,18,-961.3641928405766,340282346638528860000000000000000000000,1575420030,,,,0,,6,52.76594161987305,,,,,,C,
Raw,1697800448999,138891000000,,,-1381835528108805008,0.0,29.253626754769964,,,0,34,0.0,16392,472466916043749,1000000000,16.76866340637207,-516.6700344838266,299792458,18,-4.156406765777525,340282346638528860000000000000000000000,1575420030,,,,0,,6,52.76594161987305,,,,,,C,
Raw,1697800448999,138891000000,,,-1381835528108805008,0.0,29.253626754769964,,,0,36,0.0,16392,472466905136423,1000000000,7.0,-355.52391973691374,299792458,18,-0.7326576546499337,340282346638528860000000000000000000000,1575420030,,,,0,,6,52.76594161987305,,,,,,C,
Raw,1697800448999,138891000000,,,-1381835528108805008,0.0,29.253626754769964,,,0,9,0.0,84011,472466910400649,21,25.297836303710938,-550.7782232613117,0.8129066615823612,20,-14896.935172660917,340282346638528860000000000000000000000,1176450050,,,,0,,6,8.485379219055176,,,,,,Q,
Raw,1697800448999,138891000000,,,-1381835528108805008,0.0,29.253626754769964,,,0,24,0.0,16392,472466911409027,1000000000,9.715240478515625,-1382.2780993008382,299792458,20,-397839.638178515,340282346638528860000000000000000000000,1176450050,,,,1,,6,8.485379219055176,,,,,,Q,
Raw,1697800448999,138891000000,,,-1381835528108805008,0.0,29.253626754769964,,,0,25,0.0,16392,472466905620038,1000000000,10.346321105957031,-1546.3672682509523,299792458,20,-77317.5814474444,340282346638528860000000000000000000000,1176450050,,,,0,,6,8.485379219055176,,,,,,Q,
Raw,1697800449999,139891000000,,,-1381835528108808283,0.0,29.275026116079,,,0,4,0.0,16392,472467920667953,1000000000,11.935426712036133,-415.67536560489134,299792458,20,-55726.691581339786,340282346638528860000000000000000000000,1575420030,,,,1,,1,52.840885162353516,,,,,,C,
Raw,1697800449999,139891000000,,,-1381835528108808283,0.0,29.275026116079,,,0,5,0.0,16392,472467918809141,1000000000,12.674711227416992,-1650.5405692725744,299792458,20,-65081.75389538358,340282346638528860000000000000000000000,1575420030,,,,1,,1,52.840885162353516,,,,,,C,
Raw,1697800449999,139891000000,,,-1381835528108808283,0.0,29.275026116079,,,0,6,0.0,16392,472467926178630,1000000000,9.868022918701172,-440.65119423954593,299792458,20,-10814.176960211293,340282346638528860000000000000000000000,1575420030,,,,1,,1,52.840885162353516,,,,,,C,
Raw,1697800449999,139891000000,,,-1381835528108808283,0.0,29.275026116079,,,0,7,0.0,16393,472467930047144,84,16.044233322143555,-1109.1129361232088,1.228967051373207,20,-50984.405556558326,340282346638528860000000000000000000000,1575420030,,,,0,,1,52.840885162353516,,,,,,C,
Raw,1697800449999,139891000000,,,-1381835528108808283,0.0,29.275026116079,,,0,9,0.0,12,472467928727334,1000000000,7.0,-598.5427411306391,299792458,20,-82600.933582203,340282346638528860000000000000000000000,1575420030,,,,0,,1,52.840885162353516,,,,,,C,
Raw,1697800449999,139891000000,,,-1381835528108808283,0.0,29.275026116079,,,0,11,0.0,16392,472467927667597,1000000000,9.100244522094727,-882.6211750517855,299792458,20,-28389.61812022905,340282346638528860000000000000000000000,1575420030,,,,1,,1,52.840885162353516,,,,,,C,
Raw,1697800449999,139891000000,,,-1381835528108808283,0.0,29.275026116079,,,0,13,0.0,16392,472467915917883,1000000000,7.0,-1612.389485419897,299792458,20,-10990.609883066545,340282346638528860000000000000000000000,1575420030,,,,0,,1,52.840885162353516,,,,,,C,
Raw,1697800449999,139891000000,,,-1381835528108808283,0.0,29.275026116079,,,0,16,0.0,16392,472467918133127,1000000000,7.0,-797.9607620386028,299792458,20,-24857.484153547535,340282346638528860000000000000000000000,1575420030,,,,1,,1,52.840885162353516,,,,,,C,
Raw,1697800449999,139891000000,,,-1381835528108808283,0.0,29.275026116079,,,0,20,0.0,16393,472467927983297,88,15.545668601989746,-1446.794144551127,1.2510157380515494,20,-44932.93392878167,340282346638528860000000000000000000000,1575420030,,,,0,,1,52.840885162353516,,,,,,C,
Raw,1697800449999,139891000000,,,-1381835528108808283,0.0,29.275026116079,,,0,29,0.0,16392,472467914022539,1000000000,7.0,-944.4127368925538,299792458,20,-10225.923776461224,340282346638528860000000000000000000000,1575420030,,,,0,,1,52.840885162353516,,,,,,C,
Raw,1697800449999,139891000000,,,-1381835528108808283,0.0,29.275026116079,,,0,30,0.0,16393,472467926815189,82,16.336694717407227,-1479.5802407576357,1.2152342178172386,20,-66282.04943507518,340282346638528860000000000000000000000,1575420030,,,,0,,1,52.840885162353516,,,,,,C,
Raw,1697800449999,139891000000,,,-1381835528108808283,0.0,29.275026116079,,,0,6,0.0,16392,472467926178640,1000000000,7.59979248046875,-443.2858362936722,299792458,20,-12872.805977241716,340282346638528860000000000000000000000,1176450050,,,,1,,1,9.172757148742676,,,,,,Q,
Raw,1697800449999,139891000000,,,-1381835528108808283,0.0,29.275026116079,,,0,9,0.0,16392,472467928727316,1000000000,18.575891494750977,-596.435763668399,299792458,20,-186851.82502233493,340282346638528860000000000000000000000,1176450050,,,,0,,1,9.172757148742676,,,,,,Q,
Raw,1697800449999,139891000000,,,-1381835528108808283,0.0,29.275026116079,,,0,30,0.0,16392,472467926815221,1000000000,12.206930160522461,-1479.7484717630323,299792458,20,-122391.41794198137,340282346638528860000000000000000000000,1176450050,,,,1,,1,9.172757148742676,,,,,,Q,
Raw,1697800449999,139891000000,,,-1381835528108808283,0.0,29.275026116079,,,0,10,0.0,16457,1929375416,105,21.91217041015625,-1620.513379756674,0.9649718652521799,20,-62073.242110099985,340282346638528860000000000000000000000,1598062460,,,,0,,3,63.966102600097656,,,,,,C,
Raw,1697800449999,139891000000,,,-1381835528108808283,0.0,29.275026116079,,,0,96,0.0,16392,51249920039417,1000000000,7.0,-386.85322950426803,299792458,20,-5361.225993404841,340282346638528860000000000000000000000,1599750020,,,,1,,3,63.966102600097656,,,,,,C,
Raw,1697800449999,139891000000,,,-1381835528108808283,0.0,29.275026116079,,,0,97,0.0,16392,51249920555793,1000000000,7.299415588378906,-168.8921198469933,299792458,20,-4223.236484596855,340282346638528860000000000000000000000,1600312450,,,,1,,3,63.966102600097656,,,,,,C,
Raw,1697800449999,139891000000,,,-1381835528108808283,0.0,29.275026116079,,,0,9,0.0,227,51249931501327,75,26.154102325439453,-996.7573287025152,0.008301435969769955,17,-137417.17490505896,0.004150717984884977,1600875010,,,,0,,3,63.966102600097656,,,,,,C,
Raw,1697800449999,139891000000,,,-1381835528108808283,0.0,29.275026116079,,,0,16,0.0,16392,51249922206993,1000000000,7.0,-338.2206655497612,299792458,20,-3330.1236058724658,340282346638528860000000000000000000000,1601437440,,,,1,,3,63.966102600097656,,,,,,C,
Raw,1697800449999,139891000000,,,-1381835528108808283,0.0,29.275026116079,,,0,101,0.0,227,51249921137711,121,20.2176513671875,-1584.154078808314,1.0396907281794605,20,-75179.55137918913,340282346638528860000000000000000000000,1602562560,,,,0,,3,63.966102600097656,,,,,,C,
Raw,1697800449999,139891000000,,,-1381835528108808283,0.0,29.275026116079,,,0,24,0.0,16392,51249925627807,1000000000,7.426090240478516,-1212.0636312644447,299792458,20,-37670.5360476609,340282346638528860000000000000000000000,1603124990,,,,1,,3,63.966102600097656,,,,,,C,
Raw,1697800449999,139891000000,,,-1381835528108808283,0.0,29.275026116079,,,0,23,0.0,16392,51249928104111,1000000000,7.708797454833984,-509.342476743705,299792458,20,-15881.648591540292,340282346638528860000000000000000000000,1603687550,,,,1,,3,63.966102600097656,,,,,,C,
Raw,1697800449999,139891000000,,,-1381835528108808283,0.0,29.275026116079,,,0,7,0.0,227,51249932123189,202,13.864086151123047,-690.7835014639732,1.3273793457752472,20,-93756.47910690663,340282346638528860000000000000000000000,1604812540,,,,0,,3,63.966102600097656,,,,,,C,
Raw,1697800449999,139891000000,,,-1381835528108808283,0.0,29.275026116079,,,0,8,0.0,16393,12878,172,15.844402313232422,-1227.2361865996172,1.2384867075107344,20,-52513.066907775996,340282346638528860000000000000000000000,1605374980,,,,0,,3,63.966102600097656,,,,,,C,
Raw,1697800449999,139891000000,,,-1381835528108808283,0.0,29.275026116079,,,0,5,0.0,16392,472453867476036,1000000000,7.0,-969.3756823586427,299792458,20,-27187.55042189227,340282346638528860000000000000000000000,1561097980,,,,0,,5,61.833412170410156,,,,,,C,
Raw,1697800449999,139891000000,,,-1381835528108808283,0.0,29.275026116079,,,0,9,0.0,16392,472453866392526,1000000000,7.0,-810.4982663301707,299792458,20,-22737.682668420366,340282346638528860000000000000000000000,1561097980,,,,0,,5,61.833412170410156,,,,,,C,
Raw,1697800449999,139891000000,,,-1381835528108808283,0.0,29.275026116079,,,0,19,0.0,16392,472453926499755,1000000000,7.0,-1060.4316683383308,299792458,18,-12.653883178330954,340282346638528860000000000000000000000,1561097980,,,,0,,5,61.833412170410156,,,,,,C,
Raw,1697800449999,139891000000,,,-1381835528108808283,0.0,29.275026116079,,,0,20,0.0,65583,472453922447641,21,24.46930694580078,-604.9650347430584,0.8487341798195183,20,703167.8206636059,340282346638528860000000000000000000000,1561097980,,,,0,,5,61.833412170410156,,,,,,C,
Raw,1697800449999,139891000000,,,-1381835528108808283,0.0,29.275026116079,,,0,22,0.0,16392,472453918122986,1000000000,7.0,-1465.1181001462246,299792458,20,-13187.813678737743,340282346638528860000000000000000000000,1561097980,,,,1,,5,61.833412170410156,,,,,,C,
Raw,1697800449999,139891000000,,,-1381835528108808283,0.0,29.275026116079,,,0,35,0.0,16392,472453915439828,1000000000,7.0,-515.6008337402495,299792458,20,-14482.46338534414,340282346638528860000000000000000000000,1561097980,,,,0,,5,61.833412170410156,,,,,,C,
Raw,1697800449999,139891000000,,,-1381835528108808283,0.0,29.275026116079,,,0,36,0.0,65583,472453915802030,24,22.901063919067383,-1630.757066559344,0.9216584549628175,20,-63933.18875152377,340282346638528860000000000000000000000,1561097980,,,,0,,5,61.833412170410156,,,,,,C,
Raw,1697800449999,139891000000,,,-1381835528108808283,0.0,29.275026116079,,,0,37,0.0,16392,472453918772843,1000000000,7.0,-687.2184083467741,299792458,20,-19305.33196809663,340282346638528860000000000000000000000,1561097980,,,,0,,5,61.833412170410156,,,,,,C,
Raw,1697800449999,139891000000,,,-1381835528108808283,0.0,29.275026116079,,,0,3,0.0,84010,472467917531722,1000000000,17.212936401367188,-1278.5385997858384,299792458,20,-3576.024124941145,340282346638528860000000000000000000000,1575420030,,,,0,,6,52.840885162353516,,,,,,C,
Raw,1697800449999,139891000000,,,-1381835528108808283,0.0,29.275026116079,,,0,5,0.0,16392,472467921535988,1000000000,7.0,-860.8691378147105,299792458,18,-1.5800206528036496,340282346638528860000000000000000000000,1575420030,,,,0,,6,52.840885162353516,,,,,,C,
Raw,1697800449999,139891000000,,,-1381835528108808283,0.0,29.275026116079,,,0,9,0.0,83976,472467910402576,1000000000,12.016791343688965,-550.4472485260187,299792458,20,-15451.467587801486,340282346638528860000000000000000000000,1575420030,,,,1,,6,52.840885162353516,,,,,,C,
Raw,1697800449999,139891000000,,,-1381835528108808283,0.0,29.275026116079,,,0,13,0.0,16392,472467905935498,1000000000,15.671642303466797,-1460.525693624515,299792458,18,-1463.9863995538904,340282346638528860000000000000000000000,1575420030,,,,0,,6,52.840885162353516,,,,,,C,
Raw,1697800449999,139891000000,,,-1381835528108808283,0.0,29.275026116079,,,0,15,0.0,16392,472467916434223,1000000000,7.0,-1028.8844012615132,299792458,18,-8.06449723716565,340282346638528860000000000000000000000,1575420030,,,,0,,6,52.840885162353516,,,,,,C,
Raw,1697800449999,139891000000,,,-1381835528108808283,0.0,29.275026116079,,,0,24,0.0,85034,472467911413662,32,27.921228408813477,-1381.4409737321257,0.006882688030600548,17,-186086.50428507355,0.003441344015300274,1575420030,,,,0,,6,52.840885162353516,,,,,,C,
Raw,1697800449999,139891000000,,,-1381835528108808283,0.0,29.275026116079,,,0,25,0.0,16392,472467905625482,1000000000,12.156089782714844,-1545.7400147211065,299792458,18,-1548.5578449134707,340282346638528860000000000000000000000,1575420030,,,,0,,6,52.840885162353516,,,,,,C,
Raw,1697800449999,139891000000,,,-1381835528108808283,0.0,29.275026116079,,,0,31,0.0,84010,472467910009710,1000000000,17.957935333251953,-955.9232004392634,299792458,20,-1726.0333021760255,340282346638528860000000000000000000000,1575420030,,,,0,,6,52.840885162353516,,,,,,C,
Raw,1697800449999,139891000000,,,-1381835528108808283,0.0,29.275026116079,,,0,34,0.0,16392,472467916045470,1000000000,9.039759635925293,-516.4843873431469,299792458,18,-4.135470456635657,340282346638528860000000000000000000000,1575420030,,,,0,,6,52.840885162353516,,,,,,C,
Raw,1697800449999,139891000000,,,-1381835528108808283,0.0,29.275026116079,,,0,36,0.0,16392,472467905137603,1000000000,7.0,-355.52391973691374,299792458,18,-0.7187564270411823,340282346638528860000000000000000000000,1575420030,,,,0,,6,52.840885162353516,,,,,,C,
Raw,1697800449999,139891000000,,,-1381835528108808283,0.0,29.275026116079,,,0,9,0.0,84011,472467910402488,24,24.89080810546875,-550.913711484176,0.013064773753285408,17,-15447.848884145093,0.006532386876642704,1176450050,,,,0,,6,9.172757148742676,,,,,,Q,
Raw,1697800449999,139891000000,,,-1381835528108808283,0.0,29.275026116079,,,0,24,0.0,16392,472467911413635,1000000000,12.42022705078125,-1381.7779051689095,299792458,20,-399219.6909834299,340282346638528860000000000000000000000,1176450050,,,,1,,6,9.172757148742676,,,,,,Q,
Raw,1697800449999,139891000000,,,-1381835528108808283,0.0,29.275026116079,,,0,31,0.0,16392,472467910009632,1000000000,13.084394454956055,-957.1555539022152,299792458,22,-51814.6100311558,340282346638528860000000000000000000000,1176450050,,,,0,,6,9.172757148742676,,,,,,Q,
Raw,1697800450999,140891000000,,,-1381835528108811558,0.0,29.329063718361816,,,0,4,0.0,16392,472468920669341,1000000000,12.774049758911133,-415.8610127455711,299792458,20,-56142.64274353126,340282346638528860000000000000000000000,1575420030,,,,1,,1,49.046180725097656,,,,,,C,
Raw,1697800450999,140891000000,,,-1381835528108811558,0.0,29.329063718361816,,,0,5,0.0,16392,472468918814641,1000000000,13.053964614868164,-1648.542110351903,299792458,20,-66730.04077670256,340282346638528860000000000000000000000,1575420030,,,,1,,1,49.046180725097656,,,,,,C,
Raw,1697800450999,140891000000,,,-1381835528108811558,0.0,29.329063718361816,,,0,6,0.0,16392,472468926180102,1000000000,10.371726989746094,-443.1048584495361,299792458,20,-11256.780859755916,340282346638528860000000000000000000000,1575420030,,,,1,,1,49.046180725097656,,,,,,C,
Raw,1697800450999,140891000000,,,-1381835528108811558,0.0,29.329063718361816,,,0,7,0.0,16393,472468930050872,86,15.754972457885742,-1109.0065306939446,1.2419754995934698,20,-52092.73248052995,340282346638528860000000000000000000000,1575420030,,,,0,,1,49.046180725097656,,,,,,C,
Raw,1697800450999,140891000000,,,-1381835528108811558,0.0,29.329063718361816,,,0,9,0.0,12,472468928729277,1000000000,10.601350784301758,-598.5427411306391,299792458,20,-83199.86835498379,340282346638528860000000000000000000000,1575420030,,,,1,,1,49.046180725097656,,,,,,C,
Raw,1697800450999,140891000000,,,-1381835528108811558,0.0,29.329063718361816,,,0,11,0.0,16392,472468927670596,1000000000,10.172698974609375,-882.8825874933154,299792458,20,-29273.246860107818,340282346638528860000000000000000000000,1575420030,,,,1,,1,49.046180725097656,,,,,,C,
Raw,1697800450999,140891000000,,,-1381835528108811558,0.0,29.329063718361816,,,0,13,0.0,16392,472468915923262,1000000000,7.0,-1612.389485419897,299792458,20,-12603.582257947497,340282346638528860000000000000000000000,1575420030,,,,0,,1,49.046180725097656,,,,,,C,
Raw,1697800450999,140891000000,,,-1381835528108811558,0.0,29.329063718361816,,,0,16,0.0,16392,472468918135794,1000000000,7.0,-798.2818869439607,299792458,20,-25656.1558436329,340282346638528860000000000000000000000,1575420030,,,,1,,1,49.046180725097656,,,,,,C,
Raw,1697800450999,140891000000,,,-1381835528108811558,0.0,29.329063718361816,,,0,20,0.0,16393,472468927988337,73,17.8914794921875,-1447.140967628703,1.1455282718253228,20,-46379.69301446886,340282346638528860000000000000000000000,1575420030,,,,0,,1,49.046180725097656,,,,,,C,
Raw,1697800450999,140891000000,,,-1381835528108811558,0.0,29.329063718361816,,,0,29,0.0,16392,472468914025691,1000000000,7.0,-944.2271238343305,299792458,20,-11170.511954413654,340282346638528860000000000000000000000,1575420030,,,,0,,1,49.046180725097656,,,,,,C,
Raw,1697800450999,140891000000,,,-1381835528108811558,0.0,29.329063718361816,,,0,30,0.0,16393,472468926820145,74,17.670635223388672,-1479.5333432974603,1.155249360606284,20,-67761.57748195781,340282346638528860000000000000000000000,1575420030,,,,1,,1,49.046180725097656,,,,,,C,
Raw,1697800450999,140891000000,,,-1381835528108811558,0.0,29.329063718361816,,,0,6,0.0,16392,472468926180033,1000000000,7.0,-443.81932898562377,299792458,20,-13317.051242642698,340282346638528860000000000000000000000,1176450050,,,,1,,1,7.28163480758667,,,,,,Q,
Raw,1697800450999,140891000000,,,-1381835528108811558,0.0,29.329063718361816,,,0,9,0.0,16392,472468928729303,1000000000,16.83032989501953,-596.5095181043143,299792458,20,-187450.86336771015,340282346638528860000000000000000000000,1176450050,,,,0,,1,7.28163480758667,,,,,,Q,
Raw,1697800450999,140891000000,,,-1381835528108811558,0.0,29.329063718361816,,,0,30,0.0,16392,472468926820165,1000000000,13.630317687988281,-1479.9143851613853,299792458,20,-123870.94473329635,340282346638528860000000000000000000000,1176450050,,,,1,,1,7.28163480758667,,,,,,Q,
Raw,1697800450999,140891000000,,,-1381835528108811558,0.0,29.329063718361816,,,0,10,0.0,16457,929380828,107,21.77351188659668,-1620.165057051011,0.9712080228536837,20,-63693.371516116735,340282346638528860000000000000000000000,1598062460,,,,0,,3,61.51556396484375,,,,,,C,
Raw,1697800450999,140891000000,,,-1381835528108811558,0.0,29.329063718361816,,,0,96,0.0,16392,51250920040718,1000000000,7.0,-386.85322950426803,299792458,20,-5748.245237002122,340282346638528860000000000000000000000,1599750020,,,,1,,3,61.51556396484375,,,,,,C,
Raw,1697800450999,140891000000,,,-1381835528108811558,0.0,29.329063718361816,,,0,97,0.0,16392,51250920556361,1000000000,7.0,-168.8008129459687,299792458,20,-4392.967593942846,340282346638528860000000000000000000000,1600312450,,,,1,,3,61.51556396484375,,,,,,C,
Raw,1697800450999,140891000000,,,-1381835528108811558,0.0,29.329063718361816,,,0,9,0.0,227,51250931504685,77,25.813756942749023,-996.6613472367612,0.7899048643327422,20,-138413.9227403403,340282346638528860000000000000000000000,1600875010,,,,0,,3,61.51556396484375,,,,,,C,
Raw,1697800450999,140891000000,,,-1381835528108811558,0.0,29.329063718361816,,,0,16,0.0,16392,51250922208126,1000000000,7.0,-339.826630901116,299792458,20,-3669.1497928465183,340282346638528860000000000000000000000,1601437440,,,,1,,3,61.51556396484375,,,,,,C,
Raw,1697800450999,140891000000,,,-1381835528108811558,0.0,29.329063718361816,,,0,101,0.0,227,51250921143051,124,19.868995666503906,-1583.1206987265423,1.0553702557951028,20,-76764.51742031176,340282346638528860000000000000000000000,1602562560,,,,0,,3,61.51556396484375,,,,,,C,
Raw,1697800450999,140891000000,,,-1381835528108811558,0.0,29.329063718361816,,,0,24,0.0,16392,51250925631998,1000000000,7.451229095458984,-1211.8814946167868,299792458,20,-38883.628105185984,340282346638528860000000000000000000000,1603124990,,,,1,,3,61.51556396484375,,,,,,C,
Raw,1697800450999,140891000000,,,-1381835528108811558,0.0,29.329063718361816,,,0,23,0.0,16392,51250928105810,1000000000,8.487070083618164,-509.16030601359057,299792458,20,-16390.936930083186,340282346638528860000000000000000000000,1603687550,,,,1,,3,61.51556396484375,,,,,,C,
Raw,1697800450999,140891000000,,,-1381835528108811558,0.0,29.329063718361816,,,0,7,0.0,227,51250932125223,182,15.162362098693848,-692.3570203167183,1.2689976953668225,20,-94447.39550019665,340282346638528860000000000000000000000,1604812540,,,,1,,3,61.51556396484375,,,,,,C,
Raw,1697800450999,140891000000,,,-1381835528108811558,0.0,29.329063718361816,,,0,8,0.0,16393,16879,181,15.252016067504883,-1227.7054338610233,1.265126407590376,20,-53739.75097399092,340282346638528860000000000000000000000,1605374980,,,,1,,3,61.51556396484375,,,,,,C,
Raw,1697800450999,140891000000,,,-1381835528108811558,0.0,29.329063718361816,,,0,5,0.0,16392,472454867479273,1000000000,7.0,-969.7503848856545,299792458,20,-28157.600534090714,340282346638528860000000000000000000000,1561097980,,,,0,,5,61.96491241455078,,,,,,C,
Raw,1697800450999,140891000000,,,-1381835528108811558,0.0,29.329063718361816,,,0,9,0.0,16392,472454866395215,1000000000,12.244903564453125,-810.4982663301707,299792458,20,-23548.64116506021,340282346638528860000000000000000000000,1561097980,,,,1,,5,61.96491241455078,,,,,,C,
Raw,1697800450999,140891000000,,,-1381835528108811558,0.0,29.329063718361816,,,0,19,0.0,16392,472454926503290,1000000000,11.84101676940918,-1061.1811415572674,299792458,18,-12.683243474558097,340282346638528860000000000000000000000,1561097980,,,,0,,5,61.96491241455078,,,,,,C,
Raw,1697800450999,140891000000,,,-1381835528108811558,0.0,29.329063718361816,,,0,20,0.0,65583,472454922449662,21,24.661144256591797,-605.090116726933,0.010109469294548033,17,702562.730546879,0.10107447780241226,1561097980,,,,0,,5,61.96491241455078,,,,,,C,
Raw,1697800450999,140891000000,,,-1381835528108811558,0.0,29.329063718361816,,,0,22,0.0,16392,472454918127872,1000000000,7.0,-1465.1185091357029,299792458,20,-14653.51783565326,340282346638528860000000000000000000000,1561097980,,,,1,,5,61.96491241455078,,,,,,C,
Raw,1697800450999,140891000000,,,-1381835528108811558,0.0,29.329063718361816,,,0,35,0.0,16392,472454915441547,1000000000,7.0,-515.6008337402495,299792458,20,-14998.802372416936,340282346638528860000000000000000000000,1561097980,,,,1,,5,61.96491241455078,,,,,,C,
Raw,1697800450999,140891000000,,,-1381835528108811558,0.0,29.329063718361816,,,0,36,0.0,65583,472454915807494,26,21.90761947631836,-1630.8594502587384,0.9663334993306449,20,-65563.83389908882,340282346638528860000000000000000000000,1561097980,,,,0,,5,61.96491241455078,,,,,,C,
Raw,1697800450999,140891000000,,,-1381835528108811558,0.0,29.329063718361816,,,0,37,0.0,16392,472454918775137,1000000000,7.0,-687.2184083467741,299792458,20,-19992.84337744899,340282346638528860000000000000000000000,1561097980,,,,0,,5,61.96491241455078,,,,,,C,
Raw,1697800450999,140891000000,,,-1381835528108811558,0.0,29.329063718361816,,,0,3,0.0,16392,472468917535963,1000000000,7.0,-1277.8439993219035,299792458,18,-2.387207127069236,340282346638528860000000000000000000000,1575420030,,,,0,,6,49.046180725097656,,,,,,C,
Raw,1697800450999,140891000000,,,-1381835528108811558,0.0,29.329063718361816,,,0,5,0.0,16392,472468921538858,1000000000,10.090649604797363,-861.4261814841193,299792458,18,-1.6007599386296705,340282346638528860000000000000000000000,1575420030,,,,0,,6,49.046180725097656,,,,,,C,
Raw,1697800450999,140891000000,,,-1381835528108811558,0.0,29.329063718361816,,,0,9,0.0,83976,472468910404418,1000000000,12.430987358093262,-550.5786363959141,299792458,20,-16002.009031390478,340282346638528860000000000000000000000,1575420030,,,,1,,6,49.046180725097656,,,,,,C,
Raw,1697800450999,140891000000,,,-1381835528108811558,0.0,29.329063718361816,,,0,13,0.0,84010,472468905940391,1000000000,9.401512145996094,-1458.6995556040229,299792458,20,-2632.723129410976,340282346638528860000000000000000000000,1575420030,,,,0,,6,49.046180725097656,,,,,,C,
Raw,1697800450999,140891000000,,,-1381835528108811558,0.0,29.329063718361816,,,0,15,0.0,16392,472468916437653,1000000000,19.879470825195312,-1029.441376766009,299792458,18,-8.090850340291627,340282346638528860000000000000000000000,1575420030,,,,0,,6,49.046180725097656,,,,,,C,
Raw,1697800450999,140891000000,,,-1381835528108811558,0.0,29.329063718361816,,,0,24,0.0,85034,472468911418270,31,28.201231002807617,-1381.5379539890273,0.0066643510945141315,17,-187468.04223906258,0.0033321755472570658,1575420030,,,,0,,6,49.046180725097656,,,,,,C,
Raw,1697800450999,140891000000,,,-1381835528108811558,0.0,29.329063718361816,,,0,25,0.0,16392,472468905630643,1000000000,17.643709182739258,-1546.4826032838255,299792458,18,-1548.5948323350008,340282346638528860000000000000000000000,1575420030,,,,0,,6,49.046180725097656,,,,,,C,
Raw,1697800450999,140891000000,,,-1381835528108811558,0.0,29.329063718361816,,,0,31,0.0,84010,472468910013264,1000000000,17.499860763549805,-955.9232004392634,299792458,20,-2682.0662092816015,340282346638528860000000000000000000000,1575420030,,,,0,,6,49.046180725097656,,,,,,C,
Raw,1697800450999,140891000000,,,-1381835528108811558,0.0,29.329063718361816,,,0,34,0.0,16392,472468916047186,1000000000,7.0,-517.0413287651861,299792458,18,-4.149802687601561,340282346638528860000000000000000000000,1575420030,,,,0,,6,49.046180725097656,,,,,,C,
Raw,1697800450999,140891000000,,,-1381835528108811558,0.0,29.329063718361816,,,0,36,0.0,16392,472468905138792,1000000000,12.251720428466797,-356.0808952414095,299792458,18,-0.7276400181343773,340282346638528860000000000000000000000,1575420030,,,,0,,6,49.046180725097656,,,,,,C,
Raw,1697800450999,140891000000,,,-1381835528108811558,0.0,29.329063718361816,,,0,9,0.0,84011,472468910404318,26,25.013357162475586,-551.0409247062562,0.012881739996373653,17,-15998.889808851349,0.006440869998186827,1176450050,,,,0,,6,7.28163480758667,,,,,,Q,
Raw,1697800450999,140891000000,,,-1381835528108811558,0.0,29.329063718361816,,,0,13,0.0,16392,472468905940214,1000000000,7.0,-1459.352848130652,299792458,20,-42390.865237673745,340282346638528860000000000000000000000,1176450050,,,,0,,6,7.28163480758667,,,,,,Q,
Raw,1697800450999,140891000000,,,-1381835528108811558,0.0,29.329063718361816,,,0,24,0.0,16392,472468911418233,1000000000,14.639225006103516,-1380.6271451068733,299792458,20,-400599.89217211213,340282346638528860000000000000000000000,1176450050,,,,1,,6,7.28163480758667,,,,,,Q,
Raw,1697800450999,140891000000,,,-1381835528108811558,0.0,29.329063718361816,,,0,31,0.0,16392,472468910012846,1000000000,13.958017349243164,-958.251986528554,299792458,20,-52775.12721132567,340282346638528860000000000000000000000,1176450050,,,,0,,6,7.28163480758667,,,,,,Q,
